datetime_et,ts,price,valid_bar,partial_session,label,label_quality,setup_type,score_buy,score_sell,realized_pts,tp_pts,sl_pts,hl_mode,schema
2026-03-25 09:27:00-04:00,1774445220000,24444.25,False,True,0,0,BN_LONG_UP,7,5,9.0,9.0,5.0,False,3.7.0
2026-03-25 09:28:00-04:00,1774445280000,24442.0,False,True,0,0,BN_LONG_DN,6,5,9.0,9.0,5.0,False,3.7.0
2026-03-25 09:28:59-04:00,1774445339000,24430.5,False,True,0,0,BN_LONG_DN,5,6,9.0,9.0,5.0,False,3.7.0
2026-03-25 09:30:00-04:00,1774445400000,24426.0,False,True,0,0,CONFLUENCE_BUY,8,4,9.0,9.0,5.0,False,3.7.0
2026-03-25 09:31:00-04:00,1774445460000,24413.75,False,True,0,0,CONFLUENCE_BUY,6,5,9.0,9.0,5.0,False,3.7.0
2026-03-25 09:31:59-04:00,1774445519000,24424.25,False,True,0,0,CONFLUENCE_BUY,7,6,9.0,9.0,5.0,False,3.7.0
2026-03-25 09:33:00-04:00,1774445580000,24428.5,False,True,0,0,CONFLUENCE_BUY,5,4,9.0,9.0,5.0,False,3.7.0
2026-03-25 09:34:00-04:00,1774445640000,24437.0,False,True,0,0,CONFLUENCE_BUY,5,4,9.0,9.0,5.0,False,3.7.0
2026-03-25 09:34:59-04:00,1774445699000,24440.5,False,True,0,0,CONFLUENCE_SELL,4,6,9.0,9.0,5.0,False,3.7.0
2026-03-25 09:36:00-04:00,1774445760000,24439.25,False,True,0,0,BN_LONG_UP,7,5,9.0,9.0,5.0,False,3.7.0
2026-03-25 09:37:00-04:00,1774445820000,24445.25,False,True,0,0,BN_LONG_DN,6,7,9.0,9.0,5.0,False,3.7.0
2026-03-25 09:38:00-04:00,1774445880000,24450.0,False,True,0,0,BN_LONG_UP,8,6,9.0,9.0,5.0,False,3.7.0
2026-03-25 09:38:59-04:00,1774445939000,24456.25,False,True,0,0,BN_LONG_DN,4,8,-28.5,9.0,5.0,False,3.7.0
2026-03-25 09:40:00-04:00,1774446000000,24458.5,False,True,0,0,BN_LONG_DN,6,6,9.0,9.0,5.0,False,3.7.0
2026-03-25 09:41:00-04:00,1774446060000,24455.5,False,True,0,0,BN_LONG_DN,4,7,-33.75,9.0,5.0,False,3.7.0
2026-03-25 09:41:59-04:00,1774446119000,24449.5,False,True,0,0,BN_LONG_DN,7,8,9.0,9.0,5.0,False,3.7.0
2026-03-25 09:43:00-04:00,1774446180000,24474.25,False,True,0,0,RVOL_SPIKE_BUY,9,6,9.0,9.0,5.0,False,3.7.0
2026-03-25 09:44:00-04:00,1774446240000,24468.75,False,True,0,0,BN_LONG_UP,7,4,9.0,9.0,5.0,False,3.7.0
2026-03-25 09:44:59-04:00,1774446299000,24453.5,False,True,0,0,BN_LONG_DN,6,7,-16.25,9.0,5.0,False,3.7.0
2026-03-25 09:46:00-04:00,1774446360000,24460.25,False,True,0,0,BN_LONG_UP,6,5,9.0,9.0,5.0,False,3.7.0
2026-03-25 09:47:00-04:00,1774446420000,24448.0,False,True,0,0,BN_LONG_DN,7,8,9.0,9.0,5.0,False,3.7.0
2026-03-25 09:47:59-04:00,1774446479000,24441.0,False,True,0,0,BN_LONG_UP,8,4,9.0,9.0,5.0,False,3.7.0
2026-03-25 09:49:00-04:00,1774446540000,24434.5,False,True,0,0,BN_LONG_UP,8,4,9.0,9.0,5.0,False,3.7.0
2026-03-25 09:50:00-04:00,1774446600000,24431.25,False,True,0,0,BN_LONG_DN,6,6,9.0,9.0,5.0,False,3.7.0
2026-03-25 09:50:59-04:00,1774446659000,24431.25,False,True,0,0,CONFLUENCE_BUY,6,4,9.0,9.0,5.0,False,3.7.0
2026-03-25 09:52:00-04:00,1774446720000,24420.0,False,True,0,0,RVOL_SPIKE_BUY,7,9,9.0,9.0,5.0,False,3.7.0
2026-03-25 09:53:00-04:00,1774446780000,24418.0,False,True,0,0,CONFLUENCE_BUY,6,5,9.0,9.0,5.0,False,3.7.0
2026-03-25 09:54:00-04:00,1774446840000,24407.75,False,True,0,0,BN_LONG_UP,7,5,9.0,9.0,5.0,False,3.7.0
2026-03-25 09:54:59-04:00,1774446899000,24415.75,False,True,0,0,BN_LONG_UP,7,6,9.0,9.0,5.0,False,3.7.0
2026-03-25 09:56:00-04:00,1774446960000,24423.0,False,True,0,0,BN_LONG_UP,6,6,9.0,9.0,5.0,False,3.7.0
2026-03-25 09:57:00-04:00,1774447020000,24431.75,False,True,0,0,NONE,6,6,9.0,9.0,5.0,False,3.7.0
2026-03-25 09:57:59-04:00,1774447079000,24432.0,False,True,0,0,BN_LONG_DN,5,6,9.0,9.0,5.0,False,3.7.0
2026-03-25 09:59:00-04:00,1774447140000,24427.75,False,True,0,0,BN_LONG_UP,7,5,9.0,9.0,5.0,False,3.7.0
2026-03-25 10:00:00-04:00,1774447200000,24421.75,False,True,0,0,BN_LONG_DN,4,8,20.5,9.0,5.0,False,3.7.0
2026-03-25 10:00:59-04:00,1774447259000,24421.75,False,True,0,0,NONE,5,5,23.75,9.0,5.0,False,3.7.0
2026-03-25 10:02:00-04:00,1774447320000,24423.25,False,True,0,0,BN_LONG_DN,4,7,21.5,9.0,5.0,False,3.7.0
2026-03-25 10:03:00-04:00,1774447380000,24415.0,False,True,0,0,NONE,5,5,9.0,9.0,5.0,False,3.7.0
2026-03-25 10:03:59-04:00,1774447439000,24421.75,False,True,0,0,BN_LONG_DN,5,8,9.0,9.0,5.0,False,3.7.0
2026-03-25 10:05:00-04:00,1774447500000,24437.25,False,True,0,0,BN_LONG_UP,8,5,9.0,9.0,5.0,False,3.7.0
2026-03-25 10:06:00-04:00,1774447560000,24432.0,False,True,0,0,BN_LONG_UP,5,6,9.0,9.0,5.0,False,3.7.0
2026-03-25 10:06:59-04:00,1774447619000,24422.25,False,True,0,0,CONFLUENCE_BUY,6,5,9.0,9.0,5.0,False,3.7.0
2026-03-25 10:08:00-04:00,1774447680000,24412.25,False,True,0,0,NONE,6,6,9.0,9.0,5.0,False,3.7.0
2026-03-25 10:09:00-04:00,1774447740000,24419.25,False,True,0,0,CONFLUENCE_SELL,5,6,9.0,9.0,5.0,False,3.7.0
2026-03-25 10:10:00-04:00,1774447800000,24422.25,False,True,0,0,BN_LONG_UP,7,6,9.0,9.0,5.0,False,3.7.0
2026-03-25 10:10:59-04:00,1774447859000,24431.0,False,True,0,0,CONFLUENCE_SELL,4,5,9.0,9.0,5.0,False,3.7.0
2026-03-25 10:12:00-04:00,1774447920000,24431.5,False,True,0,0,BN_LONG_UP,6,5,9.0,9.0,5.0,False,3.7.0
2026-03-25 10:13:00-04:00,1774447980000,24427.25,False,True,0,0,BN_LONG_DN,6,8,9.0,9.0,5.0,False,3.7.0
2026-03-25 10:13:59-04:00,1774448039000,24429.75,False,True,0,0,CONFLUENCE_BUY,5,4,9.0,9.0,5.0,False,3.7.0
2026-03-25 10:15:00-04:00,1774448100000,24429.5,False,True,0,0,BN_LONG_UP,5,4,9.0,9.0,5.0,False,3.7.0
2026-03-25 10:16:00-04:00,1774448160000,24438.0,False,True,0,0,NONE,6,6,-27.75,9.0,5.0,False,3.7.0
2026-03-25 10:16:59-04:00,1774448219000,24446.25,False,True,0,0,BN_LONG_DN,6,8,9.0,9.0,5.0,False,3.7.0
2026-03-25 10:18:00-04:00,1774448280000,24440.5,False,True,0,0,BN_LONG_UP,8,5,9.0,9.0,5.0,False,3.7.0
2026-03-25 10:19:00-04:00,1774448340000,24430.75,False,True,0,0,BN_LONG_UP,6,6,9.0,9.0,5.0,False,3.7.0
2026-03-25 10:19:59-04:00,1774448399000,24442.25,False,True,0,0,CONFLUENCE_BUY,7,4,9.0,9.0,5.0,False,3.7.0
2026-03-25 10:21:00-04:00,1774448460000,24445.5,False,True,0,0,BN_LONG_UP,6,6,9.0,9.0,5.0,False,3.7.0
2026-03-25 10:22:00-04:00,1774448520000,24444.75,False,True,0,0,BN_LONG_UP,6,5,9.0,9.0,5.0,False,3.7.0
2026-03-25 10:23:00-04:00,1774448580000,24437.5,False,True,0,0,BN_LONG_DN,5,7,9.0,9.0,5.0,False,3.7.0
2026-03-25 10:23:59-04:00,1774448639000,24441.0,False,True,0,0,BN_LONG_DN,6,5,9.0,9.0,5.0,False,3.7.0
2026-03-25 10:25:00-04:00,1774448700000,24439.0,False,True,0,0,CONFLUENCE_BUY,6,5,9.0,9.0,5.0,False,3.7.0
2026-03-25 10:26:00-04:00,1774448760000,24427.0,False,True,0,0,CONFLUENCE_BUY,7,6,9.0,9.0,5.0,False,3.7.0
2026-03-25 10:26:59-04:00,1774448819000,24425.25,False,True,0,0,CONFLUENCE_SELL,6,7,9.0,9.0,5.0,False,3.7.0
2026-03-25 10:28:00-04:00,1774448880000,24419.0,False,True,0,0,BN_LONG_DN,6,7,9.0,9.0,5.0,False,3.7.0
2026-03-25 10:29:00-04:00,1774448940000,24413.0,False,True,0,0,BN_LONG_UP,6,6,-21.25,9.0,5.0,False,3.7.0
2026-03-25 10:29:59-04:00,1774448999000,24416.75,False,True,0,0,BN_LONG_DN,4,8,9.0,9.0,5.0,False,3.7.0
2026-03-25 10:31:00-04:00,1774449060000,24409.0,False,True,0,0,BN_LONG_DN,5,8,9.0,9.0,5.0,False,3.7.0
2026-03-25 10:32:00-04:00,1774449120000,24415.75,False,True,0,0,BN_LONG_UP,6,6,9.0,9.0,5.0,False,3.7.0
2026-03-25 10:32:59-04:00,1774449179000,24418.0,False,True,0,0,CONFLUENCE_SELL,5,6,9.0,9.0,5.0,False,3.7.0
2026-03-25 10:34:00-04:00,1774449240000,24418.0,False,True,0,0,BN_LONG_UP,5,5,9.0,9.0,5.0,False,3.7.0
2026-03-25 10:35:00-04:00,1774449300000,24417.5,False,True,0,0,BN_LONG_DN,6,6,9.0,9.0,5.0,False,3.7.0
2026-03-25 10:35:59-04:00,1774449359000,24410.25,False,True,0,0,CONFLUENCE_BUY,7,5,9.0,9.0,5.0,False,3.7.0
2026-03-25 10:37:00-04:00,1774449420000,24406.0,False,True,0,0,CONFLUENCE_SELL,6,7,9.0,9.0,5.0,False,3.7.0
2026-03-25 10:38:00-04:00,1774449480000,24408.25,False,True,0,0,BN_LONG_DN,6,8,9.0,9.0,5.0,False,3.7.0
2026-03-25 10:39:00-04:00,1774449540000,24409.25,False,True,0,0,CONFLUENCE_BUY,7,6,9.0,9.0,5.0,False,3.7.0
2026-03-25 10:39:59-04:00,1774449599000,24396.75,False,True,0,0,BN_LONG_DN,6,11,9.0,9.0,5.0,False,3.7.0
2026-03-25 10:41:00-04:00,1774449660000,24395.25,False,True,0,0,BN_LONG_DN,5,9,9.0,9.0,5.0,False,3.7.0
2026-03-25 10:42:00-04:00,1774449720000,24389.25,False,True,0,0,BN_LONG_UP,7,5,9.0,9.0,5.0,False,3.7.0
2026-03-25 10:42:59-04:00,1774449779000,24393.5,False,True,0,0,BN_LONG_DN,5,8,-60.75,9.0,5.0,False,3.7.0
2026-03-25 10:44:00-04:00,1774449840000,24397.25,False,True,0,0,CONFLUENCE_SELL,3,7,9.0,9.0,5.0,False,3.7.0
2026-03-25 10:45:00-04:00,1774449900000,24393.75,False,True,0,0,BN_LONG_DN,5,8,-66.0,9.0,5.0,False,3.7.0
2026-03-25 10:45:59-04:00,1774449959000,24399.0,False,True,0,0,CONFLUENCE_SELL,3,7,9.0,9.0,5.0,False,3.7.0
2026-03-25 10:47:00-04:00,1774450020000,24397.5,False,True,0,0,CONFLUENCE_SELL,5,7,9.0,9.0,5.0,False,3.7.0
2026-03-25 10:48:59-04:00,1774450139000,24393.5,False,True,0,0,NONE,6,6,9.0,9.0,5.0,False,3.7.0
2026-03-25 10:50:00-04:00,1774450200000,24391.75,False,True,0,0,BN_LONG_DN,5,8,9.0,9.0,5.0,False,3.7.0
2026-03-25 10:51:00-04:00,1774450260000,24388.25,False,True,0,0,BN_LONG_DN,5,8,9.0,9.0,5.0,False,3.7.0
2026-03-25 10:51:59-04:00,1774450319000,24390.5,False,True,0,0,BN_LONG_DN,4,6,9.0,9.0,5.0,False,3.7.0
2026-03-25 10:53:00-04:00,1774450380000,24386.0,False,True,0,0,CONFLUENCE_SELL,4,7,9.0,9.0,5.0,False,3.7.0
2026-03-25 10:54:00-04:00,1774450440000,24387.25,False,True,0,0,NONE,5,5,9.0,9.0,5.0,False,3.7.0
2026-03-25 10:55:00-04:00,1774450500000,24326.5,False,True,0,0,VWAP_TRIPLE_BEAR,8,8,9.0,9.0,5.0,False,3.7.0
2026-03-25 10:55:59-04:00,1774450559000,24331.75,False,True,0,0,VWAP_TRIPLE_BEAR,8,9,9.0,9.0,5.0,False,3.7.0
2026-03-25 10:57:00-04:00,1774450620000,24346.5,False,True,0,0,VWAP_TRIPLE_BEAR,8,6,9.0,9.0,5.0,False,3.7.0
2026-03-25 10:58:00-04:00,1774450680000,24358.25,False,True,0,0,VWAP_TRIPLE_BEAR,7,7,9.0,9.0,5.0,False,3.7.0
2026-03-25 10:58:59-04:00,1774450739000,24354.5,False,True,0,0,VWAP_TRIPLE_BEAR,6,9,9.0,9.0,5.0,False,3.7.0
2026-03-25 11:00:00-04:00,1774450800000,24330.0,False,True,0,0,VWAP_TRIPLE_BEAR,8,8,9.0,9.0,5.0,False,3.7.0
2026-03-25 11:01:00-04:00,1774450860000,24330.75,False,True,0,0,VWAP_TRIPLE_BEAR,6,8,9.0,9.0,5.0,False,3.7.0
2026-03-25 11:01:59-04:00,1774450919000,24327.5,False,True,0,0,VWAP_TRIPLE_BEAR,8,9,9.0,9.0,5.0,False,3.7.0
2026-03-25 11:03:00-04:00,1774450980000,24314.75,False,True,0,0,VWAP_TRIPLE_BEAR,5,8,9.0,9.0,5.0,False,3.7.0
2026-03-25 11:04:00-04:00,1774451040000,24332.75,False,True,0,0,VWAP_TRIPLE_BEAR,10,7,44.5,9.0,5.0,False,3.7.0
2026-03-25 11:04:59-04:00,1774451099000,24334.75,False,True,0,0,VWAP_TRIPLE_BEAR,7,7,28.0,9.0,5.0,False,3.7.0
2026-03-25 11:06:00-04:00,1774451160000,24327.75,False,True,0,0,VWAP_TRIPLE_BEAR,8,9,9.0,9.0,5.0,False,3.7.0
2026-03-25 11:07:00-04:00,1774451220000,24333.25,False,True,0,0,VWAP_TRIPLE_BEAR,7,7,22.75,9.0,5.0,False,3.7.0
2026-03-25 11:08:00-04:00,1774451280000,24331.5,False,True,0,0,VWAP_TRIPLE_BEAR,6,8,9.0,9.0,5.0,False,3.7.0
2026-03-25 11:08:59-04:00,1774451339000,24333.0,False,True,0,0,VWAP_TRIPLE_BEAR,8,7,21.25,9.0,5.0,False,3.7.0
2026-03-25 11:10:00-04:00,1774451400000,24328.25,False,True,0,0,VWAP_TRIPLE_BEAR,7,7,9.0,9.0,5.0,False,3.7.0
2026-03-25 11:11:00-04:00,1774451460000,24327.0,False,True,0,0,VWAP_TRIPLE_BEAR,7,7,9.0,9.0,5.0,False,3.7.0
2026-03-25 11:11:59-04:00,1774451519000,24330.25,False,True,0,0,VWAP_TRIPLE_BEAR,7,6,9.0,9.0,5.0,False,3.7.0
2026-03-25 11:13:00-04:00,1774451580000,24344.5,False,True,0,0,VWAP_TRIPLE_BEAR,9,9,9.0,9.0,5.0,False,3.7.0
2026-03-25 11:14:00-04:00,1774451640000,24351.75,False,True,0,0,VWAP_TRIPLE_BEAR,9,8,9.0,9.0,5.0,False,3.7.0
2026-03-25 11:14:59-04:00,1774451699000,24367.75,False,True,0,0,BN_LONG_UP,8,7,9.0,9.0,5.0,False,3.7.0
2026-03-25 11:16:00-04:00,1774451760000,24360.75,False,True,0,0,VWAP_TRIPLE_BEAR,9,7,9.0,9.0,5.0,False,3.7.0
2026-03-25 11:17:00-04:00,1774451820000,24358.5,False,True,0,0,VWAP_TRIPLE_BEAR,6,7,9.0,9.0,5.0,False,3.7.0
2026-03-25 11:17:59-04:00,1774451879000,24356.5,False,True,0,0,VWAP_TRIPLE_BEAR,4,10,9.0,9.0,5.0,False,3.7.0
2026-03-25 11:19:00-04:00,1774451940000,24371.25,False,True,0,0,BN_LONG_UP,6,6,9.0,9.0,5.0,False,3.7.0
2026-03-25 11:20:00-04:00,1774452000000,24387.5,False,True,0,0,BN_LONG_UP,8,6,9.0,9.0,5.0,False,3.7.0
2026-03-25 11:20:59-04:00,1774452059000,24385.0,False,True,0,0,BN_LONG_UP,6,6,9.0,9.0,5.0,False,3.7.0
2026-03-25 11:22:00-04:00,1774452120000,24381.25,False,True,0,0,BN_LONG_DN,5,8,9.0,9.0,5.0,False,3.7.0
2026-03-25 11:23:00-04:00,1774452180000,24378.5,False,True,0,0,BN_LONG_DN,4,8,9.0,9.0,5.0,False,3.7.0
2026-03-25 11:24:00-04:00,1774452240000,24377.25,False,True,0,0,CONFLUENCE_SELL,5,6,9.0,9.0,5.0,False,3.7.0
2026-03-25 11:24:59-04:00,1774452299000,24362.75,False,True,0,0,VWAP_TRIPLE_BEAR,8,6,9.0,9.0,5.0,False,3.7.0
2026-03-25 11:26:00-04:00,1774452360000,24356.0,False,True,0,0,VWAP_TRIPLE_BEAR,7,8,-15.25,9.0,5.0,False,3.7.0
2026-03-25 11:27:00-04:00,1774452420000,24356.0,False,True,0,0,VWAP_TRIPLE_BEAR,5,8,-14.0,9.0,5.0,False,3.7.0
2026-03-25 11:27:59-04:00,1774452479000,24362.25,False,True,0,0,VWAP_TRIPLE_BEAR,5,9,9.0,9.0,5.0,False,3.7.0
2026-03-25 11:29:00-04:00,1774452540000,24354.25,False,True,0,0,VWAP_TRIPLE_BEAR,7,5,9.0,9.0,5.0,False,3.7.0
2026-03-25 11:30:00-04:00,1774452600000,24349.0,False,True,0,0,VWAP_TRIPLE_BEAR,6,9,9.0,9.0,5.0,False,3.7.0
2026-03-25 11:30:59-04:00,1774452659000,24348.25,False,True,0,0,VWAP_TRIPLE_BEAR,9,7,9.0,9.0,5.0,False,3.7.0
2026-03-25 11:32:00-04:00,1774452720000,24344.25,False,True,0,0,VWAP_TRIPLE_BEAR,8,6,9.0,9.0,5.0,False,3.7.0
2026-03-25 11:33:00-04:00,1774452780000,24342.25,False,True,0,0,VWAP_TRIPLE_BEAR,8,6,9.0,9.0,5.0,False,3.7.0
2026-03-25 11:33:59-04:00,1774452839000,24343.0,False,True,0,0,VWAP_TRIPLE_BEAR,7,6,9.0,9.0,5.0,False,3.7.0
2026-03-25 11:35:00-04:00,1774452900000,24337.0,False,True,0,0,VWAP_TRIPLE_BEAR,6,9,32.0,9.0,5.0,False,3.7.0
2026-03-25 11:36:00-04:00,1774452960000,24329.25,False,True,0,0,VWAP_TRIPLE_BEAR,5,8,9.0,9.0,5.0,False,3.7.0
2026-03-25 11:36:59-04:00,1774453019000,24331.5,False,True,0,0,VWAP_TRIPLE_BEAR,5,8,9.0,9.0,5.0,False,3.7.0
2026-03-25 11:38:00-04:00,1774453080000,24333.25,False,True,0,0,VWAP_TRIPLE_BEAR,6,9,9.0,9.0,5.0,False,3.7.0
2026-03-25 11:39:00-04:00,1774453140000,24337.5,False,True,0,0,VWAP_TRIPLE_BEAR,6,8,9.0,9.0,5.0,False,3.7.0
2026-03-25 11:40:00-04:00,1774453200000,24346.75,False,True,0,0,VWAP_TRIPLE_BEAR,7,6,40.75,9.0,5.0,False,3.7.0
2026-03-25 11:40:59-04:00,1774453259000,24349.75,False,True,0,0,VWAP_TRIPLE_BEAR,6,8,9.0,9.0,5.0,False,3.7.0
2026-03-25 11:42:00-04:00,1774453320000,24354.25,False,True,0,0,VWAP_TRIPLE_BEAR,6,6,9.0,9.0,5.0,False,3.7.0
2026-03-25 11:43:00-04:00,1774453380000,24354.0,False,True,0,0,VWAP_TRIPLE_BEAR,7,5,9.0,9.0,5.0,False,3.7.0
2026-03-25 11:43:59-04:00,1774453439000,24341.5,False,True,0,0,VWAP_TRIPLE_BEAR,6,8,9.0,9.0,5.0,False,3.7.0
2026-03-25 11:45:00-04:00,1774453500000,24342.25,False,True,0,0,VWAP_TRIPLE_BEAR,4,7,9.0,9.0,5.0,False,3.7.0
2026-03-25 11:46:00-04:00,1774453560000,24340.75,False,True,0,0,VWAP_TRIPLE_BEAR,7,6,9.0,9.0,5.0,False,3.7.0
2026-03-25 11:46:59-04:00,1774453619000,24342.0,False,True,0,0,VWAP_TRIPLE_BEAR,5,8,9.0,9.0,5.0,False,3.7.0
2026-03-25 11:48:00-04:00,1774453680000,24341.25,False,True,0,0,VWAP_TRIPLE_BEAR,4,7,9.0,9.0,5.0,False,3.7.0
2026-03-25 11:49:00-04:00,1774453740000,24344.0,False,True,0,0,VWAP_TRIPLE_BEAR,4,7,9.0,9.0,5.0,False,3.7.0
2026-03-25 11:49:59-04:00,1774453799000,24376.0,False,True,0,0,RVOL_SPIKE_BUY,9,7,9.0,9.0,5.0,False,3.7.0
2026-03-25 11:51:00-04:00,1774453860000,24356.75,False,True,0,0,VWAP_TRIPLE_BEAR,4,7,9.0,9.0,5.0,False,3.7.0
2026-03-25 11:52:00-04:00,1774453920000,24364.25,False,True,0,0,VWAP_TRIPLE_BEAR,8,7,9.0,9.0,5.0,False,3.7.0
2026-03-25 11:53:00-04:00,1774453980000,24375.25,False,True,0,0,BN_LONG_UP,7,6,9.0,9.0,5.0,False,3.7.0
2026-03-25 11:53:59-04:00,1774454039000,24367.75,False,True,0,0,BN_LONG_DN,7,8,9.0,9.0,5.0,False,3.7.0
2026-03-25 11:55:00-04:00,1774454100000,24369.0,False,True,0,0,BN_LONG_DN,5,8,2.5,9.0,5.0,False,3.7.0
2026-03-25 11:56:00-04:00,1774454160000,24363.75,False,True,0,0,VWAP_TRIPLE_BEAR,8,5,9.0,9.0,5.0,False,3.7.0
2026-03-25 11:56:59-04:00,1774454219000,24363.0,False,True,0,0,VWAP_TRIPLE_BEAR,7,8,9.0,9.0,5.0,False,3.7.0
2026-03-25 11:58:00-04:00,1774454280000,24363.0,False,True,0,0,VWAP_TRIPLE_BEAR,8,6,9.0,9.0,5.0,False,3.7.0
2026-03-25 11:59:00-04:00,1774454340000,24371.5,False,True,0,0,BN_LONG_UP,7,6,9.0,9.0,5.0,False,3.7.0
2026-03-25 11:59:59-04:00,1774454399000,24387.5,False,True,0,0,BN_LONG_UP,6,6,9.0,9.0,5.0,False,3.7.0
2026-03-25 12:01:00-04:00,1774454460000,24385.0,False,True,0,0,BN_LONG_UP,7,6,9.0,9.0,5.0,False,3.7.0
2026-03-25 12:02:00-04:00,1774454520000,24386.25,False,True,0,0,CONFLUENCE_SELL,5,6,9.0,9.0,5.0,False,3.7.0
2026-03-25 12:02:59-04:00,1774454579000,24381.5,False,True,0,0,CONFLUENCE_BUY,7,6,9.0,9.0,5.0,False,3.7.0
2026-03-25 12:04:00-04:00,1774454640000,24381.0,False,True,0,0,BN_LONG_UP,7,6,9.0,9.0,5.0,False,3.7.0
2026-03-25 12:05:00-04:00,1774454700000,24380.5,False,True,0,0,BN_LONG_DN,6,6,9.0,9.0,5.0,False,3.7.0
2026-03-25 12:05:59-04:00,1774454759000,24373.0,False,True,0,0,BN_LONG_DN,6,6,-11.75,9.0,5.0,False,3.7.0
2026-03-25 12:07:00-04:00,1774454820000,24373.0,False,True,0,0,CONFLUENCE_BUY,7,5,-20.75,9.0,5.0,False,3.7.0
2026-03-25 12:08:00-04:00,1774454880000,24372.25,False,True,0,0,BN_LONG_UP,7,6,-19.25,9.0,5.0,False,3.7.0
2026-03-25 12:09:00-04:00,1774454940000,24371.75,False,True,0,0,CONFLUENCE_BUY,7,5,9.0,9.0,5.0,False,3.7.0
2026-03-25 12:09:59-04:00,1774454999000,24369.5,False,True,0,0,NONE,6,6,9.0,9.0,5.0,False,3.7.0
2026-03-25 12:11:00-04:00,1774455060000,24369.75,False,True,0,0,CONFLUENCE_BUY,9,5,9.0,9.0,5.0,False,3.7.0
2026-03-25 12:12:00-04:00,1774455120000,24372.0,False,True,0,0,CONFLUENCE_BUY,9,5,-16.0,9.0,5.0,False,3.7.0
2026-03-25 12:12:59-04:00,1774455179000,24372.75,False,True,0,0,CONFLUENCE_BUY,6,5,-16.25,9.0,5.0,False,3.7.0
2026-03-25 12:14:00-04:00,1774455240000,24372.5,False,True,0,0,CONFLUENCE_SELL,6,7,-14.5,9.0,5.0,False,3.7.0
2026-03-25 12:15:00-04:00,1774455300000,24371.5,False,True,0,0,CONFLUENCE_BUY,6,5,9.0,9.0,5.0,False,3.7.0
2026-03-25 12:15:59-04:00,1774455359000,24376.75,False,True,0,0,CONFLUENCE_BUY,7,5,9.0,9.0,5.0,False,3.7.0
2026-03-25 12:17:00-04:00,1774455420000,24380.75,False,True,0,0,BN_LONG_UP,7,5,9.0,9.0,5.0,False,3.7.0
2026-03-25 12:18:00-04:00,1774455480000,24375.75,False,True,0,0,CONFLUENCE_SELL,5,7,9.0,9.0,5.0,False,3.7.0
2026-03-25 12:18:59-04:00,1774455539000,24379.5,False,True,0,0,CONFLUENCE_BUY,6,5,9.0,9.0,5.0,False,3.7.0
2026-03-25 12:20:00-04:00,1774455600000,24375.25,False,True,0,0,BN_LONG_DN,5,7,9.0,9.0,5.0,False,3.7.0
2026-03-25 12:21:00-04:00,1774455660000,24378.75,False,True,0,0,CONFLUENCE_SELL,5,6,9.0,9.0,5.0,False,3.7.0
2026-03-25 12:21:59-04:00,1774455719000,24376.75,False,True,0,0,CONFLUENCE_SELL,4,7,9.0,9.0,5.0,False,3.7.0
2026-03-25 12:23:00-04:00,1774455780000,24377.5,False,True,0,0,CONFLUENCE_SELL,5,6,9.0,9.0,5.0,False,3.7.0
2026-03-25 12:24:00-04:00,1774455840000,24371.0,False,True,0,0,BN_LONG_DN,6,7,9.0,9.0,5.0,False,3.7.0
2026-03-25 12:25:00-04:00,1774455900000,24366.25,False,True,0,0,BN_LONG_DN,6,7,9.0,9.0,5.0,False,3.7.0
2026-03-25 12:25:59-04:00,1774455959000,24361.25,False,True,0,0,VWAP_TRIPLE_BEAR,5,9,9.0,9.0,5.0,False,3.7.0
2026-03-25 12:27:00-04:00,1774456020000,24352.25,False,True,0,0,VWAP_TRIPLE_BEAR,6,6,9.0,9.0,5.0,False,3.7.0
2026-03-25 12:28:00-04:00,1774456080000,24353.0,False,True,0,0,VWAP_TRIPLE_BEAR,5,7,9.0,9.0,5.0,False,3.7.0
2026-03-25 12:28:59-04:00,1774456139000,24352.25,False,True,0,0,VWAP_TRIPLE_BEAR,8,5,9.0,9.0,5.0,False,3.7.0
2026-03-25 12:30:00-04:00,1774456200000,24350.75,False,True,0,0,VWAP_TRIPLE_BEAR,7,6,9.0,9.0,5.0,False,3.7.0
2026-03-25 12:31:00-04:00,1774456260000,24356.0,False,True,0,0,VWAP_TRIPLE_BEAR,7,5,4.75,9.0,5.0,False,3.7.0
2026-03-25 12:31:59-04:00,1774456319000,24356.0,False,True,0,0,VWAP_TRIPLE_BEAR,5,8,6.75,9.0,5.0,False,3.7.0
2026-03-25 12:33:00-04:00,1774456380000,24356.5,False,True,0,0,VWAP_TRIPLE_BEAR,8,5,7.0,9.0,5.0,False,3.7.0
2026-03-25 12:34:00-04:00,1774456440000,24358.0,False,True,0,0,VWAP_TRIPLE_BEAR,5,5,2.75,9.0,5.0,False,3.7.0
2026-03-25 12:34:59-04:00,1774456499000,24361.75,False,True,0,0,VWAP_TRIPLE_BEAR,4,6,-1.25,9.0,5.0,False,3.7.0
2026-03-25 12:36:00-04:00,1774456560000,24363.5,False,True,0,0,VWAP_TRIPLE_BEAR,8,5,-1.0,9.0,5.0,False,3.7.0
2026-03-25 12:37:00-04:00,1774456620000,24361.75,False,True,0,0,VWAP_TRIPLE_BEAR,5,8,2.25,9.0,5.0,False,3.7.0
2026-03-25 12:38:00-04:00,1774456680000,24361.5,False,True,0,0,VWAP_TRIPLE_BEAR,7,6,5.5,9.0,5.0,False,3.7.0
2026-03-25 12:38:59-04:00,1774456739000,24362.0,False,True,0,0,VWAP_TRIPLE_BEAR,6,6,5.75,9.0,5.0,False,3.7.0
2026-03-25 12:40:00-04:00,1774456800000,24361.5,False,True,0,0,VWAP_TRIPLE_BEAR,6,5,-4.5,9.0,5.0,False,3.7.0
2026-03-25 12:41:00-04:00,1774456860000,24362.75,False,True,0,0,VWAP_TRIPLE_BEAR,5,6,-10.75,9.0,5.0,False,3.7.0
2026-03-25 12:41:59-04:00,1774456919000,24360.5,False,True,0,0,VWAP_TRIPLE_BEAR,6,6,-11.5,9.0,5.0,False,3.7.0
2026-03-25 12:43:00-04:00,1774456980000,24362.75,False,True,0,0,VWAP_TRIPLE_BEAR,7,5,-15.5,9.0,5.0,False,3.7.0
2026-03-25 12:44:00-04:00,1774457040000,24362.25,False,True,0,0,VWAP_TRIPLE_BEAR,5,5,-12.25,9.0,5.0,False,3.7.0
2026-03-25 12:44:59-04:00,1774457099000,24362.5,False,True,0,0,VWAP_TRIPLE_BEAR,5,6,-12.75,9.0,5.0,False,3.7.0
2026-03-25 12:46:00-04:00,1774457160000,24362.5,False,True,0,0,VWAP_TRIPLE_BEAR,5,5,-14.0,9.0,5.0,False,3.7.0
2026-03-25 12:47:00-04:00,1774457220000,24361.75,False,True,0,0,VWAP_TRIPLE_BEAR,5,5,-19.75,9.0,5.0,False,3.7.0
2026-03-25 12:47:59-04:00,1774457279000,24361.0,False,True,0,0,VWAP_TRIPLE_BEAR,6,4,-19.75,9.0,5.0,False,3.7.0
2026-03-25 12:49:00-04:00,1774457340000,24361.5,False,True,0,0,VWAP_TRIPLE_BEAR,7,4,-27.5,9.0,5.0,False,3.7.0
2026-03-25 12:50:00-04:00,1774457400000,24361.75,False,True,0,0,VWAP_TRIPLE_BEAR,6,4,-18.25,9.0,5.0,False,3.7.0
2026-03-25 12:50:59-04:00,1774457459000,24360.75,False,True,0,0,VWAP_TRIPLE_BEAR,7,4,-23.25,9.0,5.0,False,3.7.0
2026-03-25 12:52:00-04:00,1774457520000,24362.75,False,True,0,0,VWAP_TRIPLE_BEAR,6,4,-24.0,9.0,5.0,False,3.7.0
2026-03-25 12:53:00-04:00,1774457580000,24363.5,False,True,0,0,VWAP_TRIPLE_BEAR,7,4,9.0,9.0,5.0,False,3.7.0
2026-03-25 12:54:00-04:00,1774457640000,24360.75,False,True,0,0,VWAP_TRIPLE_BEAR,11,4,-23.75,9.0,5.0,False,3.7.0
2026-03-25 12:54:59-04:00,1774457699000,24360.5,False,True,0,0,VWAP_TRIPLE_BEAR,7,4,-23.0,9.0,5.0,False,3.7.0
2026-03-25 12:56:00-04:00,1774457760000,24362.5,False,True,0,0,VWAP_TRIPLE_BEAR,6,8,-30.5,9.0,5.0,False,3.7.0
2026-03-25 12:57:00-04:00,1774457820000,24364.0,False,True,0,0,VWAP_TRIPLE_BEAR,10,5,9.0,9.0,5.0,False,3.7.0
2026-03-25 12:57:59-04:00,1774457879000,24367.0,False,True,0,0,CONFLUENCE_BUY,9,5,9.0,9.0,5.0,False,3.7.0
2026-03-25 12:59:00-04:00,1774457940000,24367.75,False,True,0,0,BN_LONG_UP,7,6,9.0,9.0,5.0,False,3.7.0
2026-03-25 14:00:00-04:00,1774461600000,24357.0,False,True,0,0,VWAP_TRIPLE_BEAR,10,8,9.0,9.0,5.0,False,3.7.0
2026-03-25 14:01:00-04:00,1774461660000,24352.0,False,True,0,0,VWAP_TRIPLE_BEAR,6,7,9.0,9.0,5.0,False,3.7.0
2026-03-25 14:01:59-04:00,1774461719000,24349.0,False,True,0,0,VWAP_TRIPLE_BEAR,7,7,9.0,9.0,5.0,False,3.7.0
2026-03-25 14:03:00-04:00,1774461780000,24347.25,False,True,0,0,VWAP_TRIPLE_BEAR,7,7,9.0,9.0,5.0,False,3.7.0
2026-03-25 14:04:00-04:00,1774461840000,24350.0,False,True,0,0,VWAP_TRIPLE_BEAR,6,8,9.0,9.0,5.0,False,3.7.0
2026-03-25 14:04:59-04:00,1774461899000,24349.75,False,True,0,0,VWAP_TRIPLE_BEAR,8,8,9.0,9.0,5.0,False,3.7.0
2026-03-25 14:06:00-04:00,1774461960000,24348.5,False,True,0,0,VWAP_TRIPLE_BEAR,9,9,9.0,9.0,5.0,False,3.7.0
2026-03-25 14:07:00-04:00,1774462020000,24342.0,False,True,0,0,VWAP_TRIPLE_BEAR,8,9,9.0,9.0,5.0,False,3.7.0
2026-03-25 14:08:00-04:00,1774462080000,24341.25,False,True,0,0,VWAP_TRIPLE_BEAR,8,9,9.0,9.0,5.0,False,3.7.0
2026-03-25 14:08:59-04:00,1774462139000,24334.0,False,True,0,0,VWAP_TRIPLE_BEAR,9,9,9.0,9.0,5.0,False,3.7.0
2026-03-25 14:10:00-04:00,1774462200000,24343.5,False,True,0,0,VWAP_TRIPLE_BEAR,12,7,9.0,9.0,5.0,False,3.7.0
2026-03-25 14:11:00-04:00,1774462260000,24337.5,False,True,0,0,VWAP_TRIPLE_BEAR,7,11,9.0,9.0,5.0,False,3.7.0
2026-03-25 14:11:59-04:00,1774462319000,24338.75,False,True,0,0,VWAP_TRIPLE_BEAR,7,8,9.0,9.0,5.0,False,3.7.0
2026-03-25 14:13:00-04:00,1774462380000,24339.25,False,True,0,0,VWAP_TRIPLE_BEAR,10,6,9.0,9.0,5.0,False,3.7.0
2026-03-25 14:14:00-04:00,1774462440000,24337.0,False,True,0,0,VWAP_TRIPLE_BEAR,7,10,9.0,9.0,5.0,False,3.7.0
2026-03-25 14:14:59-04:00,1774462499000,24337.5,False,True,0,0,VWAP_TRIPLE_BEAR,11,6,9.0,9.0,5.0,False,3.7.0
2026-03-25 14:16:00-04:00,1774462560000,24332.0,False,True,0,0,VWAP_TRIPLE_BEAR,8,11,9.0,9.0,5.0,False,3.7.0
2026-03-25 14:17:00-04:00,1774462620000,24331.25,False,True,0,0,VWAP_TRIPLE_BEAR,9,7,9.0,9.0,5.0,False,3.7.0
2026-03-25 14:17:59-04:00,1774462679000,24327.75,False,True,0,0,VWAP_TRIPLE_BEAR,7,8,5.25,9.0,5.0,False,3.7.0
2026-03-25 14:19:00-04:00,1774462740000,24332.5,False,True,0,0,VWAP_TRIPLE_BEAR,8,6,9.0,9.0,5.0,False,3.7.0
2026-03-25 14:20:00-04:00,1774462800000,24330.75,False,True,0,0,VWAP_TRIPLE_BEAR,7,6,9.0,9.0,5.0,False,3.7.0
2026-03-25 14:20:59-04:00,1774462859000,24332.0,False,True,0,0,VWAP_TRIPLE_BEAR,8,6,9.0,9.0,5.0,False,3.7.0
2026-03-25 14:22:00-04:00,1774462920000,24330.0,False,True,0,0,VWAP_TRIPLE_BEAR,8,6,-1.0,9.0,5.0,False,3.7.0
2026-03-25 14:23:00-04:00,1774462980000,24331.0,False,True,0,0,VWAP_TRIPLE_BEAR,8,6,9.0,9.0,5.0,False,3.7.0
2026-03-25 14:24:00-04:00,1774463040000,24324.75,False,True,0,0,VWAP_TRIPLE_BEAR,7,11,9.0,9.0,5.0,False,3.7.0
2026-03-25 14:24:59-04:00,1774463099000,24326.75,False,True,0,0,VWAP_TRIPLE_BEAR,10,8,10.0,9.0,5.0,False,3.7.0
2026-03-25 14:26:00-04:00,1774463160000,24326.25,False,True,0,0,VWAP_TRIPLE_BEAR,7,11,9.0,9.0,5.0,False,3.7.0
2026-03-25 14:27:00-04:00,1774463220000,24326.0,False,True,0,0,VWAP_TRIPLE_BEAR,11,8,9.0,9.0,5.0,False,3.7.0
2026-03-25 14:27:59-04:00,1774463279000,24321.75,False,True,0,0,VWAP_TRIPLE_BEAR,8,7,9.0,9.0,5.0,False,3.7.0
2026-03-25 14:29:00-04:00,1774463340000,24323.75,False,True,0,0,VWAP_TRIPLE_BEAR,10,6,9.0,9.0,5.0,False,3.7.0
2026-03-25 14:30:00-04:00,1774463400000,24324.0,False,True,0,0,VWAP_TRIPLE_BEAR,8,6,9.0,9.0,5.0,False,3.7.0
2026-03-25 14:30:59-04:00,1774463459000,24325.75,False,True,0,0,VWAP_TRIPLE_BEAR,7,7,9.0,9.0,5.0,False,3.7.0
2026-03-25 14:32:00-04:00,1774463520000,24329.25,False,True,0,0,VWAP_TRIPLE_BEAR,8,7,9.0,9.0,5.0,False,3.7.0
2026-03-25 14:33:00-04:00,1774463580000,24332.5,False,True,0,0,VWAP_TRIPLE_BEAR,6,7,9.0,9.0,5.0,False,3.7.0
2026-03-25 14:33:59-04:00,1774463639000,24331.5,False,True,0,0,VWAP_TRIPLE_BEAR,5,6,9.0,9.0,5.0,False,3.7.0
2026-03-25 14:35:00-04:00,1774463700000,24334.0,False,True,0,0,VWAP_TRIPLE_BEAR,7,6,-14.75,9.0,5.0,False,3.7.0
2026-03-25 14:36:00-04:00,1774463760000,24334.0,False,True,0,0,VWAP_TRIPLE_BEAR,6,6,-11.5,9.0,5.0,False,3.7.0
2026-03-25 14:36:59-04:00,1774463819000,24333.0,False,True,0,0,VWAP_TRIPLE_BEAR,9,6,9.0,9.0,5.0,False,3.7.0
2026-03-25 14:38:00-04:00,1774463880000,24333.0,False,True,0,0,VWAP_TRIPLE_BEAR,6,9,9.0,9.0,5.0,False,3.7.0
2026-03-25 14:39:00-04:00,1774463940000,24332.0,False,True,0,0,VWAP_TRIPLE_BEAR,6,6,9.0,9.0,5.0,False,3.7.0
2026-03-25 14:40:00-04:00,1774464000000,24333.25,False,True,0,0,VWAP_TRIPLE_BEAR,8,6,9.0,9.0,5.0,False,3.7.0
2026-03-25 14:40:59-04:00,1774464059000,24334.0,False,True,0,0,VWAP_TRIPLE_BEAR,5,9,-12.5,9.0,5.0,False,3.7.0
2026-03-25 14:42:00-04:00,1774464120000,24329.0,False,True,0,0,VWAP_TRIPLE_BEAR,6,8,9.0,9.0,5.0,False,3.7.0
2026-03-25 14:43:00-04:00,1774464180000,24331.25,False,True,0,0,VWAP_TRIPLE_BEAR,8,6,9.0,9.0,5.0,False,3.7.0
2026-03-25 14:43:59-04:00,1774464239000,24336.75,False,True,0,0,VWAP_TRIPLE_BEAR,14,7,-13.25,9.0,5.0,False,3.7.0
2026-03-25 14:45:00-04:00,1774464300000,24336.75,False,True,0,0,VWAP_TRIPLE_BEAR,9,9,-18.5,9.0,5.0,False,3.7.0
2026-03-25 14:46:00-04:00,1774464360000,24337.75,False,True,0,0,CONFLUENCE_BUY,9,7,-19.25,9.0,5.0,False,3.7.0
2026-03-25 14:46:59-04:00,1774464419000,24340.0,False,True,0,0,BN_LONG_UP,12,5,9.0,9.0,5.0,False,3.7.0
2026-03-25 14:48:00-04:00,1774464480000,24343.75,False,True,0,0,BN_LONG_UP,9,7,9.0,9.0,5.0,False,3.7.0
2026-03-25 14:49:00-04:00,1774464540000,24339.0,False,True,0,0,CONFLUENCE_BUY,8,6,9.0,9.0,5.0,False,3.7.0
2026-03-25 14:49:59-04:00,1774464599000,24337.0,False,True,0,0,VWAP_TRIPLE_BEAR,7,10,9.0,9.0,5.0,False,3.7.0
2026-03-25 14:51:00-04:00,1774464660000,24333.0,False,True,0,0,VWAP_TRIPLE_BEAR,7,12,9.0,9.0,5.0,False,3.7.0
2026-03-25 14:52:00-04:00,1774464720000,24321.75,False,True,0,0,VWAP_TRIPLE_BEAR,9,12,-8.0,9.0,5.0,False,3.7.0
2026-03-25 14:53:00-04:00,1774464780000,24316.25,False,True,0,0,VWAP_TRIPLE_BEAR,7,11,9.0,9.0,5.0,False,3.7.0
2026-03-25 14:53:59-04:00,1774464839000,24315.75,False,True,0,0,VWAP_TRIPLE_BEAR,7,8,9.0,9.0,5.0,False,3.7.0
2026-03-25 14:55:00-04:00,1774464900000,24319.25,False,True,0,0,VWAP_TRIPLE_BEAR,8,7,9.0,9.0,5.0,False,3.7.0
2026-03-25 14:56:00-04:00,1774464960000,24322.5,False,True,0,0,VWAP_TRIPLE_BEAR,9,8,-19.0,9.0,5.0,False,3.7.0
2026-03-25 14:56:59-04:00,1774465019000,24322.0,False,True,0,0,VWAP_TRIPLE_BEAR,9,7,-25.0,9.0,5.0,False,3.7.0
2026-03-25 14:58:00-04:00,1774465080000,24320.75,False,True,0,0,VWAP_TRIPLE_BEAR,8,11,-20.5,9.0,5.0,False,3.7.0
2026-03-25 14:59:00-04:00,1774465140000,24316.25,False,True,0,0,VWAP_TRIPLE_BEAR,8,11,9.0,9.0,5.0,False,3.7.0
2026-03-25 14:59:59-04:00,1774465199000,24326.25,False,True,0,0,VWAP_TRIPLE_BEAR,10,8,9.0,9.0,5.0,False,3.7.0
2026-03-25 15:01:00-04:00,1774465260000,24321.5,False,True,0,0,VWAP_TRIPLE_BEAR,7,9,-17.75,9.0,5.0,False,3.7.0
2026-03-25 15:02:00-04:00,1774465320000,24326.0,False,True,0,0,VWAP_TRIPLE_BEAR,12,8,9.0,9.0,5.0,False,3.7.0
2026-03-25 15:02:59-04:00,1774465379000,24329.25,False,True,0,0,VWAP_TRIPLE_BEAR,10,7,9.0,9.0,5.0,False,3.7.0
2026-03-25 15:04:00-04:00,1774465440000,24323.5,False,True,0,0,VWAP_TRIPLE_BEAR,7,10,9.0,9.0,5.0,False,3.7.0
2026-03-25 15:05:00-04:00,1774465500000,24318.25,False,True,0,0,VWAP_TRIPLE_BEAR,9,10,9.0,9.0,5.0,False,3.7.0
2026-03-25 15:05:59-04:00,1774465559000,24318.5,False,True,0,0,VWAP_TRIPLE_BEAR,8,8,9.0,9.0,5.0,False,3.7.0
2026-03-25 15:07:00-04:00,1774465620000,24320.75,False,True,0,0,VWAP_TRIPLE_BEAR,10,8,9.0,9.0,5.0,False,3.7.0
2026-03-25 15:08:00-04:00,1774465680000,24321.25,False,True,0,0,VWAP_TRIPLE_BEAR,9,9,9.0,9.0,5.0,False,3.7.0
2026-03-25 15:09:00-04:00,1774465740000,24318.0,False,True,0,0,VWAP_TRIPLE_BEAR,7,12,9.0,9.0,5.0,False,3.7.0
2026-03-25 15:09:59-04:00,1774465799000,24320.0,False,True,0,0,VWAP_TRIPLE_BEAR,6,7,9.0,9.0,5.0,False,3.7.0
2026-03-25 15:11:00-04:00,1774465860000,24319.25,False,True,0,0,VWAP_TRIPLE_BEAR,7,9,9.0,9.0,5.0,False,3.7.0
2026-03-25 15:12:00-04:00,1774465920000,24313.75,False,True,0,0,VWAP_TRIPLE_BEAR,8,11,9.0,9.0,5.0,False,3.7.0
2026-03-25 15:12:59-04:00,1774465979000,24317.5,False,True,0,0,VWAP_TRIPLE_BEAR,8,7,9.0,9.0,5.0,False,3.7.0
2026-03-25 15:14:00-04:00,1774466040000,24310.75,False,True,0,0,VWAP_TRIPLE_BEAR,7,11,9.0,9.0,5.0,False,3.7.0
2026-03-25 15:15:00-04:00,1774466100000,24312.5,False,True,0,0,VWAP_TRIPLE_BEAR,8,7,9.0,9.0,5.0,False,3.7.0
2026-03-25 15:15:59-04:00,1774466159000,24303.5,False,True,0,0,VWAP_TRIPLE_BEAR,7,13,2.5,9.0,5.0,False,3.7.0
2026-03-25 15:17:00-04:00,1774466220000,24297.0,False,True,0,0,VWAP_TRIPLE_BEAR,7,11,9.0,9.0,5.0,False,3.7.0
2026-03-25 15:18:00-04:00,1774466280000,24300.25,False,True,0,0,VWAP_TRIPLE_BEAR,8,8,9.0,9.0,5.0,False,3.7.0
2026-03-25 15:18:59-04:00,1774466339000,24299.0,False,True,0,0,VWAP_TRIPLE_BEAR,7,7,9.0,9.0,5.0,False,3.7.0
2026-03-25 15:20:00-04:00,1774466400000,24303.25,False,True,0,0,VWAP_TRIPLE_BEAR,7,7,9.0,9.0,5.0,False,3.7.0
2026-03-25 15:21:00-04:00,1774466460000,24303.75,False,True,0,0,VWAP_TRIPLE_BEAR,7,7,9.0,9.0,5.0,False,3.7.0
2026-03-25 15:21:59-04:00,1774466519000,24304.25,False,True,0,0,VWAP_TRIPLE_BEAR,7,8,9.0,9.0,5.0,False,3.7.0
2026-03-25 15:23:00-04:00,1774466580000,24306.75,False,True,0,0,VWAP_TRIPLE_BEAR,8,8,-2.75,9.0,5.0,False,3.7.0
2026-03-25 15:24:00-04:00,1774466640000,24304.25,False,True,0,0,VWAP_TRIPLE_BEAR,6,7,9.0,9.0,5.0,False,3.7.0
2026-03-25 15:25:00-04:00,1774466700000,24308.0,False,True,0,0,VWAP_TRIPLE_BEAR,8,8,-22.0,9.0,5.0,False,3.7.0
2026-03-25 15:25:59-04:00,1774466759000,24309.0,False,True,0,0,VWAP_TRIPLE_BEAR,8,8,9.0,9.0,5.0,False,3.7.0
2026-03-25 15:27:00-04:00,1774466820000,24311.5,False,True,0,0,VWAP_TRIPLE_BEAR,7,7,9.0,9.0,5.0,False,3.7.0
2026-03-25 15:28:00-04:00,1774466880000,24312.5,False,True,0,0,VWAP_TRIPLE_BEAR,7,8,9.0,9.0,5.0,False,3.7.0
2026-03-25 15:28:59-04:00,1774466939000,24310.5,False,True,0,0,VWAP_TRIPLE_BEAR,6,8,9.0,9.0,5.0,False,3.7.0
2026-03-25 15:30:00-04:00,1774467000000,24308.25,False,True,0,0,VWAP_TRIPLE_BEAR,5,9,0.0,9.0,5.0,False,3.7.0
2026-03-25 15:31:00-04:00,1774467060000,24313.25,False,True,0,0,VWAP_TRIPLE_BEAR,9,7,9.0,9.0,5.0,False,3.7.0
2026-03-25 15:31:59-04:00,1774467119000,24304.25,False,True,0,0,VWAP_TRIPLE_BEAR,6,10,13.25,9.0,5.0,False,3.7.0
2026-03-25 15:33:00-04:00,1774467180000,24302.25,False,True,0,0,VWAP_TRIPLE_BEAR,7,8,9.0,9.0,5.0,False,3.7.0
2026-03-25 15:34:00-04:00,1774467240000,24304.75,False,True,0,0,VWAP_TRIPLE_BEAR,6,7,14.25,9.0,5.0,False,3.7.0
2026-03-25 15:34:59-04:00,1774467299000,24307.25,False,True,0,0,VWAP_TRIPLE_BEAR,7,7,9.0,9.0,5.0,False,3.7.0
2026-03-25 15:36:00-04:00,1774467360000,24306.0,False,True,0,0,VWAP_TRIPLE_BEAR,7,7,24.5,9.0,5.0,False,3.7.0
2026-03-25 15:37:00-04:00,1774467420000,24302.5,False,True,0,0,VWAP_TRIPLE_BEAR,6,10,9.0,9.0,5.0,False,3.7.0
2026-03-25 15:38:00-04:00,1774467480000,24305.0,False,True,0,0,VWAP_TRIPLE_BEAR,6,8,92.25,9.0,5.0,False,3.7.0
2026-03-25 15:38:59-04:00,1774467539000,24308.0,False,True,0,0,VWAP_TRIPLE_BEAR,10,7,9.0,9.0,5.0,False,3.7.0
2026-03-25 15:40:00-04:00,1774467600000,24311.5,False,True,0,0,VWAP_TRIPLE_BEAR,9,7,9.0,9.0,5.0,False,3.7.0
2026-03-25 15:41:00-04:00,1774467660000,24310.25,False,True,0,0,VWAP_TRIPLE_BEAR,10,6,9.0,9.0,5.0,False,3.7.0
2026-03-25 15:41:59-04:00,1774467719000,24305.5,False,True,0,0,VWAP_TRIPLE_BEAR,7,10,9.0,9.0,5.0,False,3.7.0
2026-03-25 15:43:00-04:00,1774467780000,24304.0,False,True,0,0,VWAP_TRIPLE_BEAR,6,11,9.0,9.0,5.0,False,3.7.0
2026-03-25 15:44:00-04:00,1774467840000,24294.25,False,True,0,0,VWAP_TRIPLE_BEAR,6,12,89.25,9.0,5.0,False,3.7.0
2026-03-25 15:44:59-04:00,1774467899000,24286.0,False,True,0,0,VWAP_TRIPLE_BEAR,9,12,9.0,9.0,5.0,False,3.7.0
2026-03-25 15:46:00-04:00,1774467960000,24299.0,False,True,0,0,VWAP_TRIPLE_BEAR,11,7,9.0,9.0,5.0,False,3.7.0
2026-03-25 15:47:00-04:00,1774468020000,24312.0,False,True,0,0,VWAP_TRIPLE_BEAR,12,6,9.0,9.0,5.0,False,3.7.0
2026-03-25 15:47:59-04:00,1774468079000,24315.5,False,True,0,0,VWAP_TRIPLE_BEAR,7,6,63.5,9.0,5.0,False,3.7.0
2026-03-25 15:49:00-04:00,1774468140000,24309.5,False,True,0,0,VWAP_TRIPLE_BEAR,6,9,9.0,9.0,5.0,False,3.7.0
2026-03-25 15:50:00-04:00,1774468200000,24308.25,False,True,0,0,VWAP_TRIPLE_BEAR,11,12,9.0,9.0,5.0,False,3.7.0
2026-03-25 15:50:59-04:00,1774468259000,24309.25,False,True,0,0,VWAP_TRIPLE_BEAR,5,5,9.0,9.0,5.0,False,3.7.0
2026-03-25 15:52:00-04:00,1774468320000,24317.5,False,True,0,0,VWAP_TRIPLE_BEAR,9,5,9.0,9.0,5.0,False,3.7.0
2026-03-25 15:53:00-04:00,1774468380000,24318.0,False,True,0,0,VWAP_TRIPLE_BEAR,7,5,9.0,9.0,5.0,False,3.7.0
2026-03-25 15:54:00-04:00,1774468440000,24319.0,False,True,0,0,VWAP_TRIPLE_BEAR,8,7,9.0,9.0,5.0,False,3.7.0
2026-03-25 15:54:59-04:00,1774468499000,24314.75,False,True,0,0,VWAP_TRIPLE_BEAR,5,9,9.0,9.0,5.0,False,3.7.0
2026-03-25 15:56:00-04:00,1774468560000,24330.5,False,True,0,0,RVOL_SPIKE_BUY,12,6,9.0,9.0,5.0,False,3.7.0
2026-03-25 15:57:00-04:00,1774468620000,24326.0,False,True,0,0,BN_LONG_UP,7,8,9.0,9.0,5.0,False,3.7.0
2026-03-25 16:34:00-04:00,1774470840000,24397.25,False,True,0,0,VWAP_TRIPLE_BEAR,12,11,9.0,9.0,5.0,False,3.7.0
2026-03-25 16:35:00-04:00,1774470900000,24397.25,False,True,0,0,CONFLUENCE_BUY,7,6,9.0,9.0,5.0,False,3.7.0
2026-03-25 16:35:59-04:00,1774470959000,24397.5,False,True,0,0,CONFLUENCE_BUY,7,6,9.0,9.0,5.0,False,3.7.0
2026-03-25 16:37:00-04:00,1774471020000,24396.5,False,True,0,0,CONFLUENCE_SELL,6,8,9.0,9.0,5.0,False,3.7.0
2026-03-25 16:38:00-04:00,1774471080000,24393.75,False,True,0,0,CONFLUENCE_BUY,6,5,9.0,9.0,5.0,False,3.7.0
2026-03-25 16:39:00-04:00,1774471140000,24383.25,False,True,0,0,RVOL_SPIKE_SELL,7,9,9.0,9.0,5.0,False,3.7.0
2026-03-25 16:39:59-04:00,1774471199000,24383.5,False,True,0,0,CONFLUENCE_BUY,7,6,9.0,9.0,5.0,False,3.7.0
2026-03-25 16:41:00-04:00,1774471260000,24379.75,False,True,0,0,CONFLUENCE_BUY,7,4,9.0,9.0,5.0,False,3.7.0
2026-03-25 16:42:00-04:00,1774471320000,24382.0,False,True,0,0,CONFLUENCE_BUY,7,5,9.0,9.0,5.0,False,3.7.0
2026-03-25 16:42:59-04:00,1774471379000,24379.75,False,True,0,0,CONFLUENCE_BUY,7,4,9.0,9.0,5.0,False,3.7.0
2026-03-25 16:44:00-04:00,1774471440000,24379.0,False,True,0,0,CONFLUENCE_SELL,6,7,9.0,9.0,5.0,False,3.7.0
2026-03-25 16:45:00-04:00,1774471500000,24375.5,False,True,0,0,BN_LONG_DN,7,6,9.0,9.0,5.0,False,3.7.0
2026-03-25 16:45:59-04:00,1774471559000,24378.75,False,True,0,0,CONFLUENCE_BUY,7,4,9.0,9.0,5.0,False,3.7.0
2026-03-25 16:47:00-04:00,1774471620000,24379.25,False,True,0,0,CONFLUENCE_BUY,7,4,9.0,9.0,5.0,False,3.7.0
2026-03-25 16:48:00-04:00,1774471680000,24379.75,False,True,0,0,CONFLUENCE_BUY,6,4,9.0,9.0,5.0,False,3.7.0
2026-03-25 16:48:59-04:00,1774471739000,24379.25,False,True,0,0,BN_LONG_UP,10,4,9.0,9.0,5.0,False,3.7.0
2026-03-25 16:50:00-04:00,1774471800000,24377.0,False,True,0,0,BN_LONG_DN,7,6,9.0,9.0,5.0,False,3.7.0
2026-03-25 16:51:00-04:00,1774471860000,24367.5,False,True,0,0,RVOL_SPIKE_SELL,6,9,9.0,9.0,5.0,False,3.7.0
2026-03-25 16:51:59-04:00,1774471919000,24364.0,False,True,0,0,BN_LONG_DN,7,7,9.0,9.0,5.0,False,3.7.0
2026-03-25 16:53:00-04:00,1774471980000,24360.0,False,True,0,0,VAH_REJECTION,9,5,9.0,9.0,5.0,False,3.7.0
2026-03-25 16:54:00-04:00,1774472040000,24352.75,False,True,0,0,RVOL_SPIKE_SELL,10,9,-7.0,9.0,5.0,False,3.7.0
2026-03-25 16:55:00-04:00,1774472100000,24347.5,False,True,0,0,RVOL_SPIKE_SELL,8,6,-1.75,9.0,5.0,False,3.7.0
2026-03-25 16:55:59-04:00,1774472159000,24345.75,False,True,0,0,VWAP_TRIPLE_BEAR,6,6,,9.0,5.0,False,3.7.0
