feature,rho_tern_es,rho_tern_nq,rho_buy_es,rho_buy_nq,rho_sell_es,rho_sell_nq,max_abs,max_abs_buy,max_abs_sell
amd_asia_range_atr,0.0030121912299607106,0.003632657094340996,-0.035138049359233016,-0.02631312312431489,-0.039749181592481815,-0.0324543395898586,0.039749181592481815,0.035138049359233016,0.039749181592481815
amd_dist_confirmed,-0.002355955309875024,-0.014408947315488111,-0.004906762916151782,-0.017387060325747227,-0.0006869483979895141,0.008369042697762988,0.017387060325747227,0.017387060325747227,0.008369042697762988
amd_dist_dir,-0.01088732512758784,-0.010291372851922442,-0.011262896540225921,-0.008902347615016513,0.008021604473307862,0.00945321909725855,0.011262896540225921,0.011262896540225921,0.00945321909725855
amd_dist_score,-0.002262245141309457,-0.004043579510383942,-0.012259618110269644,-0.008010332288623566,-0.008064736507710817,-0.000746480724463637,0.012259618110269644,0.012259618110269644,0.008064736507710817
amd_manip_score,0.0053739805407203136,0.0041415734767828866,-0.013853707849623845,-0.016349762015764192,-0.023004966072026088,-0.023507935569404777,0.023507935569404777,0.016349762015764192,0.023507935569404777
amd_phase,-0.003027712078155818,-0.009573142164650564,-0.009996437521903795,-0.012795813418196047,-0.004503543855279306,0.004330524178617269,0.012795813418196047,0.012795813418196047,0.004503543855279306
amd_po3_score,0.0043714778995766175,-0.005918928965536252,-0.00942181059336382,-0.01929645378530872,-0.016900905345707953,-0.008576876927159777,0.01929645378530872,0.01929645378530872,0.016900905345707953
amd_reversal_prob,0.0062983650360164956,0.0007251258361690656,-0.012210296441669185,-0.0270906082913081,-0.023011908664289184,-0.028065923465178742,0.028065923465178742,0.0270906082913081,0.028065923465178742
amd_session_bias,-0.011940891510349941,-0.024887541814901003,-0.016196361656731505,-0.023956964177168097,0.00502707403071532,0.02046001329096591,0.024887541814901003,0.023956964177168097,0.02046001329096591
amd_sweep_depth_atr,0.0005326631991799158,-0.0027941481383484553,-0.003944391207770889,-0.00039384081362041725,-0.004802770678801719,0.004566555416298327,0.004802770678801719,0.003944391207770889,0.004802770678801719
ask_pct,-0.017791319883381493,-0.019968319755078633,-0.01859595188441735,-0.018881440361966848,0.012921071278461057,0.016752262012817987,0.019968319755078633,0.018881440361966848,0.016752262012817987
bar_duration_sec,0.014383716895679457,0.013181166137748812,-0.07680793707643348,-0.08397339247417045,-0.10054951479275549,-0.10638890454228245,0.10638890454228245,0.08397339247417045,0.10638890454228245
bar_edge_buy,0.013732273166923685,-0.01424547640531051,-0.009937035488975173,0.012921297960991767,-0.03380361350756802,0.03803972720193319,0.03803972720193319,0.012921297960991767,0.03803972720193319
bar_edge_sell,0.0038854491672494665,-0.01675701900871087,-0.021861478220485123,0.012711128952833982,-0.028253667976126915,0.04228660010571627,0.04228660010571627,0.021861478220485123,0.04228660010571627
bars_in_va,0.014590008183800702,0.017373595837952137,-0.006188507713308439,-0.014746626490751319,-0.03162854846207366,-0.04539234374890675,0.04539234374890675,0.014746626490751319,0.04539234374890675
bars_since_retest_high,0.0005045883866951999,0.004632946203191554,-0.04411525932222974,-0.04801344742358632,-0.04416386753063993,-0.05567986940400158,0.05567986940400158,0.04801344742358632,0.05567986940400158
bars_since_retest_low,-0.005898188030079136,-0.0017973183152841035,-0.052425558656577186,-0.05852128717650956,-0.04110112223661768,-0.05466202808926753,0.05852128717650956,0.05852128717650956,0.05466202808926753
bid_pct,0.017791402581378277,0.019968355468865197,0.01859598752448575,0.018881460268959625,-0.012921181174692464,-0.016752305678448456,0.019968355468865197,0.018881460268959625,0.016752305678448456
bool_above_cur_vpoc,-0.00599749276357867,0.009025411143975145,-0.0059967198935006235,-0.011261942751879897,0.00462258706690883,-0.02714077247200575,0.02714077247200575,0.011261942751879897,0.02714077247200575
bool_above_mq_call,-0.021400088352711105,0.0072232700042868326,0.004881024007837703,0.027472666677664542,0.04227498957908231,0.01434582148037914,0.04227498957908231,0.027472666677664542,0.04227498957908231
bool_above_mq_hvl,-0.0006651775054317045,-0.004257445189235671,0.03375810230233733,0.0034357277878216456,0.0342841151193507,0.01094758300245527,0.0342841151193507,0.03375810230233733,0.0342841151193507
bool_above_prev_vpoc,-0.007125506144484758,0.007594855027373151,0.027018859581505735,0.008330136558138912,0.038988984553475325,-0.005236150752845728,0.038988984553475325,0.027018859581505735,0.038988984553475325
bool_above_vwap_d,-0.0037910453066678745,0.006531641334315208,-0.009790819488244293,-0.01993720267940136,-0.0029646935929746143,-0.03129339242831271,0.03129339242831271,0.01993720267940136,0.03129339242831271
bool_above_vwap_m,-0.009818985135005386,-0.008111395055522348,0.042424835360891026,0.04618487921074445,0.05882141250318227,0.06004187719569965,0.06004187719569965,0.04618487921074445,0.06004187719569965
bool_above_vwap_w,0.0003143689966066451,0.01223947218287101,0.025686033360653615,-0.0031683951494830723,0.02464901760611507,-0.024840744810716422,0.025686033360653615,0.025686033360653615,0.024840744810716422
bool_gex_flip_zone,0.013147734603644939,-0.0008985682450602855,-0.007702134309970827,-0.004110373922163379,-0.030587095769219013,-0.0024694577037396395,0.030587095769219013,0.007702134309970827,0.030587095769219013
bool_ib_inside,-0.008175875475423958,-0.01322466198099251,-0.00736716346444441,-0.020156567384342162,0.007093948898022979,0.0035307872461205225,0.020156567384342162,0.020156567384342162,0.007093948898022979
bool_near_level,-0.0034441222908111664,0.008342348150050135,-0.0055851412048449215,0.002614510796094907,0.0005536520496084421,-0.012212001473364516,0.012212001473364516,0.0055851412048449215,0.012212001473364516
bool_session_early,0.006687387919427594,0.009986784577741666,0.0023524902937743907,-0.001697309129912979,-0.009406301479986027,-0.019391027697903792,0.019391027697903792,0.0023524902937743907,0.019391027697903792
buy_vol,0.01590063113785185,0.006660725959165969,-0.0838281122844512,-0.09838531036053819,-0.11009393831441655,-0.10907040815451657,0.11009393831441655,0.09838531036053819,0.11009393831441655
contract,,,,,,,,,
ctx_absorption_score_5,0.025300874613301993,0.012989040936030382,-0.036635420856633606,-0.039235653908634045,-0.08026113013150059,-0.061823682052025764,0.08026113013150059,0.039235653908634045,0.08026113013150059
ctx_absorption_streak_5,-0.0026960352542309517,-0.004040799104314871,-0.0019669129987951615,-0.005235574226051981,0.002792954197100759,0.0019915107003869326,0.005235574226051981,0.005235574226051981,0.002792954197100759
ctx_climax_signal,-0.016864313563419536,-0.014029049254142872,-0.011285825012835217,-0.00835715226042892,0.018468958266684956,0.016621538338808584,0.018468958266684956,0.011285825012835217,0.018468958266684956
ctx_cvd_recovery_rate,-0.009353389669403555,-0.01033221544541931,-0.016211907495848558,-0.004245527673478309,0.00047931396096888556,0.014129051785899599,0.016211907495848558,0.016211907495848558,0.014129051785899599
ctx_day_type_intensity,-0.011302726671832198,-0.000327534266223643,-0.011971753210416146,0.0011397005205831495,0.008053825183957555,0.001707560064245528,0.011971753210416146,0.011971753210416146,0.008053825183957555
ctx_delta_exhaustion,0.011295458376508898,-0.008314823839021698,0.0034081332280482784,-0.01571710859383772,-0.016442570276755858,-0.0007890874964978026,0.016442570276755858,0.01571710859383772,0.016442570276755858
ctx_delta_slope_5,-0.006743945755687331,-0.007281910614049295,-0.013707599095460751,-0.0056358902352421705,-0.0016347384115038793,0.007344427682342307,0.013707599095460751,0.013707599095460751,0.007344427682342307
ctx_delta_sum_10,-0.007026325027654404,-0.004014409053498051,-0.05444679541184407,-0.039870408304201785,-0.04110793945982483,-0.03229276081077376,0.05444679541184407,0.05444679541184407,0.04110793945982483
ctx_delta_sum_3,-0.018781226320254047,-0.011614129996914893,-0.05148078966507931,-0.035297446336419715,-0.017607114885266485,-0.014292919841377158,0.05148078966507931,0.05148078966507931,0.017607114885266485
ctx_diag_imbalance_mean_5,-0.023212279793739066,-0.00861483764361901,-0.02072966488672765,-0.0024648647483412425,0.020323614796063746,0.012843235193140652,0.023212279793739066,0.02072966488672765,0.020323614796063746
ctx_dist_vwap_velocity,0.02714653582476018,0.013687225978297985,0.023540571288891463,0.01549675360157945,-0.024457538239897797,-0.008957571149561154,0.02714653582476018,0.023540571288891463,0.024457538239897797
ctx_div_density_20,0.007608652109920584,-0.001272781395077822,0.01782755526622605,0.01000969031736411,0.004161987607016055,0.012152333418163363,0.01782755526622605,0.01782755526622605,0.012152333418163363
ctx_excess_high_bars,-0.008751533893621075,-0.01172890197167393,-0.008680659104805892,-0.024489808119013017,0.006813699663072748,-0.0034057121359250295,0.024489808119013017,0.024489808119013017,0.006813699663072748
ctx_excess_low_bars,0.017299791177070995,0.004030271410287189,0.023861641864435096,0.002244837421208797,-0.006894074217950591,-0.004929261838027036,0.023861641864435096,0.023861641864435096,0.006894074217950591
ctx_finish_strength_mean_5,0.02331472690223381,0.0097187092259396,0.011457195920223021,0.010767479021045306,-0.029599975261410526,-0.00659377418611164,0.029599975261410526,0.011457195920223021,0.029599975261410526
ctx_ib_extension_ratio,0.003911849695168625,0.0012656334557095696,0.004842053330961676,0.012696963264249185,-0.0021019851102738836,0.0103064820253827,0.012696963264249185,0.012696963264249185,0.0103064820253827
ctx_ib_position_velocity,-0.011459511860447472,-0.01188892652241644,-0.012148358460931461,-0.009784089142125762,0.008155203266659286,0.011415116005767513,0.012148358460931461,0.012148358460931461,0.011415116005767513
ctx_instant_absorption,7.807851298800421e-05,-0.01222487138166582,0.002712708064889523,-0.011346411312510499,0.0025245762367336866,0.010466571570325973,0.01222487138166582,0.011346411312510499,0.010466571570325973
ctx_large_trader_slope_5,-0.003934879931060619,-0.00431661127550967,-0.003924769979460327,-0.00799991441425579,0.0030422425741240505,-0.0002519159893608175,0.00799991441425579,0.00799991441425579,0.0030422425741240505
ctx_mq_put_call_ratio,-0.01090447880069921,-0.0034277438946280184,0.04243828029916711,0.010642396962210924,0.060736054410866026,0.016599958563295065,0.060736054410866026,0.04243828029916711,0.060736054410866026
ctx_poc_migration_10,-0.0038050169957907806,-0.0016494668911075543,0.0015552017766980197,-0.0007405876722870094,0.008190976892713437,0.002193507855612509,0.008190976892713437,0.0015552017766980197,0.008190976892713437
ctx_poor_high,0.01356208619768481,0.006409371543674682,0.013522183014837385,0.01804314328491881,-0.010490455139425986,0.006468065871045067,0.01804314328491881,0.01804314328491881,0.010490455139425986
ctx_poor_low,-0.013304419023532648,0.00032649943132270905,-0.017093960745491736,0.007795975852117924,0.0065349514779578744,0.007127431664376993,0.017093960745491736,0.017093960745491736,0.007127431664376993
ctx_price_delta_div_3,0.005660273641333484,6.549146498699957e-05,0.0057122651586906156,-0.000818059124378575,-0.004310951614376472,-0.0009248332328396361,0.0057122651586906156,0.0057122651586906156,0.004310951614376472
ctx_price_slope_5,-0.025587068190792837,-0.025888603597199595,-0.023235972360176306,-0.024121587121097837,0.022024661545943326,0.02207282550089047,0.025888603597199595,0.024121587121097837,0.02207282550089047
ctx_range_vs_atr_10,-0.012628409618598839,-0.01980098235785987,-0.006067892152306167,0.0014458915640853665,0.016168092280746282,0.03654957582974343,0.03654957582974343,0.006067892152306167,0.03654957582974343
ctx_rotation_factor_20,0.00848236571957998,0.01004510947183464,-0.004896404107280594,-0.013977130926820716,-0.01966219559632489,-0.03163341033503302,0.03163341033503302,0.013977130926820716,0.03163341033503302
ctx_rvol_session,0.014252559751252804,0.0003147366778752028,-0.022264828446018726,-0.03680881305220897,-0.04680937508032464,-0.03694473795511741,0.04680937508032464,0.03680881305220897,0.04680937508032464
ctx_session_phase,-0.006203906286480353,-0.011664443818706972,-0.006435918211497653,-0.005848839703873857,0.004553277603810079,0.01490705914858655,0.01490705914858655,0.006435918211497653,0.01490705914858655
ctx_side_flip_count_10,0.014177037405303305,0.004473546185482036,0.009859609169287267,-0.0024717083831501717,-0.01516088768829829,-0.010377914286887356,0.01516088768829829,0.009859609169287267,0.01516088768829829
ctx_trend_day_score,-0.00913537716993413,-0.01300918465016418,-0.018519894704741892,-0.021601717413109078,-0.0021668649012071563,0.00172003339207879,0.021601717413109078,0.021601717413109078,0.0021668649012071563
ctx_va_developing_10,0.018990925487077728,-0.005585462470300707,0.007252829273609669,0.010855015281587251,-0.026150764489870682,0.020637203457689744,0.026150764489870682,0.010855015281587251,0.026150764489870682
ctx_va_position_velocity,-0.0018443736042968784,-0.003936567168834198,-0.003231533547042624,-0.0025406913779643676,6.0428242766975574e-05,0.004470602487382499,0.004470602487382499,0.003231533547042624,0.004470602487382499
ctx_va_width_atr,-0.009434862438024503,-0.005823500154478935,-0.037500733260265394,-0.012945827344147625,-0.020263715180825106,-0.0024683705566241267,0.037500733260265394,0.037500733260265394,0.020263715180825106
ctx_vol_sell_buy_ratio_5,-0.0002953520877420042,-0.003529882784556347,-0.0025458233341165187,-0.002206230250098575,-0.001980254715640531,0.004079905187857562,0.004079905187857562,0.0025458233341165187,0.004079905187857562
ctx_vol_slope_5,0.0019557373951229673,-0.0033094894499948106,-0.02937582325210281,-0.02069068163066443,-0.032245474459817326,-0.01458337539347266,0.032245474459817326,0.02937582325210281,0.032245474459817326
ctx_vol_z_5,0.005065889220486692,0.002490711413757482,-0.0020794793362032284,-0.005964352423773461,-0.010913988721998861,-0.010313605792829946,0.010913988721998861,0.005964352423773461,0.010913988721998861
ctx_vwap_slope_accel,-0.007006307287827219,-0.00717199330477105,-0.021036388440982594,-0.018032329618819298,-0.00836518806792759,-0.005104742140527959,0.021036388440982594,0.021036388440982594,0.00836518806792759
cvd_bar_delta,-0.012634959448396283,-0.013930324176630378,-0.03829333952753707,-0.028962696021417985,-0.015435727111827903,-0.003922700567684938,0.03829333952753707,0.03829333952753707,0.015435727111827903
cvd_day_dir,0.016297748670736713,0.004029269032904827,-0.022670114672719885,0.00446442784654447,-0.05078953052843122,-0.002733359161468465,0.05078953052843122,0.022670114672719885,0.05078953052843122
day_type,-0.007472801800040624,-0.006906752255478289,-0.036203772638469654,0.00546326456889161,-0.022428238800845306,0.01765083598107744,0.036203772638469654,0.036203772638469654,0.022428238800845306
delta_bar,-0.01261827389891934,-0.013956242649781816,-0.03831770440930323,-0.029026704078784975,-0.015488858628745548,-0.003940003611618378,0.03831770440930323,0.03831770440930323,0.015488858628745548
delta_bar_vol_norm,-0.01778745295446664,-0.019969366284934786,-0.01859250341951207,-0.018882045320203537,0.012917680778456406,0.016753520186803122,0.019969366284934786,0.018882045320203537,0.016753520186803122
delta_day,0.009791793985028725,0.014819688572490448,-0.052168211393746895,-0.05784225961468204,-0.06833267749317845,-0.08346376421844202,0.08346376421844202,0.05784225961468204,0.08346376421844202
delta_day_dir,-0.0044343719317926945,0.00972567472614091,-0.0025986849849591724,0.004290390847583292,0.005218176140395464,-0.013008904397022363,0.013008904397022363,0.004290390847583292,0.013008904397022363
delta_div_buy_clean,-0.0038867805881265824,-0.00249580720914481,-0.0010136110501775834,-0.002468438654598361,0.005814026517455462,0.0019866033680650433,0.005814026517455462,0.002468438654598361,0.005814026517455462
delta_div_sell_clean,-0.0025108105705674228,-0.014391685428708115,0.00427625129781864,-0.015483193180275055,0.008593454033276257,0.010220449773036202,0.015483193180275055,0.015483193180275055,0.010220449773036202
delta_div_strength,-0.0006562293852461341,-0.011162570480889233,0.0024938193609768907,-0.01416749308962053,0.003596113881991137,0.005793692420632837,0.01416749308962053,0.01416749308962053,0.005793692420632837
delta_divergence_clean,-0.0011524699347116596,0.0074568819308562856,-0.0036311330062857713,0.008186044823365692,-0.0015436079619920193,-0.005133871505914809,0.008186044823365692,0.008186044823365692,0.005133871505914809
diag_imbalance,-0.0187592038290456,-0.01707493473002408,-0.015616263993822961,-0.016700930689737888,0.0175397773616573,0.013775863976712214,0.0187592038290456,0.016700930689737888,0.0175397773616573
diag_neg_delta,0.02307387518486281,0.011167793764163212,-0.07312359032535123,-0.09248741342157352,-0.1121574157205621,-0.11123419867245,0.1121574157205621,0.09248741342157352,0.1121574157205621
diag_pos_delta,0.015076660918736214,0.005465694123173963,-0.08006847798007859,-0.09885579511614627,-0.1049621459275719,-0.10741591102634378,0.10741591102634378,0.09885579511614627,0.10741591102634378
dist_1d_max_atr,0.04899066156982883,0.05344161050178795,-0.008667838723608748,0.0025062219059520394,-0.09432031587474439,-0.09230994861586587,0.09432031587474439,0.008667838723608748,0.09432031587474439
dist_1d_min_atr,0.04991565836446018,0.05223958221495408,0.02241232691868659,0.009385099379733098,-0.06544893053636873,-0.08337800003028027,0.08337800003028027,0.02241232691868659,0.08337800003028027
dist_blind_nearest_dn,0.0036224804341556185,-0.003645934955914044,0.01158757261674938,-0.005600326164822785,0.005022700993740211,0.0009305876071065041,0.01158757261674938,0.01158757261674938,0.005022700993740211
dist_blind_nearest_up_atr,0.008286006570638358,0.006807387169901579,-0.010722818789481232,0.0009442232900389673,-0.02503433236670156,-0.011140621810317806,0.02503433236670156,0.010722818789481232,0.02503433236670156
dist_comp_20d_vah_atr,0.01732441931202307,0.010843364002937892,-0.06545548007733148,-0.06362833426815136,-0.09456321204606535,-0.08213079409544341,0.09456321204606535,0.06545548007733148,0.09456321204606535
dist_comp_20d_val_atr,0.017574794307367667,0.015276714391953697,-0.06563279822543946,-0.06792205403404347,-0.09517575296185261,-0.09423852180493793,0.09517575296185261,0.06792205403404347,0.09517575296185261
dist_comp_20d_vpoc_atr,0.016348728815539868,0.008393828832926636,-0.06643838365823695,-0.06607522621652087,-0.09381839528499505,-0.08020496224075786,0.09381839528499505,0.06643838365823695,0.09381839528499505
dist_comp_20d_vwap_atr,0.014889962949926502,0.006315046131294433,-0.0671243109894653,-0.06382385665118155,-0.09193602551591568,-0.07429236259195134,0.09193602551591568,0.0671243109894653,0.09193602551591568
dist_comp_50d_vah_atr,0.015479064551113628,0.005951473906497018,-0.06440271168274049,-0.06116796130146707,-0.09029788189321332,-0.07102208398482264,0.09029788189321332,0.06440271168274049,0.09029788189321332
dist_comp_50d_val_atr,0.01669372372019892,0.008771109030600733,-0.06619651658918768,-0.06660605813749895,-0.09418543283373233,-0.08139887185477984,0.09418543283373233,0.06660605813749895,0.09418543283373233
dist_comp_50d_vpoc_atr,0.016348728815539868,0.008393828832926636,-0.06643838365823695,-0.06607522621652087,-0.09381839528499505,-0.08020496224075786,0.09381839528499505,0.06643838365823695,0.09381839528499505
dist_comp_50d_vwap_atr,0.014568154164192203,0.005769468054552768,-0.0671245565019598,-0.06324142826316578,-0.09137255621835794,-0.07274894473355316,0.09137255621835794,0.0671245565019598,0.09137255621835794
dist_cur_vah_atr,-0.00037242709462332,0.0004580539552065015,-0.030317024075189457,-0.008379357615622517,-0.029090625462124712,-0.009095653665774445,0.030317024075189457,0.030317024075189457,0.029090625462124712
dist_cur_val_atr,-0.0009803149441181662,0.001249002521235158,-0.02578845425675571,-0.0029737240522577507,-0.02358296649049852,-0.005154915929747461,0.02578845425675571,0.02578845425675571,0.02358296649049852
dist_cur_vpoc_atr,-0.0006399486631593179,0.001018277674011706,-0.028636946270026848,-0.005920640984201949,-0.026973742520383974,-0.007658794364234891,0.028636946270026848,0.028636946270026848,0.026973742520383974
dist_cur_vwap_vp_atr,-0.00017732674137921223,0.002455414086692779,-0.02683589945604319,-0.0030219959420295667,-0.026017168149608267,-0.007342401752794713,0.02683589945604319,0.02683589945604319,0.026017168149608267
dist_ext_edge_buy_atr,0.01110728017697371,0.008636145392108944,-0.04564198441989396,-0.018516715453345184,-0.06423434551813094,-0.033621883963629355,0.06423434551813094,0.04564198441989396,0.06423434551813094
dist_ext_long_dn_atr,-0.0001845453335704278,-0.00013396855627756065,-0.029012231386599013,-0.005518715401621267,-0.02813964878500411,-0.005217783419968111,0.029012231386599013,0.029012231386599013,0.02813964878500411
dist_ext_long_up_atr,-5.943010787271798e-05,0.001289719228973821,-0.028550244781596654,-0.0038713454658049085,-0.027905572857876555,-0.006114456549520094,0.028550244781596654,0.028550244781596654,0.027905572857876555
dist_gex_nearest_dn,-0.007635217126048928,0.012987507347847281,-0.006607950760398443,0.012630269141679654,0.006891719328272278,-0.010550102922808011,0.012987507347847281,0.012630269141679654,0.010550102922808011
dist_gex_nearest_up_atr,-0.005107734807488997,0.003415222115785061,-0.047057443455732706,-0.020125420867305226,-0.03721927789674514,-0.02595197317354538,0.047057443455732706,0.047057443455732706,0.03721927789674514
dist_ib_high_atr,0.01658749927235807,0.00970299588304364,0.013331161080167785,0.008141674929541431,-0.015977454844889057,-0.00916158193302757,0.01658749927235807,0.013331161080167785,0.015977454844889057
dist_ib_low_atr,0.018996786883116068,0.011440383172751775,0.013553492903378959,-0.0025638691343359324,-0.01997966461402318,-0.022825839847999078,0.022825839847999078,0.013553492903378959,0.022825839847999078
dist_mq_call_0dte_atr,0.03017657011363529,0.037354763866270145,-0.03213839118912857,-0.014395204077810305,-0.08438996809066622,-0.0804848150892298,0.08438996809066622,0.03213839118912857,0.08438996809066622
dist_mq_call_atr,0.013868801197159709,0.00208410116342314,-0.04456150665807949,0.0050785143421838656,-0.06801166219101863,0.0013237544568875255,0.06801166219101863,0.04456150665807949,0.06801166219101863
dist_mq_hvl_atr,0.0008443223268605962,0.00337957373303314,-0.03581247690897704,-0.005490881028580359,-0.03661339902988027,-0.011422108951670226,0.03661339902988027,0.03581247690897704,0.03661339902988027
dist_mq_put_0dte_atr,0.030723029297013447,0.03676701434607166,0.026134869122463364,0.01822043657139285,-0.028177278868564113,-0.047200907940872755,0.047200907940872755,0.026134869122463364,0.047200907940872755
dist_mq_put_atr,0.00698803787971346,0.008610892591175642,-0.025979015377837318,-0.024756036601860897,-0.03772802651590009,-0.03974483066519629,0.03974483066519629,0.025979015377837318,0.03974483066519629
dist_open_830_atr,-0.003619299249783582,-0.0008548371389284274,-0.03088541002294618,-0.0066508567086568555,-0.023960726759226007,-0.005058357477216533,0.03088541002294618,0.03088541002294618,0.023960726759226007
dist_open_cash_atr,0.007512507959343681,0.00694059002090701,0.008166429637561366,0.00889612076619408,-0.005147799822205546,-0.003516214403947962,0.00889612076619408,0.00889612076619408,0.005147799822205546
dist_ovn_high_atr,4.296972705319595e-05,0.0007801470742889178,-0.029965781981248017,-0.006968081037583232,-0.029473681423546026,-0.008271853536996155,0.029965781981248017,0.029965781981248017,0.029473681423546026
dist_ovn_low_atr,-0.002040839319725167,0.0021321039180048893,-0.025187029809793413,-0.00019768715690305803,-0.02113521637084818,-0.003977053264010895,0.025187029809793413,0.025187029809793413,0.02113521637084818
dist_prev_vah_atr,0.00019581742315644027,0.0018046989747034152,-0.034518589883785124,-0.01011961628623939,-0.034208028956013846,-0.013204440814027996,0.034518589883785124,0.034518589883785124,0.034208028956013846
dist_prev_val_atr,0.0013939317001050965,0.0029168310529609684,-0.04166901262158801,-0.013702516271442375,-0.043321794276483305,-0.018718781463896415,0.043321794276483305,0.04166901262158801,0.043321794276483305
dist_prev_vpoc_atr,0.0033363914361671495,0.0032062037971648913,-0.043824214402226065,-0.016268886414320085,-0.048838782502060314,-0.021768957111661033,0.048838782502060314,0.043824214402226065,0.048838782502060314
dist_prev_vwap_atr,0.0003538979588342704,0.002448357081306093,-0.04051059482970565,-0.012756878942057483,-0.0403634901890319,-0.01695307851562548,0.04051059482970565,0.04051059482970565,0.0403634901890319
dist_prev_vwap_sd1d_atr,0.001096595205258716,0.002671754005348119,-0.042992052952712835,-0.013311395984980328,-0.04409894201753169,-0.017897464414287356,0.04409894201753169,0.042992052952712835,0.04409894201753169
dist_prev_vwap_sd1u_atr,0.0005651397772286791,0.0022539997412869095,-0.037402783765595346,-0.011586310409060803,-0.03768455302475683,-0.015451215600605573,0.03768455302475683,0.037402783765595346,0.03768455302475683
dist_sess_high_atr,0.0007535812128583426,0.001830441165336737,-0.0320413339652457,-0.00747753954918703,-0.03275470811687524,-0.010638334917465764,0.03275470811687524,0.0320413339652457,0.03275470811687524
dist_sess_low_atr,-0.0008350392294819602,0.0024834315195565145,-0.02498041716531102,-0.0006548779308925162,-0.023044707161241712,-0.00505213546087521,0.02498041716531102,0.02498041716531102,0.023044707161241712
dist_session_hvn_above_atr,0.005534012639968057,0.004547980201073668,0.012571954933144216,0.016330717523641118,0.0026400277025686713,0.008076768247869091,0.016330717523641118,0.016330717523641118,0.008076768247869091
dist_session_hvn_below,-0.0011437202905779066,-0.01139149979289725,-0.0013464881726160092,-0.007974009553148398,0.0006824528536909838,0.012322160863008993,0.012322160863008993,0.007974009553148398,0.012322160863008993
dist_session_lvn_above_atr,0.013404532806074234,0.016377727407505153,-0.02586622624078395,-0.010747030431933677,-0.04885710145533069,-0.03967230037995343,0.04885710145533069,0.02586622624078395,0.04885710145533069
dist_session_lvn_below_atr,-0.011118528729915691,-0.014634868611339127,-0.04354245376369125,-0.043846139104944136,-0.02324177583908191,-0.017385759597790967,0.043846139104944136,0.043846139104944136,0.02324177583908191
dist_swing_high_atr,0.0012736715517484285,0.0010550574061277782,-0.025414653717195625,-0.00550443345036614,-0.027164535584313435,-0.007312596885914151,0.027164535584313435,0.025414653717195625,0.027164535584313435
dist_swing_low_atr,0.00243729148241478,0.004242553023364695,-0.023512904279103606,-0.00023837647249145405,-0.027337098514137792,-0.007760501598214516,0.027337098514137792,0.023512904279103606,0.027337098514137792
dist_vix_call,0.004712149058582114,0.015171938141872834,0.021701953590318408,0.031986592663373434,0.013036812102566858,0.004709698716287025,0.031986592663373434,0.031986592663373434,0.013036812102566858
dist_vix_call_0dte,-0.010636292314075918,-0.003994539615661661,0.02494102723399735,0.036087037218520954,0.04310031292677766,0.04275797408919293,0.04310031292677766,0.036087037218520954,0.04310031292677766
dist_vix_gex_nearest_dn,-0.01757105079652765,-0.018488254017799518,0.008682804267216864,0.017630367959622372,0.039297489300287036,0.05022002786577238,0.05022002786577238,0.017630367959622372,0.05022002786577238
dist_vix_gex_nearest_up,-0.008205048997301435,-0.009348246062844479,0.0004235809199858121,0.0009611407399659154,0.014788286845256201,0.017530753209658367,0.017530753209658367,0.0009611407399659154,0.017530753209658367
dist_vix_hvl,-0.020624600402945725,-0.013500676421449542,0.024264831417672137,0.04206103386155581,0.05993336841228199,0.06552411509738441,0.06552411509738441,0.04206103386155581,0.06552411509738441
dist_vix_hvl_0dte,-0.0002660556588691817,0.008517609279011951,0.0008098701496297636,0.012530139695478696,0.0012605839223494317,-0.0027209899898415343,0.012530139695478696,0.012530139695478696,0.0027209899898415343
dist_vix_put,-0.01652482482915587,-0.009745952263073242,0.023475391273891935,0.04088978937112258,0.05197732776254617,0.057706692479984716,0.057706692479984716,0.04088978937112258,0.057706692479984716
dist_vix_put_0dte,0.006161367390185277,0.0023964002101151106,0.0035418282500325193,0.003469210618448266,-0.007318055956975386,-0.0008209988485459574,0.007318055956975386,0.0035418282500325193,0.007318055956975386
dist_vwap_d_atr,-0.00017662294879411197,0.0024548559813416058,-0.026835205718221608,-0.0030224805332624664,-0.026017720375443625,-0.007341890893347151,0.026835205718221608,0.026835205718221608,0.026017720375443625
dist_vwap_d_sd1d_atr,-0.0010742243261131408,0.002204889872241676,-0.025565413418777334,-0.001749430052855426,-0.02319964829776578,-0.005640090592965979,0.025565413418777334,0.025565413418777334,0.02319964829776578
dist_vwap_d_sd1u_atr,0.0002738947683131893,0.002109231169152845,-0.030103988615411813,-0.006379837622896313,-0.03001378101419584,-0.010047706619911626,0.030103988615411813,0.030103988615411813,0.03001378101419584
dist_vwap_d_sd2d_atr,-0.0013482058539051097,0.0025197718844917746,-0.024364920168510062,-0.00044673643190699675,-0.02154195362096335,-0.004910837561307938,0.024364920168510062,0.024364920168510062,0.02154195362096335
dist_vwap_d_sd2u_atr,0.0008526190213477725,0.0005423396887777632,-0.03299548385004576,-0.00966468558501858,-0.03386427600970463,-0.010515729413832133,0.03386427600970463,0.03299548385004576,0.03386427600970463
dist_vwap_d_sd3u_atr,-0.00013398747516161455,-0.0008834783201406493,-0.0380881524162474,-0.013614386398805934,-0.03713228870998836,-0.01189119394317265,0.0380881524162474,0.0380881524162474,0.03713228870998836
dist_vwap_m_atr,0.013386127869949534,0.00680201287249611,-0.06404831744881531,-0.05383553937187876,-0.08628401543734399,-0.06528235745562186,0.08628401543734399,0.06404831744881531,0.08628401543734399
dist_vwap_w_atr,-0.000720303047792401,-0.00045143746447889155,-0.038407288967417096,-0.013849977301270158,-0.036418337929607004,-0.012890376836772941,0.038407288967417096,0.038407288967417096,0.036418337929607004
div_at_key_level_ticks,0.009698858530262547,-0.0052795269479600105,0.006879953276260665,-0.0052449456215197966,-0.010239732864623523,0.004179332778996419,0.010239732864623523,0.006879953276260665,0.010239732864623523
div_confluence_dmp,-0.004605601758474632,-0.011399441336185619,0.0021246117657481214,-0.012054972047196176,0.010151984342799722,0.008302105366652842,0.012054972047196176,0.012054972047196176,0.010151984342799722
div_confluence_with_regime,-0.013215088015451277,-0.002120837731336866,0.007699649565352806,0.0003946105101186579,0.030702640563106436,0.004151734871478384,0.030702640563106436,0.007699649565352806,0.030702640563106436
div_forward_return_20b,-0.006399768589884362,0.001246371791170207,-0.0022154565438945954,0.0032137014224571303,0.009036919906794507,0.0009661864953462241,0.009036919906794507,0.0032137014224571303,0.009036919906794507
div_regime_proxy_ok,-0.013147734603644939,0.0008985682450602855,0.007702134309970827,0.004110373922163379,0.030587095769219013,0.0024694577037396395,0.030587095769219013,0.007702134309970827,0.030587095769219013
finish_delta_pct,-0.013527348649114484,0.0014085201565362472,-0.02876219002360447,-0.033898157808487976,-0.004521848005336226,-0.03600748048295941,0.03600748048295941,0.033898157808487976,0.03600748048295941
finish_strength,0.011768294235580816,0.004599779423277305,-0.0024436590036193318,0.004055525576968274,-0.023011828236373374,-0.004149463313960432,0.023011828236373374,0.004055525576968274,0.023011828236373374
high_ask_vol_pct,-0.00998316811766187,0.0009969677691006643,-0.03327767962402058,-0.03893992450206702,-0.01516015742951533,-0.04026144706679416,0.04026144706679416,0.03893992450206702,0.04026144706679416
high_pullback_delta,0.0036740009709545266,-0.0002866265354710936,-0.05445778866321879,-0.05023480132076023,-0.05986240952554827,-0.04915007245735337,0.05986240952554827,0.05445778866321879,0.05986240952554827
ib_broken_down,0.0010607424700207059,-0.0025634028897536403,0.00322711014689266,0.004105239980704132,0.0013079131948531876,0.008604753364827354,0.008604753364827354,0.004105239980704132,0.008604753364827354
ib_broken_up,-0.013770394067898477,-0.0017307330344356075,-0.014703543058118974,0.004538499990813448,0.009696354311456986,0.007556166674772243,0.014703543058118974,0.014703543058118974,0.009696354311456986
ib_complete,-0.007926072090629037,-0.011717473194206502,-0.0026558613656670633,0.0005653754969592737,0.011278468672014492,0.02134173953518671,0.02134173953518671,0.0026558613656670633,0.02134173953518671
ib_is_narrow,-0.002954733508358087,-0.003198591319748019,-0.009218075727816287,-0.02187779679877625,-0.0038677555585789757,-0.015953566575429602,0.02187779679877625,0.02187779679877625,0.015953566575429602
ib_position_pct,-0.004576089351294087,-0.011483824662395658,0.0025824917960250667,-0.00221999102380356,0.010549498226190496,0.018173916064634348,0.018173916064634348,0.0025824917960250667,0.018173916064634348
ib_range_atr,-0.002494257097992743,-0.0025362830207594144,0.00749340709272486,0.026320741394521945,0.011720699792667294,0.030517272138993193,0.030517272138993193,0.026320741394521945,0.030517272138993193
im_cross_delta_agreement_5,0.0012193672208728808,-0.0016678583250931073,-0.03417622985068093,-0.039252963788229886,-0.03566509604931315,-0.03584439091559781,0.039252963788229886,0.039252963788229886,0.03584439091559781
im_cross_delta_weighted_5,0.01294297088199656,0.005373088889172935,-0.059553540404757375,-0.08356155767617957,-0.08109806728845911,-0.09213289572397701,0.09213289572397701,0.08356155767617957,0.09213289572397701
im_cross_open_signal,0.002219142783793501,0.00010008262075174773,0.003252756372873819,0.008704538871943949,-0.0006960877553266024,0.00842715778926892,0.008704538871943949,0.008704538871943949,0.00842715778926892
im_delta_day_divergence,-0.004735547829017099,0.006311667038949708,0.006191458243311863,-0.003249711217633527,0.014369455000199463,-0.014407198262315228,0.014407198262315228,0.006191458243311863,0.014407198262315228
im_ltr_slope_diff,-0.005441493447074402,-0.008490505323484814,-0.002824187480548398,-0.00696940679392855,0.0067611108920700574,0.008169850644508755,0.008490505323484814,0.00696940679392855,0.008169850644508755
im_open_type_agreement,-0.007240290909407475,-0.007317266076734517,0.012041057254384964,0.008447650845655925,0.024495838695873268,0.021329095280053154,0.024495838695873268,0.012041057254384964,0.024495838695873268
im_price_ratio_slope_10,-0.0012252326133945744,-0.025981242868418557,0.0014576767871478523,-0.02280361794601578,0.0035763084781251036,0.02353998432021659,0.025981242868418557,0.02280361794601578,0.02353998432021659
im_rolling_correlation_10,0.01043481065115233,0.008592530388542336,-0.020335675840796447,-0.030966428984072376,-0.038229224985119575,-0.04585140210411301,0.04585140210411301,0.030966428984072376,0.04585140210411301
im_volume_lead,0.00791247905383276,-0.00029252734765270523,-0.018450496396482514,-0.02567955715835169,-0.03196138909331096,-0.024866087519238283,0.03196138909331096,0.02567955715835169,0.03196138909331096
inside_comp_20d_va,-0.0002340190938660881,0.014417728365300982,-0.056350236034593895,-0.04254075371566503,-0.054873374454682974,-0.06762487232628173,0.06762487232628173,0.056350236034593895,0.06762487232628173
inside_comp_50d_va,9.498854627600779e-05,0.0009862197559775425,-0.06498316951487013,-0.0394791759357802,-0.06391917283260662,-0.04077544824874098,0.06498316951487013,0.06498316951487013,0.06391917283260662
inside_cur_va,0.015605239978596497,0.017471968415578264,-0.004283542270750418,-0.01409703865805359,-0.03153802583667714,-0.04492468853370406,0.04492468853370406,0.01409703865805359,0.04492468853370406
inside_prev_va,-0.004850143331007762,0.0033159016245767237,0.03419675559736838,0.0028315332250929866,0.0420452378557935,-0.003082245886601769,0.0420452378557935,0.03419675559736838,0.0420452378557935
is_double_dist,-0.012510739141605538,0.0007393863393090004,-0.007640632944769115,-0.01911168740241123,0.014419007130567877,-0.020203839027082057,0.020203839027082057,0.01911168740241123,0.020203839027082057
large_trader_ratio,-0.005137412471881664,-0.004937013112660339,-0.030752128713065235,-0.03637166028783806,-0.021170700854105315,-0.027197765511363048,0.03637166028783806,0.03637166028783806,0.027197765511363048
low_bid_vol_pct,0.009313336901939112,0.013379168170401603,-0.01041403928068752,-0.027645541831419537,-0.026530966506468974,-0.051058499035926644,0.051058499035926644,0.027645541831419537,0.051058499035926644
low_pullback_delta,0.01613265897504643,0.01146108751785107,-0.038568025036399285,-0.037165130003085044,-0.06609724436258425,-0.05706683881240809,0.06609724436258425,0.038568025036399285,0.06609724436258425
lvn_confluence_count,0.007606592963754913,-0.0002790465374445902,0.000926428282060682,-0.01475153040383965,-0.012415527458422716,-0.01408734975013509,0.01475153040383965,0.01475153040383965,0.01408734975013509
momentum_3b,-0.009337575629508536,-0.02017479546507921,-0.01031405040002969,-0.02206566294013388,0.006237800042208871,0.013970790766788872,0.02206566294013388,0.02206566294013388,0.013970790766788872
momentum_5b,-0.020612799454965046,-0.025705396946174765,-0.01983237036427564,-0.02629659050915501,0.016650428773637156,0.01959782929943135,0.02629659050915501,0.02629659050915501,0.01959782929943135
mq_dist_1d_max_atr,0.04796597628294326,0.053260285147513256,-0.010001943844845287,0.0020146174982455254,-0.09383422719911738,-0.09247430268410665,0.09383422719911738,0.010001943844845287,0.09383422719911738
mq_dist_1d_min_atr,0.04904560913914522,0.05193199930969984,0.022108829239700267,0.009050780327670507,-0.0642226227675459,-0.08316293492852167,0.08316293492852167,0.022108829239700267,0.08316293492852167
mq_dist_call_0dte_atr,0.03035411684858285,0.03798268119890639,-0.0322903507355068,-0.013880774539870458,-0.0848500577971283,-0.08109000151062533,0.0848500577971283,0.0322903507355068,0.0848500577971283
mq_dist_call_res_atr,0.015290722654868779,0.0028156030139492826,-0.044954269667223365,0.005597614556138072,-0.0708877583547905,0.0005394610798300447,0.0708877583547905,0.044954269667223365,0.0708877583547905
mq_dist_gamma_flip,,,,,,,,,
mq_dist_hvl_atr,0.0035130945558190254,0.005164744941745489,-0.036090170974499035,-0.006067574929541388,-0.04156070458795171,-0.015158478800437263,0.04156070458795171,0.036090170974499035,0.04156070458795171
mq_dist_put_0dte_atr,0.029313998879176933,0.03640168113112651,0.026130962208707146,0.01866946707838252,-0.02571292324598145,-0.0461090511466202,0.0461090511466202,0.026130962208707146,0.0461090511466202
mq_dist_swing_20d_trigger,,,,,,,,,
mq_dist_swing_20d_upper,,,,,,,,,
mq_dist_swing_5d_trigger,,,,,,,,,
mq_dist_swing_5d_upper,,,,,,,,,
mq_es_nq_gamma_div,-0.006586713083433986,-0.002026483834695718,0.03514284143252799,-0.04595025881373948,0.04601534744463979,-0.041828766209119066,0.04601534744463979,0.04595025881373948,0.04601534744463979
mq_es_nq_gex_ratio,0.002519160303483198,-0.013739424939185176,0.06332671365617946,-0.07062189724678884,0.05771489425956655,-0.04544253170025874,0.07062189724678884,0.07062189724678884,0.05771489425956655
mq_es_nq_iv_spread,-0.010932913617967572,0.011048523520709992,0.05978157800495148,-0.05201174968572554,0.07780078422283776,-0.07101137186965756,0.07780078422283776,0.05978157800495148,0.07780078422283776
mq_exp_move_pct,-0.004412695358990055,-0.016164952002652364,-0.07710957209769023,-0.07528149729838207,-0.06791989699257046,-0.045746603576263055,0.07710957209769023,0.07710957209769023,0.06791989699257046
mq_expiring_gex_pct,0.02605540544316031,0.0283082516990305,0.036088745754771716,0.010460377341813256,-0.010235624828295006,-0.03986893929742231,0.03986893929742231,0.036088745754771716,0.03986893929742231
mq_gamma_condition,0.02925123911335419,0.02686512920772032,0.05050437133638076,-0.001849209210993367,-0.001691062952840299,-0.04947768326542198,0.05050437133638076,0.05050437133638076,0.04947768326542198
mq_hv_30d,0.019112365081105524,0.01930053966684839,-0.051021942437408395,-0.04815575101068556,-0.08353489003349206,-0.08183591065574707,0.08353489003349206,0.051021942437408395,0.08353489003349206
mq_hvl_distance_pct,0.010003302593407322,0.0012130019716731226,-0.01622177293107831,0.007672701729993735,-0.033437344870712454,0.005433214974475638,0.033437344870712454,0.01622177293107831,0.033437344870712454
mq_iv_30d,-0.004429232662743849,-0.015958090529743833,-0.0771005859663779,-0.07577995462357406,-0.06788211272674477,-0.04660624461640801,0.0771005859663779,0.0771005859663779,0.06788211272674477
mq_iv_rank,-0.003965875423611421,-0.015415341243215074,-0.07791398354344284,-0.07625013644088278,-0.06949176906353118,-0.04803368640152276,0.07791398354344284,0.07791398354344284,0.06949176906353118
mq_net_dex_b,0.020807318239265838,0.024159072104988175,0.04915016743950152,0.013212222009762523,0.01177152971480757,-0.02978941984019158,0.04915016743950152,0.04915016743950152,0.02978941984019158
mq_net_gex_m,0.011377669651815426,0.030654370844515996,0.023882757506233282,0.002724700868849,0.003500379784118987,-0.051677088543994706,0.051677088543994706,0.023882757506233282,0.051677088543994706
mq_net_gex_ratio,0.02306984396737427,0.027208984498860347,0.0505822815577206,0.006284995805099802,0.00921327804128394,-0.04204668643041276,0.0505822815577206,0.0505822815577206,0.04204668643041276
mq_pc_dex,-0.021549532772715943,-0.02904788057245916,-0.046452265471222914,-0.025032304932317416,-0.007824577740736208,0.0267760496823453,0.046452265471222914,0.046452265471222914,0.0267760496823453
mq_pc_gex,-0.022848256700036686,-0.027504520869021845,-0.050407032888077734,-0.006542568926787138,-0.009429500359916236,0.04231625045160235,0.050407032888077734,0.050407032888077734,0.04231625045160235
mq_pc_oi,-0.018707813124456983,-0.01334376914453453,0.05721645060496671,0.05637836410268284,0.08890346096843418,0.0793988802237474,0.08890346096843418,0.05721645060496671,0.08890346096843418
mq_qscore_momentum,-0.01172798142271085,-0.003099727952512201,0.06835326802277496,0.055435285842182394,0.08760289299446043,0.060297143431338025,0.08760289299446043,0.06835326802277496,0.08760289299446043
mq_qscore_option,,,,,,,,,
mq_qscore_seasonality,,,,,,,,,
mq_qscore_volatility,,,,,,,,,
mq_swing_20d_bias,-0.01172798142271085,-0.003099727952512201,0.06835326802277496,0.055435285842182394,0.08760289299446043,0.060297143431338025,0.08760289299446043,0.06835326802277496,0.08760289299446043
mq_swing_5d_bias,-0.01172798142271085,-0.003099727952512201,0.06835326802277496,0.055435285842182394,0.08760289299446043,0.060297143431338025,0.08760289299446043,0.06835326802277496,0.08760289299446043
next_wall_dist_atr,0.004898610315633953,-0.00817540400462507,-0.036771897946407416,0.012845141239001823,-0.04465652188599338,0.027198180373969125,0.04465652188599338,0.036771897946407416,0.04465652188599338
next_wall_is_call,-0.01071030907851996,-0.005437721590761552,0.03839173332020836,0.0057445203799929775,0.056425998788712566,0.015323299323545071,0.056425998788712566,0.03839173332020836,0.056425998788712566
open_bias_conf,-0.005207738227921179,-0.00844541125395309,0.015684586995825017,0.028018308537710482,0.02450997398487193,0.04267616600842157,0.04267616600842157,0.028018308537710482,0.04267616600842157
open_direction,-0.0008559785133534981,0.00013388636294817097,0.015610851524647544,0.008613893080112843,0.01681468807079418,0.008277595534969744,0.01681468807079418,0.015610851524647544,0.01681468807079418
open_gap_atr,-0.00021177819882565194,-0.004872991355283498,-0.04484398672280406,-0.028182671568176436,-0.043623942996564136,-0.019216283080030476,0.04484398672280406,0.04484398672280406,0.043623942996564136
open_in_prev_va,0.014657386989990206,0.006695957698557968,0.02334570125643767,-0.011664979237644035,-0.0027715654134270675,-0.023407519087317506,0.023407519087317506,0.02334570125643767,0.023407519087317506
open_position,0.002828442159777869,0.004643411058207242,0.030627336875569663,0.012943382729458197,0.025092878694022776,0.00455903455762223,0.030627336875569663,0.030627336875569663,0.025092878694022776
open_type,-0.011421803219629531,-0.00926138959234436,-0.013843052249717451,-0.0042172444421571765,0.0064265427506991655,0.012257726142349577,0.013843052249717451,0.013843052249717451,0.012257726142349577
open_zone,-0.009876709534994215,-0.002580487964214913,0.02382784683252568,-0.0051712701731409065,0.04067765366382559,-0.0005350231019707856,0.04067765366382559,0.02382784683252568,0.04067765366382559
ovn_range_atr,0.008177585974312732,-0.009402098725883145,-0.01715619668024727,-0.03791272281440772,-0.03115598147784192,-0.02080158933504462,0.03791272281440772,0.03791272281440772,0.03115598147784192
poc_bar_dist_atr,0.009141203100970658,0.004866085571138981,-0.04772921741512627,-0.056870605685693264,-0.06283809573579838,-0.06484891913182379,0.06484891913182379,0.056870605685693264,0.06484891913182379
poc_position,-0.002560668438929522,0.006395433589427565,-0.00532652211153664,-0.014702159172751611,-0.0007401653654708063,-0.025876824546453774,0.025876824546453774,0.014702159172751611,0.025876824546453774
poc_separation_atr,-0.011754637784846157,0.013761102651929346,-0.01316411145707146,0.0014920972231748653,0.0076756524600483135,-0.022932582751633433,0.022932582751633433,0.01316411145707146,0.022932582751633433
price_vs_swing_mid,-0.006727671919410065,0.0015887507764140863,-0.011577910129118796,-0.021241821058647335,0.00042612038809947356,-0.023816019823681495,0.023816019823681495,0.021241821058647335,0.023816019823681495
profile_shape,-0.013254667045694833,0.0010324520170917279,-0.005586602674474929,-0.0183495294584372,0.017737279734022685,-0.019970225212423295,0.019970225212423295,0.0183495294584372,0.019970225212423295
profile_skew,-0.005346331507111056,9.976240767543045e-05,-0.0025760024340257598,-0.01067270808090199,0.006837902324251169,-0.010727203722329617,0.010727203722329617,0.01067270808090199,0.010727203722329617
range_pos,0.0019522113672716817,0.014430731747632545,-0.0047626467488959675,-0.01278683212891716,-0.008092145849868046,-0.03823538469043791,0.03823538469043791,0.01278683212891716,0.03823538469043791
range_size_atr,0.006260934342128489,-0.002900445293408288,-0.01441791130582966,-0.03237966691234592,-0.025112157600397797,-0.026863758093144823,0.03237966691234592,0.03237966691234592,0.026863758093144823
retest_high_count,-0.018866057858561058,-0.017398955471368546,-0.01956893384134516,0.0174139010950628,0.013849122572163104,0.048073995837836364,0.048073995837836364,0.01956893384134516,0.048073995837836364
rotation_zz_osc,0.00732346420975307,-0.0029365634739693183,0.004092459581477235,-0.00789978944058453,-0.00881348698118034,-0.002600679721132878,0.00881348698118034,0.00789978944058453,0.00881348698118034
rvol,0.013968148027447677,0.0036380670308766754,-0.021083643797906747,-0.03229900663907151,-0.045152352917574294,-0.03838114174636696,0.045152352917574294,0.03229900663907151,0.045152352917574294
rvol_buy_strong,-0.003071442053869654,-0.0035533226491877355,-0.0020389314373736992,0.000675259372525092,0.0033798967726740774,0.00696990955717035,0.00696990955717035,0.0020389314373736992,0.00696990955717035
rvol_regime,0.013341033160429724,0.004640839786454687,-0.018354719738833836,-0.02599155796043195,-0.04137658549031527,-0.033924640292327765,0.04137658549031527,0.02599155796043195,0.04137658549031527
rvol_sell_strong,-0.00840070665720978,-0.011009828097074702,-0.003772163737808534,-0.006191204614923455,0.011014716297264455,0.013407554434958634,0.013407554434958634,0.006191204614923455,0.013407554434958634
rvol_zscore,0.005024291962753717,0.0002854884980294674,-0.012471069777020864,-0.017215576252369073,-0.02103595979063024,-0.017524420304541172,0.02103595979063024,0.017215576252369073,0.02103595979063024
sell_vol,0.023055996386131476,0.012441300854797884,-0.07658944176453611,-0.09242617604818619,-0.11552632677137986,-0.11343243650725324,0.11552632677137986,0.09242617604818619,0.11552632677137986
sess_range_atr,-0.0026623151902961948,-0.006726801690923614,-0.020294332930596064,-0.030722803797915265,-0.015246522658546764,-0.018439236948381083,0.030722803797915265,0.030722803797915265,0.018439236948381083
session,-0.003027712078155818,-0.009573142164650564,-0.009996437521903795,-0.012795813418196047,-0.004503543855279306,0.004330524178617269,0.012795813418196047,0.012795813418196047,0.004503543855279306
session_hvn_count,0.0029858084722190477,-0.0021078120205787164,0.0012578869239132874,-0.003027411487102355,-0.003996149300028501,0.0007458709218680962,0.003996149300028501,0.003027411487102355,0.003996149300028501
session_id,,,,,,,,,
session_lvn_count,0.006164037450814554,0.003144458859759803,0.004038987770339523,-0.0023205127783638884,-0.0068349867514951425,-0.007871100127088049,0.007871100127088049,0.004038987770339523,0.007871100127088049
single_print_count,0.017213016582944468,0.013888254290159434,-0.04918671215095056,-0.07700587295176771,-0.07840733262982987,-0.10075546042605966,0.10075546042605966,0.07700587295176771,0.10075546042605966
swing_range_atr,-0.013502580153472839,-0.025524462014917915,0.005953509046292391,-0.011837456543081664,0.029493159297919295,0.03357015425391638,0.03357015425391638,0.011837456543081664,0.03357015425391638
sym,,,,,,,,,
ticks_count,0.02131140462740837,0.010454927123512099,-0.08056276638199794,-0.09701644566747712,-0.11636843172061598,-0.11444688347899351,0.11636843172061598,0.09701644566747712,0.11636843172061598
total_vol,0.02121939491252014,0.010137018494493735,-0.0798059541270568,-0.09647490058144685,-0.1154647761403528,-0.11334768877807168,0.1154647761403528,0.09647490058144685,0.1154647761403528
trend_day_probability,-0.016365794531635284,-0.018938472161783106,-0.018707695064430197,-0.018645190142983218,0.01031436121563345,0.015159198956775576,0.018938472161783106,0.018707695064430197,0.015159198956775576
va_position_pct,0.014164575590521675,0.017012644982478516,-0.005488222567381032,-0.014524318980953688,-0.030196295224874513,-0.04453238156115345,0.04453238156115345,0.014524318980953688,0.04453238156115345
vah_touches_20b,0.0046447487053884046,0.01615846292002113,-0.0035952743652281197,-0.0020305684013939723,-0.011663374933147182,-0.030666942023343604,0.030666942023343604,0.0035952743652281197,0.030666942023343604
val_touches_20b,0.015096987053158118,0.0010704470790151544,0.011607457626749638,-0.006081783577451597,-0.015057602145173928,-0.007910619101376594,0.015096987053158118,0.011607457626749638,0.015057602145173928
vix_above_hvl,0.007828966275881089,-0.004086554286406604,-0.03059375675060243,-0.04979111080622963,-0.043728440943219524,-0.041971680554040255,0.04979111080622963,0.04979111080622963,0.043728440943219524
vix_above_hvl_0dte,0.0005815575479782707,-0.003942625113903091,-0.017135004156248326,-0.026355216283901257,-0.01782928123407334,-0.019059950748314316,0.026355216283901257,0.026355216283901257,0.019059950748314316
vix_level,0.020299839942195478,0.013229274893193988,-0.024482729121576775,-0.04230284249000723,-0.05957825986442995,-0.0652817745311128,0.0652817745311128,0.04230284249000723,0.0652817745311128
vix_regime,0.004030701590090637,-0.002884702814794654,-0.02729603538734424,-0.04092899792295878,-0.03383976519894409,-0.03534292345259261,0.04092899792295878,0.04092899792295878,0.03534292345259261
vol_per_sec,0.019949150569824967,0.007097158878997105,-0.07703844004372527,-0.09463274137600931,-0.1105245840209055,-0.10613497784292418,0.1105245840209055,0.09463274137600931,0.1105245840209055
volume_imbalance,-0.0006995208684378516,-0.002517501021350628,-0.004064302189058941,-0.010576712095134893,-0.0027620032037708915,-0.005990165357719563,0.010576712095134893,0.010576712095134893,0.005990165357719563
vwap_d_side,-0.003790130090521049,0.006531641334315208,-0.009830232407485583,-0.01993720267940136,-0.003004963447977416,-0.03129339242831271,0.03129339242831271,0.01993720267940136,0.03129339242831271
vwap_m_side,-0.009818891661572082,-0.008088439187604598,0.0423994593504148,0.04621216474748828,0.05879635322382161,0.06002813370471026,0.06002813370471026,0.04621216474748828,0.06002813370471026
vwap_ma_align,0.0037897316823401845,-0.006531641334315208,0.009843732073077685,0.01993720267940136,0.00301890540048623,0.03129339242831271,0.03129339242831271,0.01993720267940136,0.03129339242831271
vwap_slope_10,-0.0006371304651511228,-0.008363252072118943,0.010262304643435452,0.008565953917332725,0.011184055686427939,0.02330126788351532,0.02330126788351532,0.010262304643435452,0.02330126788351532
vwap_slope_10_dir,-0.007947671645106838,-0.0025955676028544595,0.012790876535204379,0.023193037604899044,0.026470574747714453,0.02753060375199567,0.02753060375199567,0.023193037604899044,0.02753060375199567
vwap_slope_30,0.00545194061480097,-0.003264728900559074,0.002492318416106855,-0.011722316035696224,-0.007104996596918041,-0.005797295076563185,0.011722316035696224,0.011722316035696224,0.007104996596918041
vwap_triple_align,-0.009020626908306963,-0.0026877901166624976,0.02051363514792029,0.014475847201147026,0.035926599215531194,0.019076998401264176,0.035926599215531194,0.02051363514792029,0.035926599215531194
vwap_w_side,0.0003149183252353987,0.01223947218287101,0.025661401806301727,-0.0031683951494830723,0.02462389016908682,-0.024840744810716422,0.025661401806301727,0.025661401806301727,0.024840744810716422
