feature,rank,rho_es_max_abs,rho_nq_max_abs,rho_buy_es,rho_buy_nq,rho_sell_es,rho_sell_nq,mda_es_buy,mda_es_sell,mda_nq_buy,mda_nq_sell,top_freq_es,top_freq_nq,stable_v2_v3,was_in_training,mda_meaningful,natural_diff_ok,symmetry_ok,live_source,live_short,tier,status_proposed
ticks_count,1,0.1163684317206159,0.1144468834789935,-0.0805627663819979,-0.0970164456674771,-0.1163684317206159,-0.1144468834789935,-0.0003700472336713,0.0090736785101838,0.0,0.0,0.1389411617112031,0.1579350031600306,4,True,True,False,True,JSONL_DIRECT,JSONL,T1_SOLID,KEEP
diag_neg_delta,2,0.1121574157205621,0.11123419867245,-0.0731235903253512,-0.0924874134215735,-0.1121574157205621,-0.11123419867245,0.000132374620175,0.0033605102439904,0.0195399361022363,0.0193865814696485,0.2859741563166478,0.3046602135515417,4,True,True,False,True,JSONL_DIRECT,JSONL,T1_SOLID,KEEP
diag_pos_delta,3,0.1049621459275719,0.1074159110263437,-0.0800684779800785,-0.0988557951161462,-0.1049621459275719,-0.1074159110263437,0.0031138120882096,0.0059327897951201,0.0,0.0,0.2911491657257559,0.3032298839104547,4,True,True,False,True,JSONL_DIRECT,JSONL,T1_SOLID,KEEP
bar_duration_sec,4,0.1005495147927554,0.1063889045422824,-0.0768079370764334,-0.0839733924741704,-0.1005495147927554,-0.1063889045422824,0.0009206053130358,0.002454947501429,0.0,0.0,0.3379751599548363,0.3174666533612746,4,True,True,False,True,JSONL_DIRECT,JSONL,T1_SOLID,KEEP
single_print_count,5,0.0784073326298298,0.1007554604260596,-0.0491867121509505,-0.0770058729517677,-0.0784073326298298,-0.1007554604260596,0.0,0.0,0.0,0.0,0.2703864007025467,0.4733393207597379,0,False,False,False,True,JSONL_DIRECT,JSONL,T4_REVIEW,KEEP_RETEST
dist_comp_20d_val_atr,6,0.0951757529618526,0.0942385218049379,-0.0656327982254394,-0.0679220540340434,-0.0951757529618526,-0.0942385218049379,-0.0008484009747585,0.0014982400192544,0.0,0.0,0.0012859114289298,0.0007317965605561,4,True,True,False,True,ATR_NORMALIZE_LIVE,ATR_NORM,T1_SOLID,KEEP
dist_1d_max_atr,7,0.0943203158747443,0.0923099486158658,-0.0086678387236087,0.002506221905952,-0.0943203158747443,-0.0923099486158658,0.0097505941815337,0.00310177803183,0.0,0.0,0.0035754610462928,0.000365898280278,2,True,True,False,True,ATR_NORMALIZE_LIVE,ATR_NORM,T1_SOLID,KEEP
im_cross_delta_weighted_5,8,0.0810980672884591,0.092132895723977,-0.0595535404047573,-0.0835615576761795,-0.0810980672884591,-0.092132895723977,0.0040073407743915,0.0025993561779836,0.0,0.0,0.1826307866014301,0.1376775438246349,4,True,True,False,True,INTERMARKET_PY_NOT_LIVE,IM_TODO,T1_SOLID,KEEP
mq_pc_oi,9,0.0889034609684341,0.0793988802237474,0.0572164506049667,0.0563783641026828,0.0889034609684341,0.0793988802237474,0.0,0.0,0.0,0.0,0.1907539831890603,0.089378970827928,0,False,False,True,True,MENTHORQ_DAILY,MQ_DAILY,T4_REVIEW,KEEP_RETEST
mq_dist_call_0dte_atr,10,0.0848500577971283,0.0810900015106253,-0.0322903507355068,-0.0138807745398704,-0.0848500577971283,-0.0810900015106253,0.0,0.0,0.0,0.0,0.0255300464182662,0.0227189568572664,0,False,False,False,True,MENTHORQ_DAILY,MQ_DAILY,T4_REVIEW,KEEP_RETEST
mq_hv_30d,11,0.083534890033492,0.081835910655747,-0.0510219424374083,-0.0481557510106855,-0.083534890033492,-0.081835910655747,0.0,0.0,0.0,0.0,0.0534437335340609,0.0541529454811562,0,False,False,False,True,MENTHORQ_DAILY,MQ_DAILY,T4_REVIEW,KEEP_RETEST
delta_day,12,0.0683326774931784,0.083463764218442,-0.0521682113937468,-0.057842259614682,-0.0683326774931784,-0.083463764218442,0.0032522037365744,0.0036222509702457,0.0138019169329073,0.0114632587859424,0.4143143896625266,0.2513055915909922,4,True,True,False,True,JSONL_DIRECT,JSONL,T1_SOLID,KEEP
ctx_absorption_score_5,13,0.0802611301315005,0.0618236820520257,-0.0366354208566336,-0.039235653908634,-0.0802611301315005,-0.0618236820520257,0.0003790727759559,0.000376064261861,0.0,0.0,0.5714151298456907,0.666832984066793,4,True,True,False,True,ROLLING_FEATURES_PY_NOT_LIVE,ROLLING_TODO,T1_SOLID,KEEP
mq_iv_rank,14,0.0779139835434428,0.0762501364408827,-0.0779139835434428,-0.0762501364408827,-0.0694917690635311,-0.0480336864015227,0.0,0.0,0.0,0.0,0.0503387278885961,0.046768452915544,0,False,False,True,True,MENTHORQ_DAILY,MQ_DAILY,T4_REVIEW,KEEP_RETEST
mq_es_nq_iv_spread,15,0.0778007842228377,0.0710113718696575,0.0597815780049514,-0.0520117496857255,0.0778007842228377,-0.0710113718696575,0.0,0.0,0.0,0.0,0.0503387278885961,0.0497954295978445,0,False,False,True,True,MENTHORQ_DAILY,MQ_DAILY,T4_REVIEW,KEEP_RETEST
mq_dist_call_res_atr,16,0.0708877583547905,0.005597614556138,-0.0449542696672233,0.005597614556138,-0.0708877583547905,0.00053946107983,0.0,0.0,0.0,0.0,0.0256555011918203,0.0228520107773675,0,False,False,True,True,MENTHORQ_DAILY,MQ_DAILY,T4_REVIEW,KEEP_RETEST
mq_es_nq_gex_ratio,17,0.0633267136561794,0.0706218972467888,0.0633267136561794,-0.0706218972467888,0.0577148942595665,-0.0454425317002587,0.0,0.0,0.0,0.0,0.1761071383766152,0.1782589894554768,0,False,False,True,True,MENTHORQ_DAILY,MQ_DAILY,T4_REVIEW,KEEP_RETEST
inside_comp_20d_va,18,0.0563502360345938,0.0676248723262817,-0.0563502360345938,-0.042540753715665,-0.0548733744546829,-0.0676248723262817,0.0,0.0001083065074159,0.0001661341853034,6.389776357823562e-05,0.7502509095471083,0.6137777334264711,4,True,True,True,True,JSONL_DIRECT,JSONL,T1_SOLID,KEEP
low_pullback_delta,19,0.0660972443625842,0.057066838812408,-0.0385680250363992,-0.037165130003085,-0.0660972443625842,-0.057066838812408,0.0017449381750353,0.002427870874575,0.0,0.0,0.2597854723372224,0.4172570934371153,4,True,True,False,True,JSONL_DIRECT,JSONL,T1_SOLID,KEEP
dist_vix_hvl,20,0.0599333684122819,0.0655241150973844,0.0242648314176721,0.0420610338615558,0.0599333684122819,0.0655241150973844,0.0,0.0,0.0029392971246005,0.0031182108626197,0.7324676953958098,0.7011941589329076,0,True,False,False,True,JSONL_DIRECT,JSONL,T3_WEAK,DROP
inside_comp_50d_va,21,0.0649831695148701,0.0407754482487409,-0.0649831695148701,-0.0394791759357802,-0.0639191728326066,-0.0407754482487409,0.0,0.000132374620175,-3.833865814698578e-05,-2.220446049250313e-17,0.5992974532680968,0.5263280444400094,4,True,True,True,True,JSONL_DIRECT,JSONL,T1_SOLID,KEEP
poc_bar_dist_atr,22,0.0628380957357983,0.0648489191318237,-0.0477292174151262,-0.0568706056856932,-0.0628380957357983,-0.0648489191318237,0.0018291765696922,0.0026204157766478,0.0,0.0,0.3548488269978673,0.3025313508299238,4,True,True,False,True,ATR_NORMALIZE_LIVE,ATR_NORM,T1_SOLID,KEEP
dist_ext_edge_buy_atr,23,0.0642343455181309,0.0336218839636293,-0.0456419844198939,-0.0185167154533451,-0.0642343455181309,-0.0336218839636293,0.0001474171906495,-0.0001022894792262,0.0,0.0,0.0268786852339731,0.0398163855902604,2,True,True,False,True,ATR_NORMALIZE_LIVE,ATR_NORM,T1_SOLID,KEEP
ctx_mq_put_call_ratio,24,0.060736054410866,0.016599958563295,0.0424382802991671,0.0106423969622109,0.060736054410866,0.016599958563295,0.0036523361111946,0.0026264328048376,0.0087156549520766,0.011961661341853,0.0046104629281144,0.0008981139606825,2,True,True,True,True,ROLLING_FEATURES_PY_NOT_LIVE,ROLLING_TODO,T1_SOLID,KEEP
bool_above_vwap_m,25,0.0588214125031822,0.0600418771956996,0.042424835360891,0.0461848792107444,0.0588214125031822,0.0600418771956996,0.0,0.0,0.0,0.0,0.741061347384268,0.7365532381997805,4,True,False,False,True,JSONL_DIRECT,JSONL,T3_WEAK,DROP
high_pullback_delta,26,0.0598624095255482,0.0502348013207602,-0.0544577886632187,-0.0502348013207602,-0.0598624095255482,-0.0491500724573533,0.0018291765696922,0.0015313336742982,0.0,0.0,0.2538890979801781,0.4184213152380002,4,True,True,False,True,JSONL_DIRECT,JSONL,T1_SOLID,KEEP
next_wall_is_call,27,0.0564259987887125,0.015323299323545,0.0383917333202083,0.0057445203799929,0.0564259987887125,0.015323299323545,0.0,0.0,0.0,0.0,0.6491029983690879,0.6343678275621195,2,True,False,False,True,JSONL_DIRECT,JSONL,T3_WEAK,DROP
ctx_delta_sum_10,28,0.054446795411844,0.0398704083042017,-0.054446795411844,-0.0398704083042017,-0.0411079394598248,-0.0322927608107737,0.0031950419687716,0.0030927524895453,0.0,0.0,0.2170681219420399,0.1615939859628114,4,True,True,False,True,ROLLING_FEATURES_PY_NOT_LIVE,ROLLING_TODO,T1_SOLID,KEEP
mq_net_gex_m,29,0.0238827575062332,0.0516770885439947,0.0238827575062332,0.002724700868849,0.0035003797841189,-0.0516770885439947,0.0,0.0,0.0,0.0,0.3588006523648225,0.0598077370854538,0,False,False,True,True,MENTHORQ_DAILY,MQ_DAILY,T4_REVIEW,KEEP_RETEST
ctx_delta_sum_3,30,0.0514807896650793,0.0352974463364197,-0.0514807896650793,-0.0352974463364197,-0.0176071148852664,-0.0142929198413771,0.0029904630103192,0.0084358735220674,0.0,0.0,0.185798519633672,0.1341848784219805,2,True,True,False,True,ROLLING_FEATURES_PY_NOT_LIVE,ROLLING_TODO,T1_SOLID,KEEP
low_bid_vol_pct,31,0.0265309665064689,0.0510584990359266,-0.0104140392806875,-0.0276455418314195,-0.0265309665064689,-0.0510584990359266,0.0005866602485032,0.0025301603538012,0.0,0.0,0.530454146280266,0.6873232877623657,3,True,True,False,True,JSONL_DIRECT,JSONL,T1_SOLID,KEEP
cvd_day_dir,32,0.0507895305284312,0.0044644278465444,-0.0226701146727198,0.0044644278465444,-0.0507895305284312,-0.0027333591614684,0.000105297993321,-6.919582418246639e-05,0.0,0.0,0.7882323422406222,0.8304227788311214,2,True,True,True,True,JSONL_DIRECT,JSONL,T1_SOLID,KEEP
mq_net_gex_ratio,33,0.0505822815577206,0.0420466864304127,0.0505822815577206,0.0062849958050998,0.0092132780412839,-0.0420466864304127,0.0,0.0,0.0,0.0,0.0375423409860745,0.0367561454279346,0,False,False,True,True,MENTHORQ_DAILY,MQ_DAILY,T4_REVIEW,KEEP_RETEST
dist_vix_gex_nearest_dn,34,0.039297489300287,0.0502200278657723,0.0086828042672168,0.0176303679596223,0.039297489300287,0.0502200278657723,0.0,0.0,0.0,0.0,0.7595972901768913,0.7307653926753817,0,True,False,False,True,JSONL_DIRECT,JSONL,T3_WEAK,DROP
mq_net_dex_b,35,0.0491501674395015,0.0297894198401915,0.0491501674395015,0.0132122220097625,0.0117715297148075,-0.0297894198401915,0.0,0.0,0.0,0.0,0.1072011040020072,0.1576688953198283,0,False,False,True,True,MENTHORQ_DAILY,MQ_DAILY,T4_REVIEW,KEEP_RETEST
dist_session_lvn_above_atr,36,0.0488571014553306,0.0396723003799534,-0.0258662262407839,-0.0107470304319336,-0.0488571014553306,-0.0396723003799534,0.0030686843767862,0.0027798670236769,0.0,0.0,0.1404152553004641,0.355852709310448,3,True,True,False,True,ATR_NORMALIZE_LIVE,ATR_NORM,T1_SOLID,KEEP
retest_high_count,37,0.0195689338413451,0.0480739958378363,-0.0195689338413451,0.0174139010950628,0.0138491225721631,0.0480739958378363,-0.0021721471765095,0.0010589969614007,0.0,0.0,0.4662840296073265,0.5965139872933506,0,True,True,False,True,JSONL_DIRECT,JSONL,T4_REVIEW,KEEP_RETEST
dist_mq_put_0dte_atr,38,0.0281772788685641,0.0472009079408727,0.0261348691224633,0.0182204365713928,-0.0281772788685641,-0.0472009079408727,0.0032582207647642,0.0088209633262131,0.0,0.0,0.004296825994229,0.0008648504806572,3,True,True,False,True,ATR_NORMALIZE_LIVE,ATR_NORM,T1_SOLID,KEEP
ctx_rvol_session,39,0.0468093750803246,0.0369447379551174,-0.0222648284460187,-0.0368088130522089,-0.0468093750803246,-0.0369447379551174,0.003748608562231,0.0032582207647642,0.0,0.0,0.010820474219044,0.0116089545288228,4,True,True,False,True,ROLLING_FEATURES_PY_NOT_LIVE,ROLLING_TODO,T1_SOLID,KEEP
mq_pc_dex,40,0.0464522654712229,0.0267760496823453,-0.0464522654712229,-0.0250323049323174,-0.0078245777407362,0.0267760496823453,0.0,0.0,0.0,0.0,0.0510600928365324,0.0480657286365299,0,False,False,True,True,MENTHORQ_DAILY,MQ_DAILY,T4_REVIEW,KEEP_RETEST
mq_es_nq_gamma_div,41,0.0460153474446397,0.0459502588137394,0.0351428414325279,-0.0459502588137394,0.0460153474446397,-0.041828766209119,0.0,0.0,0.0,0.0,0.764521390038891,0.7606692612181086,0,False,False,True,True,MENTHORQ_DAILY,MQ_DAILY,T4_REVIEW,KEEP_RETEST
im_rolling_correlation_10,42,0.0382292249851195,0.045851402104113,-0.0203356758407964,-0.0309664289840723,-0.0382292249851195,-0.045851402104113,0.0091398658202713,0.0030867354613556,0.0244600638977635,0.0291118210862619,0.1797139631162966,0.1346838306223597,4,True,True,False,True,IM_LIVE_PORTED,IM_LIVE,T1_SOLID,KEEP
bars_in_va,43,0.0316285484620736,0.0453923437489067,-0.0061885077133084,-0.0147466264907513,-0.0316285484620736,-0.0453923437489067,0.0001654682752188,0.0008484009747585,0.0,0.0,0.8526220047672814,0.8306556231912983,0,True,True,True,True,JSONL_DIRECT,JSONL,T4_REVIEW,KEEP_RETEST
inside_cur_va,44,0.0315380258366771,0.044924688533704,-0.0042835422707504,-0.0140970386580535,-0.0315380258366771,-0.044924688533704,0.0,0.0,0.0,0.0,0.8526220047672814,0.8306556231912983,0,True,False,True,True,JSONL_DIRECT,JSONL,T3_WEAK,DROP
open_gap_atr,45,0.044843986722804,0.0281826715681764,-0.044843986722804,-0.0281826715681764,-0.0436239429965641,-0.0192162830800304,0.0028249947351003,0.0005746261921236,0.0,0.0,0.2963869025216409,0.2705318830456042,3,True,True,False,True,ATR_NORM_CALC_LIVE,DERIVED,T1_SOLID,KEEP
next_wall_dist_atr,46,0.0446565218859933,0.0271981803739691,-0.0367718979464074,0.0128451412390018,-0.0446565218859933,0.0271981803739691,0.0042570474442672,0.0046150606215589,0.0,0.0,0.00470455400828,0.0008981139606825,3,True,True,True,True,ATR_NORM_CALC_LIVE,DERIVED,T1_SOLID,KEEP
dist_session_lvn_below_atr,47,0.0435424537636912,0.0438461391049441,-0.0435424537636912,-0.0438461391049441,-0.0232417758390819,-0.0173857595977909,0.0059448238514997,0.0037726766749902,0.0,0.0,0.1382511604566553,0.3327345906928783,3,True,True,False,True,ATR_NORMALIZE_LIVE,ATR_NORM,T1_SOLID,KEEP
open_bias_conf,48,0.0245099739848719,0.0426761660084215,0.015684586995825,0.0280183085377104,0.0245099739848719,0.0426761660084215,0.0001173320497006,9.92809651312876e-05,0.0,0.0,0.3915129845690628,0.3836609786115823,2,True,True,False,True,JSONL_DIRECT,JSONL,T1_SOLID,KEEP
bar_edge_sell,49,0.0282536679761269,0.0422866001057162,-0.0218614782204851,0.0127111289528339,-0.0282536679761269,0.0422866001057162,0.0,0.0,0.0,0.0,0.9316271484129972,0.8872368027142999,0,False,False,True,True,JSONL_DIRECT,JSONL,T4_REVIEW,DROP_CONSTANT
bool_above_mq_call,50,0.0422749895790823,0.0274726666776645,0.0048810240078377,0.0274726666776645,0.0422749895790823,0.0143458214803791,0.0,0.0,0.0,0.0,0.9459917199849456,0.8970162658417323,2,True,False,True,True,JSONL_DIRECT,JSONL,T3_WEAK,DROP
inside_prev_va,51,0.0420452378557935,0.0030822458866017,0.0341967555973683,0.0028315332250929,0.0420452378557935,-0.0030822458866017,0.0,0.0,0.0,0.0,0.7460795383264334,0.845225027442371,2,True,False,False,True,JSONL_DIRECT,JSONL,T3_WEAK,DROP
mq_dist_hvl_atr,52,0.0415607045879517,0.0151584788004372,-0.036090170974499,-0.0060675749295413,-0.0415607045879517,-0.0151584788004372,0.0,0.0,0.0,0.0,0.0249027725504955,0.0229850646974686,0,False,False,False,True,MENTHORQ_DAILY,MQ_DAILY,T4_REVIEW,KEEP_RETEST
rvol_regime,53,0.0413765854903152,0.0339246402923277,-0.0183547197388338,-0.0259915579604319,-0.0413765854903152,-0.0339246402923277,3.610216913862985e-05,0.0,0.0,0.0,0.4018630033872788,0.4093736486711239,3,True,True,False,True,RVOL_PY_NOT_LIVE,RVOL_TODO,T1_SOLID,KEEP
open_zone,54,0.0406776536638255,0.0051712701731409,0.0238278468325256,-0.0051712701731409,0.0406776536638255,-0.0005350231019707,0.0002286470712115,6.317879599262443e-05,0.0,0.0,0.5000940910801656,0.5527392475800819,2,True,True,True,True,JSONL_DIRECT,JSONL,T1_SOLID,KEEP
high_ask_vol_pct,55,0.0332776796240205,0.0402614470667941,-0.0332776796240205,-0.038939924502067,-0.0151601574295153,-0.0402614470667941,0.0005294984807003,0.0002105959866421,0.0,0.0,0.5217036758248651,0.6882879286830988,3,True,True,False,True,JSONL_DIRECT,JSONL,T1_SOLID,KEEP
mq_expiring_gex_pct,56,0.0360887457547717,0.0398689392974223,0.0360887457547717,0.0104603773418132,-0.010235624828295,-0.0398689392974223,0.0,0.0,0.0,0.0,0.0288545979174507,0.0332967435053055,0,False,False,True,True,MENTHORQ_DAILY,MQ_DAILY,T4_REVIEW,KEEP_RETEST
amd_asia_range_atr,57,0.0397491815924818,0.0324543395898586,-0.035138049359233,-0.0263131231243148,-0.0397491815924818,-0.0324543395898586,0.0012605674057582,0.002722705255874,0.0,0.0,0.0269727763141387,0.0270764727405781,4,True,True,False,True,AMD_PY_NOT_LIVE,AMD_TODO,T1_SOLID,KEEP
dist_mq_put_atr,58,0.0377280265159,0.0397448306651962,-0.0259790153778373,-0.0247560366018608,-0.0377280265159,-0.0397448306651962,0.0039261108938295,0.0022985047684948,0.0,0.0,0.0037009158198469,0.0008648504806572,4,True,True,False,True,ATR_NORMALIZE_LIVE,ATR_NORM,T1_SOLID,KEEP
im_cross_delta_agreement_5,59,0.0356650960493131,0.0392529637882298,-0.0341762298506809,-0.0392529637882298,-0.0356650960493131,-0.0358443909155978,0.0004753452269923,0.0013237462017509,0.0047795527156549,0.0040127795527156,0.427800777819596,0.3961680471010877,4,True,True,False,True,IM_LIVE_PORTED,IM_LIVE,T1_SOLID,KEEP
bool_above_prev_vpoc,60,0.0389889845534753,0.0083301365581389,0.0270188595815057,0.0083301365581389,0.0389889845534753,-0.0052361507528457,0.0,0.0,0.0,0.0,0.5889160707564923,0.7042876625752587,2,True,False,False,True,JSONL_DIRECT,JSONL,T3_WEAK,DROP
delta_bar,61,0.0383177044093032,0.0290267040787849,-0.0383177044093032,-0.0290267040787849,-0.0154888586287455,-0.0039400036116183,0.0014170101386924,6.317879599261333e-05,0.0,0.0,0.1986262702295822,0.1492199713934071,2,True,True,False,True,JSONL_DIRECT,JSONL,T1_SOLID,KEEP
range_pos,62,0.008092145849868,0.0382353846904379,-0.0047626467488959,-0.0127868321289171,-0.008092145849868,-0.0382353846904379,0.0,0.0,0.0,0.0,0.6972776314138753,0.6929115524066127,0,True,False,True,True,JSONL_DIRECT,JSONL,T3_WEAK,DROP
bar_edge_buy,63,0.033803613507568,0.0380397272019331,-0.0099370354889751,0.0129212979609917,-0.033803613507568,0.0380397272019331,0.0,0.0,0.0,0.0,0.9237862250658636,0.9018062069653728,0,False,False,True,True,JSONL_DIRECT,JSONL,T4_REVIEW,DROP_CONSTANT
ovn_range_atr,64,0.0311559814778419,0.0379127228144077,-0.0171561966802472,-0.0379127228144077,-0.0311559814778419,-0.0208015893350446,0.0,0.0,0.0,0.0,0.7324363317024213,0.7011941589329076,0,False,False,False,True,ATR_NORM_CALC_LIVE,DERIVED,T4_REVIEW,KEEP_RETEST
ctx_range_vs_atr_10,65,0.0161680922807462,0.0365495758297434,-0.0060678921523061,0.0014458915640853,0.0161680922807462,0.0365495758297434,0.0047504437558289,0.004019374830771,0.0,0.0,0.0186927612595659,0.0045238332834381,1,True,True,False,True,ROLLING_FEATURES_PY_NOT_LIVE,ROLLING_TODO,T2_CANDIDATE,KEEP
large_trader_ratio,66,0.0307521287130652,0.036371660287838,-0.0307521287130652,-0.036371660287838,-0.0211707008541053,-0.027197765511363,0.0039953067180119,0.0014109931105027,0.0,0.0,0.1782398695270355,0.2311479226956724,4,True,True,False,True,JSONL_DIRECT,JSONL,T1_SOLID,KEEP
day_type,67,0.0362037726384696,0.0176508359810774,-0.0362037726384696,0.0054632645688916,-0.0224282388008453,0.0176508359810774,9.928096513129868e-05,3.309365504374773e-05,0.0,0.0,0.5303600552001003,0.4999833682599873,2,True,True,True,True,JSONL_DIRECT,JSONL,T1_SOLID,KEEP
finish_delta_pct,68,0.0287621900236044,0.0360074804829594,-0.0287621900236044,-0.0338981578084879,-0.0045218480053362,-0.0360074804829594,-0.0003219110081531,0.0019645597039621,0.0,0.0,0.5232404968009032,0.6844626284801916,3,True,True,False,True,JSONL_DIRECT,JSONL,T1_SOLID,KEEP
vwap_triple_align,69,0.0359265992155311,0.0190769984012641,0.0205136351479202,0.014475847201147,0.0359265992155311,0.0190769984012641,0.0,0.0,0.0,0.0,0.5678710324927864,0.5700695206732528,2,True,False,False,True,JSONL_DIRECT,JSONL,T3_WEAK,DROP
bool_above_mq_hvl,70,0.0342841151193507,0.0109475830024552,0.0337581023023373,0.0034357277878216,0.0342841151193507,0.0109475830024552,0.0,0.0,0.0,0.0,0.5216723121314766,0.6782756211954895,2,True,False,True,True,JSONL_DIRECT,JSONL,T3_WEAK,DROP
swing_range_atr,71,0.0294931592979192,0.0335701542539163,0.0059535090462923,-0.0118374565430816,0.0294931592979192,0.0335701542539163,0.0,0.0,0.0,0.0,0.7324363317024213,0.7011941589329076,0,False,False,False,True,ATR_NORM_CALC_LIVE,DERIVED,T4_REVIEW,KEEP_RETEST
mq_hvl_distance_pct,72,0.0334373448707124,0.0076727017299937,-0.0162217729310783,0.0076727017299937,-0.0334373448707124,0.0054332149744756,0.0,0.0,0.0,0.0,0.0249027725504955,0.0227189568572664,0,False,False,True,True,MENTHORQ_DAILY,MQ_DAILY,T4_REVIEW,KEEP_RETEST
