std_es,std_nq,ratio_std,nan_es_pct,nan_nq_pct,nan_max_pct,nunique_avg,valid,score,feature,reason
1.0449869620565928,1.0405405800717389,1.0042731461607652,0.0,0.0,0.0,350361.5,True,174807.26151080063,rvol_zscore,
1.0450643030038633,1.0406178745465935,1.0042728734207138,0.014800604547770374,0.014856124151486755,0.014856124151486755,350361.5,True,174781.31956862184,vol_zscore_20,
0.040841244161129,0.04165295511484146,1.0198748111724854,0.037001511369425935,0.03714031037871689,0.03714031037871689,346554.5,True,171508.5625,vwap_slope_10_atr,
12.801458358764648,13.41319465637207,1.0477864742279053,0.0,0.0,0.0,349929.0,True,170881.578125,dist_vwap_d_atr,
0.9234557747840881,0.9220544099807739,1.001519799232483,0.0,0.0,0.0,321105.0,True,160430.59375,ctx_vol_z_5,
0.011963131574490702,0.014869831576230508,1.2429714981934863,0.0,0.00028569469522089915,0.00028569469522089915,344226.5,True,153468.52014981135,vwap_offset_pct,
1.374675989151001,1.7546231746673584,1.2763903141021729,0.0,0.0,0.0,349328.5,True,153457.203125,dist_vwap_m_sd2u_pct,
1.2741752862930298,1.655177354812622,1.2990186214447021,0.0,0.0,0.0,349835.5,True,152167.3125,dist_vwap_m_sd1u_pct,
0.7125928997993469,0.938532829284668,1.3170673847198486,0.0,0.0,0.0,349648.5,True,150901.3125,dist_vwap_w_sd1d_pct,
0.8647192120552063,1.1369916200637817,1.3148679733276367,0.0,0.0,0.0,349136.5,True,150823.5,dist_vwap_w_sd2d_pct,
0.6316514015197754,0.842649519443512,1.3340420722961426,0.0,0.0,0.0,349955.0,True,149935.171875,dist_vwap_w_pct,
1.4023112058639526,1.8725937604904175,1.335362434387207,0.0,0.0,0.0,349858.0,True,149808.859375,dist_vwap_m_pct,
0.3930605351924896,0.5264480113983154,1.3393560647964478,0.0,0.0,0.0,349446.0,True,149377.015625,dist_vwap_d_sd2d_pct,
0.30614998936653137,0.4142917990684509,1.353231430053711,0.0,0.0,0.0,349795.5,True,148644.75,dist_vwap_d_sd1d_pct,
0.6490947604179382,0.8833985924720764,1.360970139503479,0.0,0.0,0.0,350032.0,True,148257.703125,dist_vwap_w_sd1u_pct,
1.7083901166915894,2.319415330886841,1.3576613664627075,0.0,0.0,0.0,349046.0,True,148047.5625,dist_vwap_m_sd1d_pct,
0.2676926553249359,0.3683008551597595,1.3758347034454346,0.0,0.0,0.0,350049.0,True,147337.265625,dist_vwap_d_pct,
2.1165733337402344,2.8911683559417725,1.365966558456421,0.0,0.0,0.0,348162.0,True,147154.234375,dist_vwap_m_sd2d_pct,
0.3789767026901245,0.5217416286468506,1.3767116069793701,0.0,0.0,0.0,349550.5,True,147073.171875,dist_vwap_d_sd2u_pct,
0.7581623196601868,1.0449155569076538,1.3782213926315308,0.0,0.0,0.0,349488.0,True,146953.515625,dist_vwap_w_sd2u_pct,
0.29713836312294006,0.41130414605140686,1.384217619895935,0.0,0.0,0.0,349986.5,True,146793.015625,dist_vwap_d_sd1u_pct,
1.153074860572815,1.5097458362579346,1.309321641921997,0.0,0.0,0.0,325466.5,True,140935.96875,vwap_m_minus_w_pct,
0.021682918748223777,0.027393717427069825,1.2633777650120959,0.0,0.0,0.0,296234.5,True,130881.5985467706,atr_14m_pct,
0.7713455894866404,0.7531877115766951,1.0241080379178444,0.0,0.0,0.0,257406.5,True,127170.3363545695,rvol,
0.6595211625099182,0.8608201146125793,1.3052198886871338,0.0,0.0,0.0,275415.5,True,119474.71875,vwap_w_sd1d_minus_d_sd1d_pct,
0.5496450662612915,0.7225101590156555,1.3145030736923218,0.0,0.0,0.0,275571.5,True,119062.9140625,vwap_w_minus_d_pct,
0.5411993265151978,0.7261463403701782,1.3417354822158813,0.0,0.0,0.0,275597.5,True,117689.4296875,vwap_w_sd1u_minus_d_sd1u_pct,
0.02220013737678528,0.021169114857912064,1.0487041473388672,0.20977010676359165,0.21055699037780268,0.21055699037780268,227107.0,True,110621.0546875,ctx_poc_migration_10,
0.2720678746700287,0.38285112380981445,1.4071897268295288,0.22200906821655564,0.22284186227230132,0.22284186227230132,237658.0,True,98508.8828125,dist_cur_val_pct,
0.2626457214355469,0.38074737787246704,1.4496614933013916,0.22200906821655564,0.22284186227230132,0.22284186227230132,233253.5,True,95006.953125,dist_cur_vah_pct,
0.1917249858379364,0.21319693326950073,1.111993432044983,0.6839587063133117,0.35797545311178663,0.6839587063133117,186967.0,True,87924.9453125,dist_last_swing_low_pct,
0.15470550954341888,0.17609208822250366,1.1382405757904053,0.9016983693718567,0.37883116586291227,0.9016983693718567,185317.0,True,85893.484375,dist_last_swing_high_pct,
0.00023341796361954983,0.0002957959569355079,1.2672373297610828,0.0,0.0,0.0,188790.5,True,83268.96241598773,bar_return,
0.023330056883737918,0.029570070744272838,1.2674667229330454,0.0,0.0,0.0,188790.5,True,83260.53833142611,bar_body_pct,
0.026959883750321927,0.03385140092365661,1.255621175415951,0.0,0.0,0.0,184614.0,True,81846.19031427386,bar_range_pct,
0.18023627901285297,0.1784417169888927,1.01005685247958,4.480598399826947,2.102141567435376,4.480598399826947,159727.5,True,76056.38893542872,dist_color_up_nearest_pct,
382.2559702700256,1650.8446115272486,4.318688888916744,0.0,0.0,0.0,350678.5,True,65933.26049409568,vwap_w_sd3d,
382.0313919104916,1652.9856871116997,4.326832093156856,0.0,0.0,0.0,350678.5,True,65832.46737784377,vwap_w_sd2d,
382.57869071343026,1659.607305982754,4.337950194998914,0.0,0.0,0.0,350678.5,True,65695.34881171204,vwap_w_sd1d,
383.8229315021899,1666.12289615555,4.340863349760654,0.0,0.0,0.0,350663.5,True,65656.70698459541,vwap_d_sd3d,
383.73819479213086,1666.9089234224798,4.343870237690143,0.0,0.0,0.0,350662.5,True,65619.57615040665,vwap_d_sd2d,
394.5310690778541,1714.4663990304825,4.3455801922970005,0.0,0.0,0.0,350679.5,True,65601.76582989632,vwap_m_sd1d,
383.87355316790865,1668.9299931615922,4.347603473562535,0.0,0.0,0.0,350662.0,True,65573.67271780745,vwap_d_sd1d,
398.9132939136024,1734.965804770476,4.349230349656483,0.0,0.0,0.0,350679.5,True,65557.00111559413,vwap_m_sd2d,
383.8945654159269,1670.6561933067326,4.351862057481007,0.0,0.0,0.0,350678.0,True,65524.484045662364,vwap_w,
384.22877402041354,1672.1816272045153,4.352046854033047,0.0,0.0,0.0,350660.0,True,65518.85840381972,vwap_d,
393.56453638351684,1713.4230807755087,4.35360130900064,0.0,0.0,0.0,350679.5,True,65503.4769605325,vwap_m,
384.80324846958894,1676.656666060007,4.35717908496948,0.0,0.0,0.0,350663.5,True,65456.744013626296,vwap_d_sd1u,
0.34828213942090813,0.459932253321006,1.3205737569136895,0.0,0.0,0.0,151876.5,True,65447.82278413435,dist_sess_high_pct,
385.595996561569,1682.3453469854821,4.3629741023954285,0.0,0.0,0.0,350662.5,True,65385.82758461819,vwap_d_sd2u,
406.60078588048685,1774.2470472538987,4.36360948838748,0.0,0.0,0.0,350679.5,True,65381.251330702034,vwap_m_sd3d,
385.9711552806895,1686.0453138289492,4.3683194735181905,0.0,0.0,0.0,350678.5,True,65323.70171519967,vwap_w_sd1u,
386.6056755660916,1689.2354088169814,4.369401474366614,0.0,0.0,0.0,350663.5,True,65307.74457340517,vwap_d_sd3u,
396.03870461632187,1731.8710127234997,4.3729842374909245,0.0,0.0,0.0,350679.0,True,65267.081476449675,vwap_m_sd1u,
388.79627138963536,1705.6571936419664,4.387020450442098,0.0,0.0,0.0,350678.0,True,65096.8384519908,vwap_w_sd2u,
401.8900325137705,1769.2005783227644,4.402200689717637,0.0,0.0,0.0,350679.0,True,64914.100778867825,vwap_m_sd2u,
392.3537449409673,1729.348172592272,4.407624993747583,0.0,0.0,0.0,350678.0,True,64848.80153587975,vwap_w_sd3u,
0.42203585914172315,0.5335961523317514,1.2643384223722216,0.0,0.0,0.0,146577.0,True,64732.81491484803,dist_sess_low_pct,
410.9742964444476,1824.253024832709,4.43884943806771,0.0,0.0,0.0,350679.5,True,64476.78024427678,vwap_m_sd3u,
0.36867104272338513,0.2788608875168593,1.3220607809372196,4.4299347919518866,1.2556281854958518,4.4299347919518866,155173.5,True,63991.010119832965,dist_last_spike_origin_pct,
384.36297194952675,1673.5810703661793,4.354168305749151,0.0,0.00028569469522089915,0.00028569469522089915,337917.0,True,63112.703093208795,avg_price,
0.6095396143330689,0.77367039502745,1.2692700799667724,5.48903189814907,6.359278220921993,6.359278220921993,152096.0,True,63016.78233253093,dist_delta_div_sell_nearest_pct,
0.24678851664066315,0.3618641793727875,1.4662926197052002,0.22200906821655564,0.22284186227230132,0.22284186227230132,154303.0,True,62425.6484375,dist_cur_vpoc_pct,
0.2836531102657318,1.3535112142562866,4.771712779998779,0.037001511369425935,0.03714031037871689,0.03714031037871689,350107.0,True,60636.59375,vwap_slope_10,
0.5683269766113692,0.5654511298850567,1.0050859332917013,19.37256821797875,14.536717482229792,19.37256821797875,145114.5,True,60628.0056030172,dist_color_dn_nearest_pct,
443118.59525648074,172724.34730017278,2.565466896721847,0.0,0.0,0.0,210112.0,True,58929.72956590361,cur_va_total_vol,
0.4219200611114502,0.5585086941719055,1.3237310647964478,0.0,0.0,0.0,133567.5,True,57479.76171875,dist_asia_high_pct,
0.48072871565818787,0.6240853667259216,1.2982069253921509,0.0,0.0,0.0,131327.0,True,57143.24609375,dist_asia_low_pct,
11.31864070892334,13.138132095336914,1.1607517004013062,0.22200906821655564,0.22284186227230132,0.22284186227230132,121942.5,True,56309.73828125,ctx_va_width_atr,
0.9599856222756881,1.240367754227839,1.292069095042791,5.087138559274998,6.419559801613603,6.419559801613603,135690.0,True,55628.67027793383,dist_delta_div_buy_nearest_pct,
0.009655982317794574,0.012186784412764601,1.2620968029639124,0.0,0.0,0.0,116313.0,True,51418.223944970385,bar_lower_wick_pct,
0.009567850713177036,0.01182113574600555,1.2355058727792696,0.0,0.0,0.0,114869.5,True,51384.119093004076,bar_upper_wick_pct,
0.4262692630290985,0.5452379584312439,1.279092788696289,0.0,0.0,0.0,114703.5,True,50328.578125,dist_ovn_high_pct,
0.5307818651199341,0.5505263805389404,1.0371989011764526,6.025269185995213,4.799670879711106,6.025269185995213,108594.0,True,50276.265625,dist_single_print_zone_nearest_pct,
0.4753115773200989,0.6168785095214844,1.2978402376174927,0.0,0.0,0.0,114233.0,True,49713.20703125,dist_ovn_low_pct,
30.077375411987305,30.007400512695312,1.0023319721221924,0.0,0.0,0.0,94770.5,True,47330.0625,pct_in_range,
0.5029657483100891,0.6572261452674866,1.3067015409469604,2.817807404287052,2.8283774826869017,2.8283774826869017,110537.0,True,46601.86328125,dist_asia_open_pct,
0.31447616567989095,0.6681955803919527,2.124789263273189,1.838121234028867,8.307716042328526,8.307716042328526,156903.5,True,46360.968500633026,dist_edge_sell_nearest_pct,
