feature,family,subfamily,status,reasons,is_event_based,n_total,null_pct,n_unique,top_value,top_freq_pct,std
_aggressor_source,META,0b_pipeline_meta,DEAD,CONSTANT | top_freq>100%,False,13338,3.67,1,'sierra_proxy_count',100.0,0.0
_mq_gamma_source,META,0b_pipeline_meta,DEAD,CONSTANT | top_freq>100%,False,13338,0.0,1,'sierra_proxy_v2',100.0,0.0
_phase3_bars_processed,META,0b_pipeline_meta,ALIVE,,False,13338,0.0,1932,1,0.14,383.59497147304086
_phase3_enriched,META,0b_pipeline_meta,DEAD,CONSTANT | top_freq>100%,False,13338,0.0,1,True,100.0,0.0
above_open_830,3_IB_OVERNIGHT,3_bool,DEAD,std<0.00e+00,False,13338,0.0,2,True,53.9,0.0
above_open_cash,3_IB_OVERNIGHT,3_bool,DEAD,std<0.00e+00,False,13338,0.0,2,False,84.85,0.0
after_high,3_IB_OVERNIGHT,3_sessions_levels,DEAD,NULL>98%,False,13338,97.95,22,7279.25,44.69,73.5025773996667
after_low,3_IB_OVERNIGHT,3_sessions_levels,DEAD,NULL>98%,False,13338,97.95,13,7390.25,32.6,75.87836855827408
after_open,3_IB_OVERNIGHT,3_sessions_levels,DEAD,NULL>98%,False,13338,97.95,5,7271.25,44.69,71.76251068299447
aggressor_imbalance,5_ORDER_FLOW,5b_microstructure,ALIVE,,False,13338,3.67,1512,0.0,24.88,0.07713589774937651
asia_high,3_IB_OVERNIGHT,3_sessions_levels,ALIVE,,False,13338,27.94,143,7319.0,22.77,84.49723249013168
asia_low,3_IB_OVERNIGHT,3_sessions_levels,ALIVE,,False,13338,27.94,98,7384.5,16.34,92.27029582350075
asia_open,3_IB_OVERNIGHT,3_sessions_levels,ALIVE,,False,13338,27.94,16,7405.0,11.07,91.37565292135862
ask_bid_imbalance,5_ORDER_FLOW,5b_imbalance,ALIVE,,False,13338,0.0,2981,0.0,1.06,0.18059364347066012
ask_pct,5_ORDER_FLOW,5b_imbalance,ALIVE,,False,13338,0.0,2348,0.5,1.06,0.09029758606528845
atr,9_VOLATILITY_VIX,9_atr,ALIVE,,False,13338,0.0,247,104.55,14.0,9.938806637796505
atr_14m,9_VOLATILITY_VIX,9_atr,ALIVE,,False,13338,0.0,504,0.0,3.6,7.737952150515698
atr_14m_pct,9_VOLATILITY_VIX,9_atr,ALIVE,,False,13338,0.0,986,0.0,3.6,0.026450076972517934
avg_ask_size,5_ORDER_FLOW,5b_trader,ALIVE,,False,13338,0.0,2605,11.0,0.82,31.309481070882274
avg_bid_size,5_ORDER_FLOW,5b_trader,ALIVE,,False,13338,0.0,2595,9.0,1.18,30.35701454739227
avg_trade_size,5_ORDER_FLOW,5b_trader,ALIVE,,False,13338,0.0,3127,27.0,0.64,58.793642834733426
bar_body_pct,1_MARKET_STRUCTURE,1a_bar_microstructure,ALIVE,,False,13338,0.0,635,0.0,7.03,55.035769070173195
bar_body_ticks,1_MARKET_STRUCTURE,1a_bar_microstructure,ALIVE,,False,13338,0.0,111,2.0,7.78,9.61931670388945
bar_color_dn,6_SIERRA_BN,6_bar_color,DEAD,top_freq>95%,False,13338,0.0,2,0,95.27,0.21229779404537424
bar_color_up,6_SIERRA_BN,6_bar_color,DEAD,top_freq>95%,False,13338,0.0,2,0,95.22,0.2134133026647598
bar_duration_sec,5_ORDER_FLOW,5b_volume_abs,ALIVE,,False,13338,0.0,18,60.0,47.83,1.8439823445388346
bar_edge_buy,6_SIERRA_BN,6_edge,ALIVE,,False,13338,0.0,2,0,71.48,0.4515097311253793
bar_edge_buy_fire,6_SIERRA_BN,6_edge,ALIVE,,False,13338,27.17,2,0,71.86,0.4497061918809551
bar_edge_sell,6_SIERRA_BN,6_edge,ALIVE,,False,13338,0.0,2,0,73.51,0.44127051001368295
bar_edge_sell_fire,6_SIERRA_BN,6_edge,ALIVE,,False,13338,27.17,2,0,74.04,0.4384290084763916
bar_high,META,0a_bar_meta,ALIVE,,False,13338,0.0,1158,7333.75,0.62,103.38462888781321
bar_long_dn_bar,6_SIERRA_BN,6_bar_long,ALIVE,,False,13338,0.0,2,0,93.04,0.25443049670905915
bar_long_dn_up,6_SIERRA_BN,6_bar_long,DEAD,top_freq>99%,False,13338,0.0,2,0,99.4,0.07721350867250505
bar_long_up_bar,6_SIERRA_BN,6_bar_long,ALIVE,,False,13338,0.0,2,0,92.6,0.2617694280611788
bar_long_up_dn,6_SIERRA_BN,6_bar_long,DEAD,top_freq>99%,False,13338,0.0,2,0,99.25,0.08626218912574801
bar_low,META,0a_bar_meta,ALIVE,,False,13338,0.0,1188,7305.5,0.67,103.94875564218562
bar_lower_wick_pct,1_MARKET_STRUCTURE,1a_bar_microstructure,ALIVE,,False,13338,0.0,236,0.0,21.13,0.011927388103691481
bar_no_trade,1_MARKET_STRUCTURE,1a_bar_microstructure,DEAD,CONSTANT | top_freq>100%,False,13338,0.0,1,0,100.0,0.0
bar_pressure_ask,6_SIERRA_BN,6_bar_pressure,DEAD,top_freq>99%,False,13338,0.0,2,0,99.07,0.0959703946541909
bar_pressure_bid,6_SIERRA_BN,6_bar_pressure,DEAD,top_freq>99%,False,13338,0.0,2,0,99.21,0.08879223047129844
bar_upper_wick_pct,1_MARKET_STRUCTURE,1a_bar_microstructure,ALIVE,,False,13338,0.0,241,0.0,20.28,0.012382411108804545
bars_in_va,1_MARKET_STRUCTURE,1b_vp_current_range,ALIVE,,False,13338,0.0,521,0.0,33.22,146.06586554441805
bars_since_boot,META,0c_observability,ALIVE,,False,13338,39.13,1932,1,0.12,443.8008993321384
bars_since_last_sweep_high,OTHER,unclassified,ALIVE,,False,13338,84.4,20,1,20.57,5.179097807837963
bars_since_last_sweep_low,OTHER,unclassified,ALIVE,,False,13338,84.76,20,1,15.59,5.558912988495831
bars_since_last_swing_high,1_MARKET_STRUCTURE,1c_swing,ALIVE,,False,13338,22.01,413,0,1.93,68.27490842644269
bars_since_last_swing_low,1_MARKET_STRUCTURE,1c_swing,ALIVE,,False,13338,26.0,456,0,0.94,88.33259158597828
bars_since_london_open,OTHER,unclassified,ALIVE,,False,13338,84.41,389,0,0.38,98.39057628672587
bars_since_retest_high,1_MARKET_STRUCTURE,1c_retest,ALIVE,,False,13338,32.02,605,1.0,10.33,4992.638565843863
bars_since_retest_low,1_MARKET_STRUCTURE,1c_retest,ALIVE,,False,13338,56.04,592,1.0,9.87,6314.134839339628
bid_pct,5_ORDER_FLOW,5b_imbalance,ALIVE,,False,13338,0.0,2348,0.5,1.06,0.09029760118862132
big_ask_cluster_20t,5_ORDER_FLOW,5c_big_clusters,ALIVE,,False,13338,0.0,48,0.0,56.28,7.171317737665341
big_ask_cluster_20t_t1,5_ORDER_FLOW,5c_big_clusters,ALIVE,,False,13338,0.0,20,0.0,56.28,3.754615475576968
big_ask_cluster_20t_t2,5_ORDER_FLOW,5c_big_clusters,ALIVE,,False,13338,0.0,18,0.0,71.73,3.088489067783962
big_ask_cluster_20t_t3,5_ORDER_FLOW,5c_big_clusters,ALIVE,,False,13338,0.0,17,0.0,93.96,0.978930843415525
big_ask_cluster_20t_t4,5_ORDER_FLOW,5c_big_clusters,DEAD,top_freq>98%,False,13338,0.0,11,0.0,98.3,0.5692376728892531
big_ask_cluster_50t,5_ORDER_FLOW,5c_big_clusters,ALIVE,,False,13338,0.0,60,0.0,49.16,9.08721273312583
big_bid_cluster_20t,5_ORDER_FLOW,5c_big_clusters,ALIVE,,False,13338,0.0,55,0.0,50.62,8.382092186299388
big_bid_cluster_20t_t1,5_ORDER_FLOW,5c_big_clusters,ALIVE,,False,13338,0.0,20,0.0,50.62,4.410371336914375
big_bid_cluster_20t_t2,5_ORDER_FLOW,5c_big_clusters,ALIVE,,False,13338,0.0,19,0.0,70.57,3.6230870508796986
big_bid_cluster_20t_t3,5_ORDER_FLOW,5c_big_clusters,ALIVE,,False,13338,0.0,20,0.0,94.32,1.1597787523914738
big_bid_cluster_20t_t4,5_ORDER_FLOW,5c_big_clusters,DEAD,top_freq>99%,False,13338,0.0,11,0.0,99.17,0.47898019228730065
big_bid_cluster_50t,5_ORDER_FLOW,5c_big_clusters,ALIVE,,False,13338,0.0,68,0.0,44.23,10.578440465663087
bn_absorb_ask,6_SIERRA_BN,6_bn_absorb,DEAD,top_freq>98%,False,13338,0.0,2,0,98.26,0.13073394337945227
bn_absorb_bid,6_SIERRA_BN,6_bn_absorb,DEAD,top_freq>99%,False,13338,0.0,2,0,98.53,0.12032837563826716
bn_color_dn,6_SIERRA_BN,6_bn_color,ALIVE,,False,13338,0.0,2,0,93.88,0.2396576056096902
bn_color_dn_2,6_SIERRA_BN,6_bn_color,DEAD,top_freq>100%,False,13338,0.0,2,0,99.66,0.05862506929509768
bn_color_dn_2_fwd1,6_SIERRA_BN,6_bn_color,DEAD,top_freq>100%,False,13338,27.17,2,0,99.63,0.060763944743413865
bn_color_dn_fwd1,6_SIERRA_BN,6_bn_color,ALIVE,,False,13338,27.17,2,0,94.34,0.23111375078884003
bn_color_up,6_SIERRA_BN,6_bn_color,ALIVE,,False,13338,0.0,2,0,93.27,0.2504569880213762
bn_color_up_2,6_SIERRA_BN,6_bn_color,DEAD,top_freq>100%,False,13338,0.0,2,0,99.69,0.05535770151496433
bn_color_up_2_fwd1,6_SIERRA_BN,6_bn_color,DEAD,top_freq>100%,False,13338,27.17,2,0,99.74,0.050665389200032135
bn_color_up_fwd1,6_SIERRA_BN,6_bn_color,ALIVE,,False,13338,27.17,2,0,93.79,0.24129236506689203
bn_long_dn,6_SIERRA_BN,6_bn_long,DEAD,top_freq>98%,False,13338,0.0,2,0,98.46,0.1230178661592819
bn_long_up,6_SIERRA_BN,6_bn_long,DEAD,top_freq>99%,False,13338,0.0,2,0,98.71,0.11282372536647582
bn_pressure_ask,6_SIERRA_BN,6_bn_pressure,DEAD,top_freq>99%,False,13338,0.0,2,0.0,98.91,0.1036967318637215
bn_pressure_bid,6_SIERRA_BN,6_bn_pressure,DEAD,top_freq>99%,False,13338,0.0,2,0.0,99.06,0.096733932186005
bn_score_bear,6_SIERRA_BN,6_bn_score,DEAD,top_freq>95%,False,13338,0.0,7,0.0,95.25,0.08426703362556007
bn_score_bull,6_SIERRA_BN,6_bn_score,ALIVE,,False,13338,0.0,8,0.0,94.98,0.08095506937268668
bn_score_raw,6_SIERRA_BN,6_bn_score,ALIVE,,False,13338,0.0,14,0.0,90.23,0.11920466609725616
bn_volume_dn,6_SIERRA_BN,6_bn_volume,DEAD,top_freq>95%,False,13338,0.0,2,0,95.39,0.20972084959005816
bn_volume_up,6_SIERRA_BN,6_bn_volume,DEAD,top_freq>96%,False,13338,0.0,2,0,95.52,0.20677508610090187
bool_above_cur_vpoc,1_MARKET_STRUCTURE,1b_vp_current_bool,ALIVE,,False,13338,0.0,2,1,75.03,0.43281773902565257
bool_above_mq_call,8_OPTIONS_GAMMA,8_mq_bool,DEAD,CONSTANT | top_freq>100%,False,13338,0.0,1,0,100.0,0.0
bool_above_mq_hvl,8_OPTIONS_GAMMA,8_mq_bool,ALIVE,,False,13338,0.0,2,0,54.09,0.498321453196404
bool_above_prev_vpoc,2_NIVEAUX_VEILLE,2_prev_bool,ALIVE,,False,13338,0.0,2,1,53.62,0.49868694335064595
bool_above_vwap_d,4_VWAP_ANCHOR,4_vwap_bool,ALIVE,,False,13338,0.0,2,1,81.54,0.3879608575915417
bool_above_vwap_m,4_VWAP_ANCHOR,4_vwap_bool,ALIVE,,False,13338,0.0,2,0,76.88,0.4216121599946705
bool_above_vwap_w,4_VWAP_ANCHOR,4_vwap_bool,ALIVE,,False,13338,0.0,2,0,50.49,0.4999755140431874
bool_gex_flip_zone,8_OPTIONS_GAMMA,8_mq_bool,ALIVE,,False,13338,0.0,2,1,82.37,0.3811077171132735
bool_ib_inside,3_IB_OVERNIGHT,3_bool,ALIVE,,False,13338,0.0,2,0,89.93,0.30091748221180414
bool_near_level,10_SESSION_CALENDAR,10_session_flags,ALIVE,,False,13338,0.0,2,1,64.46,0.4786269824042896
bool_session_early,10_SESSION_CALENDAR,10_session_flags,ALIVE,,False,13338,0.0,2,1,82.79,0.37743673606450034
bool_va_confluence,1_MARKET_STRUCTURE,1b_vp_current_bool,DEAD,CONSTANT | top_freq>100%,False,13338,0.0,1,0,100.0,0.0
boot_id,META,0c_observability,DEAD,std<0.00e+00,False,13338,39.13,10,'114b1ca4-2887-4d3e-81bb-f34c6,23.8,0.0
buy_sell_ratio,5_ORDER_FLOW,5b_imbalance,ALIVE,,False,13338,0.0,2348,0.5,1.06,0.09029758606528845
buy_vol,5_ORDER_FLOW,5b_volume_abs,ALIVE,,False,13338,0.0,1405,73.0,0.72,925.9323485059873
cash_high,2_NIVEAUX_VEILLE,2_cash_levels_abs,ALIVE,,False,13338,1.57,160,7338.5,27.62,92.42693258177304
cash_low,2_NIVEAUX_VEILLE,2_cash_levels_abs,ALIVE,,False,13338,1.57,80,7232.25,35.33,115.72115174886119
close,META,0a_bar_meta,ALIVE,,False,13338,0.0,1186,7333.25,0.65,103.6815801546615
comp_vpoc_align_20_50,OTHER,unclassified,DEAD,CONSTANT | top_freq>100%,False,13338,55.23,1,0,100.0,0.0
comp_vpoc_align_day_20,OTHER,unclassified,DEAD,CONSTANT | top_freq>100%,False,13338,55.23,1,0,100.0,0.0
composite_poc_20d,OTHER,unclassified,DEAD,NULL>100%,False,13338,100.0,0,None,0.0,0.0
composite_poc_5d,OTHER,unclassified,DEAD,NULL>100%,False,13338,100.0,0,None,0.0,0.0
contract,META,0a_bar_meta,DEAD,std<0.00e+00,False,13338,0.0,2,'ESM26-CME',88.76,0.0
ctx_absorption_score_5,12_CONTEXT_ROLLING,12c_ctx_vol,ALIVE,,False,13338,0.76,5,0.0,85.95,0.08511445282889805
ctx_absorption_streak_5,12_CONTEXT_ROLLING,12e_ctx_meta,DEAD,top_freq>97%,False,13338,0.0,4,0,96.81,0.20799234272037273
ctx_bars_since_div,7_REVERSAL_EXHAUSTION,7_ctx_div,ALIVE,,False,13338,82.13,359,0,7.85,72.00001670475353
ctx_climax_signal,7_REVERSAL_EXHAUSTION,7_ctx_exhaustion,DEAD,std<0.00e+00,True,13338,0.0,2,False,97.17,0.0
ctx_cvd_recovery_rate,12_CONTEXT_ROLLING,12a_ctx_delta,ALIVE,,False,13338,28.46,3873,0.0,0.22,9.645368908685478
ctx_cvd_session,12_CONTEXT_ROLLING,12a_ctx_delta,ALIVE,,False,13338,27.17,3746,152.0,0.22,4585.851630970312
ctx_day_type_intensity,12_CONTEXT_ROLLING,12e_ctx_meta,ALIVE,,False,13338,0.0,461,0.0,88.18,0.2760671775370051
ctx_delta_exhaustion,7_REVERSAL_EXHAUSTION,7_ctx_exhaustion,DEAD,std<0.00e+00,True,13338,0.0,2,False,93.87,0.0
ctx_delta_slope_5,12_CONTEXT_ROLLING,12a_ctx_delta,ALIVE,,False,13338,0.76,1694,-5.4,0.51,54.0402507711339
ctx_delta_sum_10,12_CONTEXT_ROLLING,12a_ctx_delta,ALIVE,,False,13338,27.17,1612,-18.0,0.45,676.046869554297
ctx_delta_sum_3,12_CONTEXT_ROLLING,12a_ctx_delta,ALIVE,,False,13338,0.76,1191,1.0,0.79,317.27237512837706
ctx_dist_vwap_velocity,12_CONTEXT_ROLLING,12d_ctx_dynamics,ALIVE,,False,13338,0.76,1651,-0.01,1.53,3.436831686684105
ctx_div_at_swing,7_REVERSAL_EXHAUSTION,7_ctx_div,DEAD,top_freq>99%,False,13338,27.17,3,0.0,99.28,0.08486849064237291
ctx_div_density_20,7_REVERSAL_EXHAUSTION,7_ctx_div,ALIVE,,False,13338,0.0,16,0,92.68,1.2708164885153088
ctx_double_top_trap,7_REVERSAL_EXHAUSTION,7_ctx_exhaustion,DEAD,std<0.00e+00,True,13338,0.0,2,True,53.21,0.0
ctx_excess_high_bars,7_REVERSAL_EXHAUSTION,7_ctx_exhaustion,ALIVE,,False,13338,0.0,21,10,12.63,3.1340020483794113
ctx_excess_low_bars,7_REVERSAL_EXHAUSTION,7_ctx_exhaustion,ALIVE,,False,13338,0.0,20,10,12.66,3.0650991353235932
ctx_failed_auction,7_REVERSAL_EXHAUSTION,7_ctx_exhaustion,DEAD,std<0.00e+00,True,13338,0.0,2,False,85.41,0.0
ctx_finish_strength_mean_5,12_CONTEXT_ROLLING,12e_ctx_meta,ALIVE,,False,13338,0.76,671,0.8,1.21,28.245999907784412
ctx_ib_extension_ratio,12_CONTEXT_ROLLING,12b_ctx_va,ALIVE,,False,13338,81.69,737,3.916667,0.74,0.929535585632695
ctx_ib_position_velocity,12_CONTEXT_ROLLING,12b_ctx_va,DEAD,NULL>96%,False,13338,95.72,225,-0.0995,1.93,0.1522486980803155
ctx_instant_absorption,12_CONTEXT_ROLLING,12e_ctx_meta,DEAD,std<0.00e+00,True,13338,0.0,2,False,96.81,0.0
ctx_momentum_exhaustion,7_REVERSAL_EXHAUSTION,7_ctx_exhaustion,DEAD,std<0.00e+00,True,13338,0.0,2,False,73.01,0.0
ctx_mq_put_call_ratio,8_OPTIONS_GAMMA,8_mq_levels,ALIVE,,False,13338,30.77,649,7.3125,1.81,2.946140567456932
ctx_poc_migration_10,5_ORDER_FLOW,5d_poc_dynamics,ALIVE,,False,13338,1.7,2458,0.424242,0.32,4.036549687903202
ctx_poor_high,7_REVERSAL_EXHAUSTION,7_ctx_exhaustion,DEAD,std<0.00e+00,True,13338,0.0,2,False,92.53,0.0
ctx_poor_low,7_REVERSAL_EXHAUSTION,7_ctx_exhaustion,DEAD,std<0.00e+00,True,13338,0.0,2,False,94.34,0.0
ctx_price_delta_div_3,7_REVERSAL_EXHAUSTION,7_ctx_div,ALIVE,,False,13338,27.17,3,0.0,72.52,0.5241663433833154
ctx_price_slope_5,12_CONTEXT_ROLLING,12d_ctx_dynamics,ALIVE,,False,13338,0.76,375,0.1,2.24,1.315653261237755
ctx_range_vs_atr_10,12_CONTEXT_ROLLING,12c_ctx_vol,ALIVE,,False,13338,1.7,2971,0.015272,0.46,0.021959216918630092
ctx_rotation_factor_20,12_CONTEXT_ROLLING,12b_ctx_va,ALIVE,,False,13338,27.7,12,0.0,69.23,1.7386275431576537
ctx_rvol_session,12_CONTEXT_ROLLING,12c_ctx_vol,ALIVE,,False,13338,0.76,13021,1.0536547433903576,0.02,2.1676046451689213
ctx_session_phase,12_CONTEXT_ROLLING,12e_ctx_meta,ALIVE,,False,13338,27.17,4,2,41.45,1.7975505382441994
ctx_side_flip_count_10,12_CONTEXT_ROLLING,12e_ctx_meta,ALIVE,,False,13338,0.0,10,5,27.96,1.4786708830826378
ctx_trend_day_score,12_CONTEXT_ROLLING,12e_ctx_meta,ALIVE,,False,13338,27.17,12,0.4,33.82,0.15273950341244105
ctx_va_developing_10,12_CONTEXT_ROLLING,12b_ctx_va,ALIVE,,False,13338,28.46,332,0.0,23.02,37.69029993093235
ctx_va_position_velocity,12_CONTEXT_ROLLING,12b_ctx_va,ALIVE,,False,13338,9.37,1793,0.073,10.31,0.09289432383159271
ctx_va_width,12_CONTEXT_ROLLING,12b_ctx_va,ALIVE,,False,13338,27.17,600,219.0,6.68,144.3071297406844
ctx_vol_sell_buy_ratio_5,12_CONTEXT_ROLLING,12c_ctx_vol,ALIVE,,False,13338,0.76,5018,1.0,0.45,0.21874501186129214
ctx_vol_slope_5,12_CONTEXT_ROLLING,12c_ctx_vol,ALIVE,,False,13338,0.76,2435,-4.8,0.37,457.12730930091595
ctx_vol_z_20,12_CONTEXT_ROLLING,12c_ctx_vol,ALIVE,,False,13338,0.76,5422,-1.16384,0.05,1.0616920177320022
ctx_vol_z_5,12_CONTEXT_ROLLING,12c_ctx_vol,ALIVE,,False,13338,27.32,3970,0.707107,0.08,0.9277825382533428
ctx_vwap_slope_accel,12_CONTEXT_ROLLING,12d_ctx_dynamics,ALIVE,,False,13338,0.76,315,0.0,37.14,0.15376064645103493
cur_vah,1_MARKET_STRUCTURE,1b_vp_current,ALIVE,,False,13338,34.85,332,7418.5,18.01,96.06307133839036
cur_vah_lvl,1_MARKET_STRUCTURE,1b_vp_current,ALIVE,,False,13338,0.0,380,7418.5,11.73,102.85431305172138
cur_val,1_MARKET_STRUCTURE,1b_vp_current,ALIVE,,False,13338,34.85,337,7363.75,8.01,105.22588027878658
cur_val_lvl,1_MARKET_STRUCTURE,1b_vp_current,ALIVE,,False,13338,0.0,405,7275.0,11.73,109.82556463474724
cur_vpoc,1_MARKET_STRUCTURE,1b_vp_current,ALIVE,,False,13338,34.85,34,7395.75,36.23,104.42259522838276
cur_vpoc_lvl,1_MARKET_STRUCTURE,1b_vp_current,ALIVE,,False,13338,0.0,45,7276.75,36.98,113.561397656375
cvd_bar_delta,5_ORDER_FLOW,5a_cvd,ALIVE,,False,13338,0.0,762,-1.0,1.32,167.09879187849072
cvd_day,5_ORDER_FLOW,5a_cvd,ALIVE,,False,13338,0.0,4049,8740.0,0.17,15453.429854004471
cvd_day_dir,5_ORDER_FLOW,5a_cvd,ALIVE,,False,13338,0.0,2,1,88.76,0.6316807019875653
cvd_ohlc_range,5_ORDER_FLOW,5a_cvd,ALIVE,,False,13338,0.0,362,6758.0,34.3,5331.362397471818
cvd_session,5_ORDER_FLOW,5a_cvd,ALIVE,,False,13338,23.59,5833,152.0,0.1,4773.692428893979
data_quality_flag,META,0c_observability,DEAD,std<0.00e+00,False,13338,39.13,3,'degraded',66.86,0.0
date_et,META,0a_bar_meta,DEAD,std<0.00e+00,False,13338,34.85,4,'2026-06-12',32.22,0.0
day_type,1_MARKET_STRUCTURE,1a_tpo_concepts,DEAD,top_freq>100%,False,13338,0.0,2,2,99.97,0.017314880874672006
days_since_roll,10_SESSION_CALENDAR,10_roll,ALIVE,,False,13338,0.0,5,83,44.11,1.655983253484334
delta_bar,5_ORDER_FLOW,5a_delta,ALIVE,,False,13338,0.0,762,-1.0,1.32,167.09879187849072
delta_bar_vol_norm,5_ORDER_FLOW,5a_delta,ALIVE,,False,13338,0.0,2982,0.0,1.06,0.18059362636017767
delta_day,5_ORDER_FLOW,5a_delta,ALIVE,,False,13338,0.0,3734,1843.0,0.17,6023.94447403479
delta_day_dir,5_ORDER_FLOW,5a_delta,ALIVE,,True,13338,0.0,2,1,74.76,0.8688207786127046
delta_div_buy,7_REVERSAL_EXHAUSTION,7_delta_div,DEAD,std<0.00e+00,True,13338,0.0,2,False,81.06,0.0
delta_div_buy_clean,7_REVERSAL_EXHAUSTION,7_delta_div,ALIVE,,True,13338,0.0,2,False,99.51,0.09525902839030848
delta_div_sell,7_REVERSAL_EXHAUSTION,7_delta_div,DEAD,std<0.00e+00,True,13338,0.0,2,False,77.23,0.0
delta_div_sell_clean,7_REVERSAL_EXHAUSTION,7_delta_div,ALIVE,,True,13338,0.0,2,False,99.09,0.13597625626272294
delta_div_slope_buy,7_REVERSAL_EXHAUSTION,7_delta_div,DEAD,std<0.00e+00,True,13338,61.2,2,False,82.3,0.0
delta_div_slope_buy_clean,7_REVERSAL_EXHAUSTION,7_delta_div,ALIVE,,True,13338,61.2,2,0,99.0,0.09973635576554986
delta_div_slope_clean,7_REVERSAL_EXHAUSTION,7_delta_div,ALIVE,,True,13338,61.2,3,0,96.93,0.17496194696680498
delta_div_slope_sell,7_REVERSAL_EXHAUSTION,7_delta_div,DEAD,std<0.00e+00,True,13338,61.2,2,False,77.06,0.0
delta_div_slope_sell_clean,7_REVERSAL_EXHAUSTION,7_delta_div,ALIVE,,True,13338,61.2,2,0,97.93,0.14229834131877878
delta_div_slope_strength,7_REVERSAL_EXHAUSTION,7_delta_div,ALIVE,,True,13338,61.82,2710,0.005642,0.16,0.14932059705169046
delta_div_strength,7_REVERSAL_EXHAUSTION,7_delta_div,ALIVE,,True,13338,1.7,5058,-0.028406,0.09,0.18714004273551765
delta_divergence,7_REVERSAL_EXHAUSTION,7_delta_div,ALIVE,,True,13338,0.0,2,0,99.72,0.05329996277455757
delta_divergence_any,7_REVERSAL_EXHAUSTION,7_delta_div,DEAD,std<0.00e+00,True,13338,0.0,2,False,58.29,0.0
delta_divergence_clean,7_REVERSAL_EXHAUSTION,7_delta_div,ALIVE,,True,13338,27.17,3,0,97.39,0.16142530953829018
delta_pct,5_ORDER_FLOW,5a_delta,ALIVE,,False,13338,0.0,2982,0.0,1.06,0.18059362636017767
diag_imbalance,5_ORDER_FLOW,5a_pullback,ALIVE,,False,13338,0.0,2926,1.0,2.34,0.5146978853079806
diag_neg_delta,5_ORDER_FLOW,5a_pullback,ALIVE,,False,13338,0.0,553,0.0,2.39,161.1244874705253
diag_pos_delta,5_ORDER_FLOW,5a_pullback,ALIVE,,False,13338,0.0,577,0.0,2.13,201.3280963897552
discount_zone,1_MARKET_STRUCTURE,1b_vp_current_zones,ALIVE,,False,13338,3.6,2,0,89.47,0.3069448473115145
dist_1d_max_ticks,1_MARKET_STRUCTURE,1d_1d_extremes,ALIVE,,False,13338,3.6,1331,176.0801,0.66,285.9022733309107
dist_1d_max_ticks_pct,1_MARKET_STRUCTURE,1d_dist_pct,ALIVE,,False,13338,3.6,394,0.97,2.03,0.9760891919860241
dist_1d_min_ticks,1_MARKET_STRUCTURE,1d_1d_extremes,ALIVE,,False,13338,3.6,1331,-614.0801,0.66,290.55502739451464
dist_1d_min_ticks_pct,1_MARKET_STRUCTURE,1d_dist_pct,ALIVE,,False,13338,3.6,379,-1.76,1.51,0.9748673702839251
dist_after_high_pct,3_IB_OVERNIGHT,3_sessions_dist,DEAD,NULL>98%,False,13338,97.95,131,-0.074229,2.93,0.0755848562358313
dist_after_low_pct,3_IB_OVERNIGHT,3_sessions_dist,DEAD,NULL>98%,False,13338,97.95,117,0.186056,4.4,0.05463228144516971
dist_after_open_pct,3_IB_OVERNIGHT,3_sessions_dist,DEAD,NULL>98%,False,13338,97.95,108,0.148789,4.4,0.0925467891150162
dist_asia_high_pct,3_IB_OVERNIGHT,3_sessions_dist,ALIVE,,False,13338,27.94,2228,0.0,0.74,0.2122069193121848
dist_asia_low_pct,3_IB_OVERNIGHT,3_sessions_dist,ALIVE,,False,13338,27.94,2197,0.165613,0.34,0.3212664476772113
dist_asia_open_pct,3_IB_OVERNIGHT,3_sessions_dist,ALIVE,,False,13338,27.94,2996,0.0,0.76,0.31509932878032004
dist_big_ask_nearest_dn,5_ORDER_FLOW,5c_big_nearest,ALIVE,,False,13338,46.39,136,-1.0,37.15,28.407107646835804
dist_big_ask_nearest_up,5_ORDER_FLOW,5c_big_nearest,ALIVE,,False,13338,46.7,87,0.0,38.37,14.255089971120928
dist_big_bid_nearest_dn,5_ORDER_FLOW,5c_big_nearest,ALIVE,,False,13338,41.06,103,-1.0,33.6,18.1335166351716
dist_big_bid_nearest_up,5_ORDER_FLOW,5c_big_nearest,ALIVE,,False,13338,49.55,96,0.0,40.45,13.922375570572123
dist_blind_nearest_dn,OTHER,unclassified,DEAD,NULL>100%,False,13338,100.0,0,None,0.0,0.0
dist_blind_nearest_up,OTHER,unclassified,DEAD,NULL>100%,False,13338,100.0,0,None,0.0,0.0
dist_cash_high_atr,2_NIVEAUX_VEILLE,2_cash_dist,ALIVE,,False,13338,76.08,1217,0.0,0.72,0.20831959342778178
dist_cash_high_pct,2_NIVEAUX_VEILLE,2_cash_dist,ALIVE,,False,13338,82.26,849,0.0,0.93,0.225348418402387
dist_cash_low_atr,2_NIVEAUX_VEILLE,2_cash_dist,ALIVE,,False,13338,76.08,1053,0.028694,0.56,0.3764856408397565
dist_cash_low_pct,2_NIVEAUX_VEILLE,2_cash_dist,ALIVE,,False,13338,82.26,762,-0.210125,0.85,0.44857804158601006
dist_cluster_nearest_dn,5_ORDER_FLOW,5c_clusters_agg,ALIVE,,False,13338,65.23,95,-1.0,38.49,19.90025528916061
dist_cluster_nearest_up,5_ORDER_FLOW,5c_clusters_agg,ALIVE,,False,13338,68.53,100,0.0,45.31,15.960032744719785
dist_color_dn_nearest_pct,1_MARKET_STRUCTURE,1d_dist_pct,ALIVE,,False,13338,68.94,131,0.12,4.61,0.5863673537757426
dist_color_up_nearest_pct,1_MARKET_STRUCTURE,1d_dist_pct,ALIVE,,False,13338,66.32,137,-0.0,13.2,0.668067298647615
dist_comp_20d_vah,OTHER,unclassified,ALIVE,,False,13338,55.23,653,87497.7969,1.42,650.6791632010968
dist_comp_20d_val,OTHER,unclassified,ALIVE,,False,13338,55.23,653,82683.7578,1.42,2917.2447918728126
dist_comp_20d_vpoc,OTHER,unclassified,ALIVE,,False,13338,55.23,653,86832.7578,1.42,1150.1075345578704
dist_comp_20d_vpoc_atr,1_MARKET_STRUCTURE,1d_dist_atr,DEAD,CONSTANT | top_freq>100%,False,13338,55.23,1,20.0,100.0,0.0
dist_comp_20d_vwap,OTHER,unclassified,ALIVE,,False,13338,55.23,653,82885.3203,1.42,2888.6015083517536
dist_comp_50d_vah,OTHER,unclassified,DEAD,NULL>100%,False,13338,100.0,0,None,0.0,0.0
dist_comp_50d_val,OTHER,unclassified,DEAD,NULL>100%,False,13338,100.0,0,None,0.0,0.0
dist_comp_50d_vpoc,OTHER,unclassified,DEAD,NULL>100%,False,13338,100.0,0,None,0.0,0.0
dist_comp_50d_vpoc_atr,1_MARKET_STRUCTURE,1d_dist_atr,DEAD,NULL>100%,False,13338,100.0,0,None,0.0,0.0
dist_comp_50d_vwap,OTHER,unclassified,DEAD,NULL>100%,False,13338,100.0,0,None,0.0,0.0
dist_composite_poc_20d_atr,1_MARKET_STRUCTURE,1d_dist_atr,DEAD,NULL>100%,False,13338,100.0,0,None,0.0,0.0
dist_composite_poc_5d_atr,1_MARKET_STRUCTURE,1d_dist_atr,DEAD,NULL>100%,False,13338,100.0,0,None,0.0,0.0
dist_cur_vah,1_MARKET_STRUCTURE,1b_vp_current_dist,ALIVE,,False,13338,0.0,605,25.0,1.24,99.73507438262932
dist_cur_vah_pct,1_MARKET_STRUCTURE,1b_vp_current_dist,ALIVE,,False,13338,0.0,250,0.08,3.15,0.3367850610459291
dist_cur_val,1_MARKET_STRUCTURE,1b_vp_current_dist,ALIVE,,False,13338,0.0,672,-126.0,0.74,116.69742428146547
dist_cur_val_pct,1_MARKET_STRUCTURE,1b_vp_current_dist,ALIVE,,False,13338,0.0,278,-0.44,1.88,0.393570966417503
dist_cur_vpoc,1_MARKET_STRUCTURE,1b_vp_current_dist,ALIVE,,False,13338,0.0,642,3.0,0.82,122.79929449156909
dist_cur_vpoc_pct,1_MARKET_STRUCTURE,1b_vp_current_dist,ALIVE,,False,13338,0.0,272,0.01,2.15,0.41463280043326517
dist_cur_vwap_vp,4_VWAP_ANCHOR,4_vwap_dist,ALIVE,,False,13338,0.0,4405,-81.4551,0.1,110.21589781503324
dist_delta_div_buy_nearest_atr,7_REVERSAL_EXHAUSTION,7_delta_div_zones,ALIVE,,False,13338,93.04,285,0.0,10.88,0.11195582593078751
dist_delta_div_sell_nearest_atr,7_REVERSAL_EXHAUSTION,7_delta_div_zones,ALIVE,,False,13338,91.14,381,0.0,15.23,0.08723183517372199
dist_edge_buy_nearest_pct,1_MARKET_STRUCTURE,1d_dist_pct,ALIVE,,False,13338,12.51,288,-0.0,3.18,0.8686276560507333
dist_edge_sell_nearest_pct,1_MARKET_STRUCTURE,1d_dist_pct,ALIVE,,False,13338,7.32,296,-0.0,3.07,0.9013045393763536
dist_ext_color_dn,6_SIERRA_BN,6_extensions,ALIVE,,False,13338,68.94,341,37.0,2.03,173.99783283576843
dist_ext_color_up,6_SIERRA_BN,6_extensions,ALIVE,,False,13338,66.32,344,0.0,6.32,198.2844002982198
dist_ext_edge_buy,6_SIERRA_BN,6_edge_zones,ALIVE,,False,13338,4.07,250,-1.0,11.81,50.60125597115743
dist_ext_edge_sell,6_SIERRA_BN,6_edge_zones,ALIVE,,False,13338,3.76,300,0.0,10.59,64.06554092896266
dist_ext_long_dn,6_SIERRA_BN,6_extensions,ALIVE,,False,13338,3.6,644,0.0,4.17,156.59670632081642
dist_ext_long_up,6_SIERRA_BN,6_extensions,ALIVE,,False,13338,3.6,638,0.0,5.23,169.91930460306688
dist_fvg_dn_nearest_atr,1_MARKET_STRUCTURE,1d_dist_atr,DEAD,NULL>99% | CONSTANT | top_freq>100%,False,13338,99.15,1,0.0,100.0,0.0
dist_fvg_up_nearest_atr,1_MARKET_STRUCTURE,1d_dist_atr,DEAD,NULL>99% | CONSTANT | top_freq>100%,False,13338,99.1,1,0.0,100.0,0.0
dist_gex_nearest_dn,8_OPTIONS_GAMMA,8_mq_gex,ALIVE,,False,13338,3.6,276,-20.0,1.06,68.84977216939676
dist_gex_nearest_dn_pct,8_OPTIONS_GAMMA,8_mq_gex,ALIVE,,False,13338,3.6,96,-0.11,2.65,0.2323343986574552
dist_gex_nearest_up,8_OPTIONS_GAMMA,8_mq_gex,ALIVE,,False,13338,9.44,247,73.0,1.24,62.28543143494841
dist_gex_nearest_up_pct,8_OPTIONS_GAMMA,8_mq_gex,ALIVE,,False,13338,9.44,98,0.25,2.86,0.21062407011836942
dist_ib_high,3_IB_OVERNIGHT,3_ib_dist,ALIVE,,False,13338,78.11,572,1.0,1.06,169.51640999377526
dist_ib_high_pct,3_IB_OVERNIGHT,3_ib_dist,ALIVE,,False,13338,85.26,623,-0.300831,0.92,0.4266895366885578
dist_ib_low,3_IB_OVERNIGHT,3_ib_dist,ALIVE,,False,13338,78.11,549,-61.0,0.92,149.14075546533948
dist_ib_low_pct,3_IB_OVERNIGHT,3_ib_dist,ALIVE,,False,13338,85.26,623,-0.614741,0.92,0.45129513822085016
dist_london_high_pct,3_IB_OVERNIGHT,3_sessions_dist,ALIVE,,False,13338,42.06,1661,0.0,0.82,0.3085029208019758
dist_london_low_pct,3_IB_OVERNIGHT,3_sessions_dist,ALIVE,,False,13338,42.06,1455,0.287189,0.92,0.4527537924427915
dist_london_open_pct,3_IB_OVERNIGHT,3_sessions_dist,ALIVE,,False,13338,42.06,1902,0.215237,0.92,0.46198527411192947
dist_long_dn_nearest_pct,1_MARKET_STRUCTURE,1d_dist_pct,ALIVE,,False,13338,3.6,247,-0.0,11.84,0.5272870537168468
dist_long_up_nearest_pct,1_MARKET_STRUCTURE,1d_dist_pct,ALIVE,,False,13338,3.6,247,0.0,12.46,0.5714648214563666
dist_mq_call,8_OPTIONS_GAMMA,8_mq_dist,ALIVE,,False,13338,3.6,936,867.0,0.68,319.83078048040926
dist_mq_call_0dte,8_OPTIONS_GAMMA,8_mq_dist,ALIVE,,False,13338,3.6,1057,167.0,0.82,379.36590718664195
dist_mq_call_0dte_pct,8_OPTIONS_GAMMA,8_mq_dist,ALIVE,,False,13338,3.6,438,0.55,2.17,1.2728409478499694
dist_mq_call_pct,8_OPTIONS_GAMMA,8_mq_dist,ALIVE,,False,13338,3.6,368,2.96,1.5,1.1013185942327912
dist_mq_hvl,8_OPTIONS_GAMMA,8_mq_dist,ALIVE,,False,13338,3.6,1150,267.0,0.66,456.1199905341033
dist_mq_hvl_0dte,8_OPTIONS_GAMMA,8_mq_dist,ALIVE,,False,13338,45.43,886,-463.0,1.11,507.4249381147825
dist_mq_hvl_0dte_pct,8_OPTIONS_GAMMA,8_mq_dist,ALIVE,,False,13338,45.43,380,-1.54,2.38,1.7019838922259987
dist_mq_hvl_pct,8_OPTIONS_GAMMA,8_mq_dist,ALIVE,,False,13338,3.6,489,0.91,1.55,1.5384363421637075
dist_mq_put,8_OPTIONS_GAMMA,8_mq_dist,ALIVE,,False,13338,3.6,1003,-539.0,0.7,515.6981129667175
dist_mq_put_0dte,8_OPTIONS_GAMMA,8_mq_dist,ALIVE,,False,13338,3.6,1189,187.0,0.66,550.4937630045885
dist_mq_put_0dte_pct,8_OPTIONS_GAMMA,8_mq_dist,ALIVE,,False,13338,40.12,561,0.64,2.37,1.973243882630739
dist_mq_put_pct,8_OPTIONS_GAMMA,8_mq_dist,ALIVE,,False,13338,3.6,407,-1.47,1.92,1.7165791517915925
dist_ny_open_pct,3_IB_OVERNIGHT,3_sessions_dist,ALIVE,,False,13338,76.08,1122,0.0,0.72,0.4800944512622647
dist_open_830,2_NIVEAUX_VEILLE,2_cash_dist,ALIVE,,False,13338,3.63,829,-4.0,0.76,209.30178387456291
dist_open_cash,2_NIVEAUX_VEILLE,2_cash_dist,ALIVE,,False,13338,0.0,872,-43.0,0.74,236.2518981404118
dist_ovn_high,3_IB_OVERNIGHT,3_ovn_dist,ALIVE,,False,13338,27.19,565,4.0,2.02,84.45812520960467
dist_ovn_low,3_IB_OVERNIGHT,3_ovn_dist,ALIVE,,False,13338,27.19,546,-29.0,1.39,128.00330995182733
dist_pdh_atr,2_NIVEAUX_VEILLE,2_prev_levels_dist,ALIVE,,False,13338,16.09,3031,-0.970195,0.53,1.8589301199415649
dist_pdh_pct,2_NIVEAUX_VEILLE,2_prev_levels_dist,ALIVE,,False,13338,0.0,1482,0.975,0.64,0.8095330988741246
dist_pdl_atr,2_NIVEAUX_VEILLE,2_prev_levels_dist,ALIVE,,False,13338,16.09,2935,-1.599511,0.53,2.6013743679137957
dist_pdl_pct,2_NIVEAUX_VEILLE,2_prev_levels_dist,ALIVE,,False,13338,0.0,1491,-1.0636,0.64,0.8372394512722491
dist_prev_vah,2_NIVEAUX_VEILLE,2_prev_levels_dist,ALIVE,,False,13338,0.0,996,-309.0,0.82,346.7516432502331
dist_prev_vah_pct,2_NIVEAUX_VEILLE,2_prev_levels_dist,ALIVE,,False,13338,0.0,398,-1.13,2.02,1.1728010993157
dist_prev_val,2_NIVEAUX_VEILLE,2_prev_levels_dist,ALIVE,,False,13338,0.0,996,18.0,0.64,334.72191148687375
dist_prev_val_pct,2_NIVEAUX_VEILLE,2_prev_levels_dist,ALIVE,,False,13338,0.0,390,0.06,1.53,1.1215628449570823
dist_prev_vpoc,2_NIVEAUX_VEILLE,2_prev_levels_dist,ALIVE,,False,13338,0.0,1014,-520.0,0.75,408.5832897291757
dist_prev_vpoc_atr,2_NIVEAUX_VEILLE,2_prev_levels_dist,ALIVE,,False,13338,0.0,2452,-4.545,0.6,3.8002346631600488
dist_prev_vpoc_pct,2_NIVEAUX_VEILLE,2_prev_levels_dist,ALIVE,,False,13338,0.0,400,-1.73,1.52,1.3782621467662148
dist_prev_vwap,4_VWAP_ANCHOR,4_pvwap_dist,ALIVE,,False,13338,0.0,1415,91.0234,0.64,341.3433512150779
dist_prev_vwap_sd1d,4_VWAP_ANCHOR,4_pvwap_dist,ALIVE,,False,13338,0.0,1415,-13.8418,0.64,343.395081906364
dist_prev_vwap_sd1u,4_VWAP_ANCHOR,4_pvwap_dist,ALIVE,,False,13338,0.0,1415,192.8926,0.64,339.08254877830603
dist_sess_high,10_SESSION_CALENDAR,10_session_range,ALIVE,,False,13338,3.6,374,24.0,1.38,80.31143485847254
dist_sess_high_pct,10_SESSION_CALENDAR,10_session_range,ALIVE,,False,13338,3.6,141,0.1,3.35,0.2762257868188357
dist_sess_low,10_SESSION_CALENDAR,10_session_range,ALIVE,,False,13338,3.6,702,-405.0,0.76,164.7636439819793
dist_sess_low_pct,10_SESSION_CALENDAR,10_session_range,ALIVE,,False,13338,3.6,249,-1.38,1.69,0.5561683967540844
dist_session_hvn_above,1_MARKET_STRUCTURE,1b_session_hvn_lvn,ALIVE,,False,13338,38.27,116,1.0,27.98,20.566139129776133
dist_session_hvn_below,1_MARKET_STRUCTURE,1b_session_hvn_lvn,ALIVE,,False,13338,20.74,116,1.0,22.76,22.381308838785355
dist_session_lvn_above,1_MARKET_STRUCTURE,1b_session_hvn_lvn,ALIVE,,False,13338,7.41,274,1.0,9.47,58.16977307675928
dist_session_lvn_below,1_MARKET_STRUCTURE,1b_session_hvn_lvn,ALIVE,,False,13338,4.4,226,1.0,8.74,46.81731814128875
dist_single_print_atr,1_MARKET_STRUCTURE,1d_dist_atr,ALIVE,,False,13338,65.36,1348,-0.1661,1.73,0.25122571546249
dist_swing_high,1_MARKET_STRUCTURE,1c_swing,ALIVE,,False,13338,3.6,367,10.0,1.91,51.53166418780543
dist_swing_low,1_MARKET_STRUCTURE,1c_swing,ALIVE,,False,13338,3.6,390,-21.0,1.7,57.58151283901783
dist_us_high_pct,3_IB_OVERNIGHT,3_sessions_dist,ALIVE,,False,13338,76.08,1274,0.0,0.72,0.26824006715120086
dist_us_low_pct,3_IB_OVERNIGHT,3_sessions_dist,ALIVE,,False,13338,76.08,1042,0.210568,0.63,0.5109115429250776
dist_vix_call,9_VOLATILITY_VIX,9_vix_dist,ALIVE,,False,13338,0.0,480,2.78,19.84,2.072167882197971
dist_vix_call_0dte,9_VOLATILITY_VIX,9_vix_dist,ALIVE,,False,13338,94.44,107,-2.22,32.08,0.34108200871429717
dist_vix_gex_nearest_dn,9_VOLATILITY_VIX,9_vix_dist,ALIVE,,False,13338,0.0,215,-0.22,20.54,0.6610953640925682
dist_vix_gex_nearest_up,9_VOLATILITY_VIX,9_vix_dist,ALIVE,,False,13338,0.0,219,0.28,18.29,0.4538650928971164
dist_vix_hvl,9_VOLATILITY_VIX,9_vix_dist,ALIVE,,False,13338,0.0,546,-0.72,18.08,1.965693758522301
dist_vix_hvl_0dte,9_VOLATILITY_VIX,9_vix_dist,ALIVE,,False,13338,0.0,493,-3.22,18.05,2.009097270664764
dist_vix_put,9_VOLATILITY_VIX,9_vix_dist,ALIVE,,False,13338,0.0,532,-4.22,18.08,1.7969031014111345
dist_vix_put_0dte,9_VOLATILITY_VIX,9_vix_dist,ALIVE,,False,13338,0.0,546,-4.22,18.05,2.022528668615977
dist_vwap_d,4_VWAP_ANCHOR,4_vwap_dist,ALIVE,,False,13338,0.0,4407,-65.1367,0.1,110.21618842678727
dist_vwap_d_atr,4_VWAP_ANCHOR,4_vwap_dist,ALIVE,,False,13338,0.0,4086,-0.8882,0.12,1.3761819099522548
dist_vwap_d_pct,4_VWAP_ANCHOR,4_vwap_dist,ALIVE,,False,13338,0.0,271,-0.19,2.52,0.37163831624282295
dist_vwap_d_sd1d,4_VWAP_ANCHOR,4_vwap_dist,ALIVE,,False,13338,0.0,4381,0.0,0.2,131.41902686429853
dist_vwap_d_sd1d_pct,4_VWAP_ANCHOR,4_vwap_dist,ALIVE,,False,13338,0.0,293,-0.87,1.81,0.44328090785981394
dist_vwap_d_sd1u,4_VWAP_ANCHOR,4_vwap_dist,ALIVE,,False,13338,0.0,4337,0.0,0.19,99.24082473159841
dist_vwap_d_sd1u_pct,4_VWAP_ANCHOR,4_vwap_dist,ALIVE,,False,13338,0.0,246,0.04,3.14,0.33513360686473526
dist_vwap_d_sd2d,4_VWAP_ANCHOR,4_vwap_dist,ALIVE,,False,13338,0.0,4423,-348.707,0.09,158.80448686640068
dist_vwap_d_sd2d_pct,4_VWAP_ANCHOR,4_vwap_dist,ALIVE,,False,13338,0.0,319,-1.16,1.64,0.5360455683914322
dist_vwap_d_sd2u,4_VWAP_ANCHOR,4_vwap_dist,ALIVE,,False,13338,0.0,4379,117.6172,0.12,101.85440328742396
dist_vwap_d_sd2u_pct,4_VWAP_ANCHOR,4_vwap_dist,ALIVE,,False,13338,0.0,224,0.1,2.14,0.3449803266613395
dist_vwap_d_sd3d,4_VWAP_ANCHOR,4_vwap_dist,ALIVE,,False,13338,0.0,4418,-330.1836,0.09,189.71346661655394
dist_vwap_d_sd3d_pct,4_VWAP_ANCHOR,4_vwap_dist,ALIVE,,False,13338,0.0,347,-0.78,1.59,0.6408413236759566
dist_vwap_d_sd3u,4_VWAP_ANCHOR,4_vwap_dist,ALIVE,,False,13338,0.0,4404,201.7676,0.1,117.1513620475961
dist_vwap_d_sd3u_pct,4_VWAP_ANCHOR,4_vwap_dist,ALIVE,,False,13338,0.0,242,0.41,2.55,0.3977759693975121
dist_vwap_m,4_VWAP_ANCHOR,4_vwap_dist,ALIVE,,False,13338,3.6,4143,558.7793,0.1,415.854629218556
dist_vwap_m_atr,4_VWAP_ANCHOR,4_vwap_dist,ALIVE,,False,13338,3.6,3825,5.6813,0.12,3.918144657772258
dist_vwap_m_pct,4_VWAP_ANCHOR,4_vwap_dist,ALIVE,,False,13338,3.6,387,1.89,1.68,1.4082920699257995
dist_vwap_m_sd1d_pct,4_VWAP_ANCHOR,4_vwap_dist,ALIVE,,False,13338,3.6,387,0.39,1.63,1.342502023014906
dist_vwap_m_sd1u_pct,4_VWAP_ANCHOR,4_vwap_dist,ALIVE,,False,13338,3.6,409,3.41,1.46,1.4802055705896533
dist_vwap_w,4_VWAP_ANCHOR,4_vwap_dist,ALIVE,,False,13338,3.6,4185,171.8691,0.09,212.31099941892867
dist_vwap_w_atr,4_VWAP_ANCHOR,4_vwap_dist,ALIVE,,False,13338,3.6,3947,-1.245,0.12,2.0293704721013133
dist_vwap_w_pct,4_VWAP_ANCHOR,4_vwap_dist,ALIVE,,False,13338,3.6,284,-0.21,1.59,0.7233038742856841
dist_vwap_w_sd1d_pct,4_VWAP_ANCHOR,4_vwap_dist,ALIVE,,False,13338,3.6,309,-0.27,1.9,0.6698602513696206
dist_vwap_w_sd1u_pct,4_VWAP_ANCHOR,4_vwap_dist,ALIVE,,False,13338,3.6,285,0.04,1.68,0.8652473151174734
div_at_key_level_ticks,7_REVERSAL_EXHAUSTION,7_div_aggregates,DEAD,NULL>98%,True,13338,98.1,35,8.0,7.09,8.967561114054627
div_confluence_dmp,7_REVERSAL_EXHAUSTION,7_div_aggregates,ALIVE,,True,13338,27.17,5,0,97.39,0.3267563369011968
div_confluence_with_regime,7_REVERSAL_EXHAUSTION,7_div_aggregates,ALIVE,,True,13338,27.17,5,0,92.44,0.38554413185229236
div_regime_proxy_ok,7_REVERSAL_EXHAUSTION,7_div_aggregates,ALIVE,,True,13338,27.17,2,0,95.06,0.21672921334967432
equal_highs_detected,1_MARKET_STRUCTURE,1c_liquidity,DEAD,std<0.00e+00,True,13338,0.0,2,False,79.59,0.0
equal_lows_detected,1_MARKET_STRUCTURE,1c_liquidity,DEAD,std<0.00e+00,True,13338,0.0,2,False,91.75,0.0
finish_delta_pct,5_ORDER_FLOW,5a_finish,ALIVE,,False,13338,0.0,303,1.0,46.3,0.3981829547111363
finish_strength,5_ORDER_FLOW,5a_finish,ALIVE,,False,13338,0.0,380,0.0,9.71,61.61288443310547
fp_edge_buy,6_SIERRA_BN,6_edge,ALIVE,,False,13338,0.0,2,0,88.57,0.3182176841003851
fp_edge_sell,6_SIERRA_BN,6_edge,ALIVE,,False,13338,0.0,2,0,86.99,0.3363908487174941
fvg_dn_active,OTHER,unclassified,ALIVE,,False,13338,65.36,16,0,34.31,2.4345130591553605
fvg_dn_created_this_bar,OTHER,unclassified,DEAD,std<0.00e+00,False,13338,65.36,2,False,91.04,0.0
fvg_up_active,OTHER,unclassified,ALIVE,,False,13338,65.36,21,0,9.63,5.568165133189698
fvg_up_created_this_bar,OTHER,unclassified,DEAD,std<0.00e+00,False,13338,65.36,2,False,89.11,0.0
gex_cluster_count,8_OPTIONS_GAMMA,8_mq_gex,ALIVE,,False,13338,0.0,3,0.0,63.35,0.48902869941961463
has_single_prints,OTHER,unclassified,DEAD,CONSTANT | top_freq>100%,False,13338,65.36,1,True,100.0,0.0
high,META,0a_bar_meta,ALIVE,,False,13338,14.01,1067,7333.75,0.72,100.9137924744845
high_ask_vol_pct,5_ORDER_FLOW,5b_extreme,ALIVE,,False,13338,0.0,408,1.0,46.3,0.2591575854676053
high_pullback_delta,5_ORDER_FLOW,5a_pullback,ALIVE,,False,13338,0.0,121,1.0,13.83,18.26758606660124
hvn_between,1_MARKET_STRUCTURE,1b_session_hvn_lvn,DEAD,CONSTANT | top_freq>100%,False,13338,0.0,1,0,100.0,0.0
ib_atr,3_IB_OVERNIGHT,3_ib,DEAD,NULL>100%,False,13338,100.0,0,None,0.0,0.0
ib_broken_dn,3_IB_OVERNIGHT,3_ib,DEAD,top_freq>99%,False,13338,34.85,2,0,99.07,0.0960946229144972
ib_broken_down,3_IB_OVERNIGHT,3_ib,DEAD,top_freq>96%,False,13338,0.0,2,0,96.14,0.19266717190619287
ib_broken_up,3_IB_OVERNIGHT,3_ib,ALIVE,,False,13338,0.0,2,0,92.04,0.2707073111481914
ib_complete,3_IB_OVERNIGHT,3_ib,ALIVE,,False,13338,0.0,2,0,82.79,0.37743673606450034
ib_high,3_IB_OVERNIGHT,3_ib,ALIVE,,False,13338,85.26,4,7335.75,42.32,117.8947472024757
ib_is_narrow,3_IB_OVERNIGHT,3_ib,DEAD,top_freq>100%,False,13338,0.0,2,0,99.9,0.031204309149282888
ib_is_wide,3_IB_OVERNIGHT,3_ib,ALIVE,,False,13338,0.0,2,0,78.95,0.40768245749551757
ib_low,3_IB_OVERNIGHT,3_ib,ALIVE,,False,13338,85.26,4,7283.0,42.32,129.71672226427657
ib_position_pct,3_IB_OVERNIGHT,3_ib,ALIVE,,False,13338,94.62,250,0.2844,1.81,0.2981802835320988
ib_range,3_IB_OVERNIGHT,3_ib,ALIVE,,False,13338,85.26,4,52.75,42.32,14.919067193580696
ib_range_atr,3_IB_OVERNIGHT,3_ib,ALIVE,,False,13338,78.11,118,2.0181,18.84,0.9451304417179818
ib_range_ticks,3_IB_OVERNIGHT,3_ib,ALIVE,,False,13338,0.0,45,0.0,78.11,86.36102068744341
im_cross_delta_agreement_5,11_INTERMARKET,11_im,ALIVE,,False,13338,79.58,12,0.6,31.09,0.23118845701515958
im_cross_delta_weighted_5,11_INTERMARKET,11_im,ALIVE,,False,13338,79.58,421,0.0,4.3,26.223241681875127
im_cross_open_signal,11_INTERMARKET,11_im,ALIVE,,False,13338,79.58,2,0.0,93.94,0.15505414068166465
im_delta_day_divergence,11_INTERMARKET,11_im,ALIVE,,False,13338,79.58,3,0.0,81.24,0.391436643573195
im_ltr_slope_diff,11_INTERMARKET,11_im,ALIVE,,False,13338,79.7,2643,0.00102,0.11,0.191709457097155
im_open_type_agreement,11_INTERMARKET,11_im,ALIVE,,False,13338,79.58,2,0.0,93.98,0.23786733311385122
im_price_ratio_slope_10,11_INTERMARKET,11_im,ALIVE,,False,13338,79.7,174,1e-06,3.91,5.42337910432278e-05
im_rolling_correlation_10,11_INTERMARKET,11_im,ALIVE,,False,13338,80.02,2659,0.348922,0.08,0.30424281318179813
im_smt_divergence,11_INTERMARKET,11_im,DEAD,top_freq>96%,False,13338,79.91,3,0.0,95.52,0.21163790732214083
im_volume_lead,11_INTERMARKET,11_im,ALIVE,,False,13338,79.7,1669,-3.3,0.3,526.7272195535471
inside_comp_20d_va,OTHER,unclassified,DEAD,CONSTANT | top_freq>100%,False,13338,55.23,1,0,100.0,0.0
inside_comp_50d_va,OTHER,unclassified,DEAD,CONSTANT | top_freq>100%,False,13338,55.23,1,0,100.0,0.0
inside_cur_va,1_MARKET_STRUCTURE,1b_vp_current_range,ALIVE,,False,13338,0.0,2,1,66.78,0.47100540197196616
inside_prev_va,2_NIVEAUX_VEILLE,2_prev_bool,DEAD,top_freq>95%,False,13338,0.0,2,0,95.44,0.20858125604242878
is_blocked_combined,10_SESSION_CALENDAR,10_session_flags,DEAD,std<0.00e+00,False,13338,0.0,2,False,91.78,0.0
is_cash_session,10_SESSION_CALENDAR,10_session_flags,DEAD,std<0.00e+00,False,13338,0.0,2,False,78.11,0.0
is_critical_news_60m,10_SESSION_CALENDAR,10_news_flags,DEAD,std<0.00e+00,True,13338,0.0,2,False,97.73,0.0
is_double_dist,1_MARKET_STRUCTURE,1a_tpo_profile,ALIVE,,False,13338,0.0,2,1,62.68,0.48365966616321376
is_eco_blocked,10_SESSION_CALENDAR,10_session_flags,DEAD,std<0.00e+00 | top_freq>98%,False,13338,0.0,2,False,98.07,0.0
is_ib_window,10_SESSION_CALENDAR,10_session_flags,DEAD,std<0.00e+00 | top_freq>95%,False,13338,0.0,2,False,95.31,0.0
is_in_asia,10_SESSION_CALENDAR,10_session_flags,DEAD,std<0.00e+00,False,13338,0.0,2,False,62.45,0.0
is_in_london,10_SESSION_CALENDAR,10_session_flags,DEAD,std<0.00e+00,False,13338,0.0,2,False,61.49,0.0
is_in_us_after,10_SESSION_CALENDAR,10_session_flags,DEAD,std<0.00e+00 | top_freq>98%,False,13338,0.0,2,False,97.95,0.0
is_in_us_cash,10_SESSION_CALENDAR,10_session_flags,DEAD,std<0.00e+00,False,13338,0.0,2,False,78.11,0.0
is_new_cash_high,10_SESSION_CALENDAR,10_session_range,DEAD,std<0.00e+00 | top_freq>98%,False,13338,0.0,2,False,97.8,0.0
is_new_cash_low,10_SESSION_CALENDAR,10_session_range,DEAD,std<0.00e+00 | top_freq>99%,False,13338,0.0,2,False,98.83,0.0
is_new_sess_high,10_SESSION_CALENDAR,10_session_range,ALIVE,,False,13338,34.85,2,0,94.15,0.23460745982083717
is_new_sess_low,10_SESSION_CALENDAR,10_session_range,DEAD,top_freq>97%,False,13338,34.85,2,0,97.19,0.16519643667928194
is_news_15m,10_SESSION_CALENDAR,10_news_flags,DEAD,std<0.00e+00,True,13338,0.0,2,False,99.42,0.0
is_news_30m,10_SESSION_CALENDAR,10_news_flags,DEAD,std<0.00e+00,True,13338,0.0,2,False,98.82,0.0
is_news_5m,10_SESSION_CALENDAR,10_news_flags,DEAD,std<0.00e+00,True,13338,0.0,2,False,99.79,0.0
is_news_60m,10_SESSION_CALENDAR,10_news_flags,DEAD,std<0.00e+00,True,13338,0.0,2,False,97.73,0.0
is_news_715,10_SESSION_CALENDAR,10_news_flags,ALIVE,,True,13338,0.0,2,0,99.92,0.02870594367399594
is_news_730,10_SESSION_CALENDAR,10_news_flags,DEAD,CONSTANT,True,13338,0.0,1,0,100.0,0.0
is_news_830,10_SESSION_CALENDAR,10_news_flags,ALIVE,,True,13338,0.0,2,0,99.82,0.04238080328677959
is_news_845,10_SESSION_CALENDAR,10_news_flags,ALIVE,,True,13338,0.0,2,0,99.91,0.02998125542591387
is_news_900,10_SESSION_CALENDAR,10_news_flags,DEAD,CONSTANT,True,13338,0.0,1,0,100.0,0.0
is_news_930,10_SESSION_CALENDAR,10_news_flags,ALIVE,,True,13338,0.0,2,0,99.92,0.02870594367399594
is_roll_day,10_SESSION_CALENDAR,10_session_flags,DEAD,CONSTANT,True,13338,0.0,1,False,100.0,0.0
is_session_blocked,10_SESSION_CALENDAR,10_session_flags,DEAD,std<0.00e+00,False,13338,0.0,2,False,93.71,0.0
judas_swing_active,OTHER,unclassified,DEAD,std<0.00e+00 | top_freq>97%,False,13338,65.36,2,False,97.23,0.0
judas_swing_direction,OTHER,unclassified,DEAD,top_freq>97%,False,13338,65.36,2,0,97.23,0.16412807772914684
large_trader_max_size,5_ORDER_FLOW,5b_trader,ALIVE,,False,13338,0.0,1670,1.5,4.36,1.2647013952946813
large_trader_ratio,5_ORDER_FLOW,5b_trader,ALIVE,,False,13338,0.0,3526,1.0,0.81,0.39730863781394443
liquidity_sweep_high_lag5,1_MARKET_STRUCTURE,1c_liquidity,DEAD,std<0.00e+00,True,13338,0.0,2,False,89.36,0.0
liquidity_sweep_low_lag5,1_MARKET_STRUCTURE,1c_liquidity,DEAD,std<0.00e+00,True,13338,0.0,2,False,93.96,0.0
london_first_hour_direction,3_IB_OVERNIGHT,3_sessions_levels,ALIVE,,False,13338,87.97,3,0,49.28,0.7056618713259757
london_high,3_IB_OVERNIGHT,3_sessions_levels,ALIVE,,False,13338,42.06,92,7338.75,22.58,100.96479571504848
london_low,3_IB_OVERNIGHT,3_sessions_levels,ALIVE,,False,13338,42.06,77,7518.5,20.91,97.74945290788611
london_open,3_IB_OVERNIGHT,3_sessions_levels,ALIVE,,False,13338,53.26,9,7317.5,34.99,89.58752789830818
long_dn_bar,6_SIERRA_BN,6_bar_long,ALIVE,,False,13338,27.17,2,0,91.96,0.27191056656798196
long_dn_up_pattern,6_SIERRA_BN,6_bar_long,DEAD,top_freq>99%,False,13338,27.17,2,0,98.92,0.10340359716446684
long_up_bar,6_SIERRA_BN,6_bar_long,ALIVE,,False,13338,27.17,2,0,91.28,0.2821187560658375
long_up_dn_pattern,6_SIERRA_BN,6_bar_long,DEAD,top_freq>99%,False,13338,27.17,2,0,98.81,0.10862286871728417
low,META,0a_bar_meta,ALIVE,,False,13338,14.01,1102,7334.5,0.73,101.4429268456654
low_bid_vol_pct,5_ORDER_FLOW,5b_extreme,ALIVE,,False,13338,0.0,446,1.0,44.38,0.2613952473816288
low_pullback_delta,5_ORDER_FLOW,5a_pullback,ALIVE,,False,13338,0.0,120,1.0,13.5,13.97227622297554
lvn_between,1_MARKET_STRUCTURE,1b_session_hvn_lvn,DEAD,CONSTANT | top_freq>100%,False,13338,0.0,1,0,100.0,0.0
lvn_confluence_count,1_MARKET_STRUCTURE,1b_session_hvn_lvn,ALIVE,,False,13338,0.0,6,0,82.44,1.4062462170106516
ma_trend,1_MARKET_STRUCTURE,1a_tpo_concepts,DEAD,top_freq>96%,False,13338,0.0,2,1,96.4,0.37251744191325703
max_ask_vol_in_bar,5_ORDER_FLOW,5b_extreme,ALIVE,,False,13338,0.0,383,18.0,2.61,104.19622284082875
max_bid_vol_in_bar,5_ORDER_FLOW,5b_extreme,ALIVE,,False,13338,0.0,362,18.0,2.41,90.0383586287114
max_big_ask_vol_in_bar,5_ORDER_FLOW,5c_big_volume,ALIVE,,False,13338,27.17,365,15.0,2.32,110.62885955334701
max_big_bid_vol_in_bar,5_ORDER_FLOW,5c_big_volume,ALIVE,,False,13338,27.17,345,18.0,2.56,95.42259850088053
mins_et,10_SESSION_CALENDAR,10_session_flags,ALIVE,,False,13338,0.0,951,291,0.25,423.1369323384024
mins_since_news,10_SESSION_CALENDAR,10_news_countdown,ALIVE,,False,13338,44.33,577,8.0,1.39,307.7732491503477
mins_to_next_news,10_SESSION_CALENDAR,10_news_countdown,ALIVE,,False,13338,43.95,318,15.0,1.27,133.05160026128763
momentum_3b,5_ORDER_FLOW,5a_momentum,ALIVE,,False,13338,0.0,116,0.25,7.71,2.518398370396041
momentum_5b,5_ORDER_FLOW,5a_momentum,ALIVE,,False,13338,0.0,148,0.0,5.81,3.519257117442263
mq_gamma_condition,8_OPTIONS_GAMMA,8_mq_levels,ALIVE,,False,13338,0.0,2,0,82.37,0.3811077171132735
n_big_ask_t1,5_ORDER_FLOW,5c_big_orders,ALIVE,,False,13338,0.0,21,0.0,31.87,8.184037680858019
n_big_ask_t2,5_ORDER_FLOW,5c_big_orders,ALIVE,,False,13338,0.0,21,0.0,44.22,7.711453698607967
n_big_ask_t3,5_ORDER_FLOW,5c_big_orders,ALIVE,,False,13338,0.0,15,0.0,78.95,3.4789212314798426
n_big_ask_t4,5_ORDER_FLOW,5c_big_orders,ALIVE,,False,13338,0.0,6,0.0,94.4,1.624846366340416
n_big_ask_v2_t1,5_ORDER_FLOW,5c_big_orders,ALIVE,,False,13338,27.17,21,0.0,36.15,8.505446596528188
n_big_ask_v2_t2,5_ORDER_FLOW,5c_big_orders,ALIVE,,False,13338,27.17,21,0.0,45.37,8.066938335703645
n_big_ask_v2_t3,5_ORDER_FLOW,5c_big_orders,ALIVE,,False,13338,27.17,15,0.0,79.53,3.414703864582247
n_big_ask_v2_t4,5_ORDER_FLOW,5c_big_orders,ALIVE,,False,13338,27.17,6,0.0,93.58,1.3784902105074757
n_big_bid_t1,5_ORDER_FLOW,5c_big_orders,ALIVE,,False,13338,0.0,21,0.0,30.74,8.101412448697264
n_big_bid_t2,5_ORDER_FLOW,5c_big_orders,ALIVE,,False,13338,0.0,21,0.0,53.07,7.8294530340225945
n_big_bid_t3,5_ORDER_FLOW,5c_big_orders,ALIVE,,False,13338,0.0,11,0.0,81.88,3.1369672062963354
n_big_bid_t4,5_ORDER_FLOW,5c_big_orders,DEAD,top_freq>97%,False,13338,0.0,5,0.0,97.08,1.4870954322503298
n_big_bid_v2_t1,5_ORDER_FLOW,5c_big_orders,ALIVE,,False,13338,27.17,21,0.0,31.58,8.372049333861398
n_big_bid_v2_t2,5_ORDER_FLOW,5c_big_orders,ALIVE,,False,13338,27.17,21,0.0,51.52,8.130076491345413
n_big_bid_v2_t3,5_ORDER_FLOW,5c_big_orders,ALIVE,,False,13338,27.17,11,0.0,80.72,2.9532786483476605
n_big_bid_v2_t4,5_ORDER_FLOW,5c_big_orders,DEAD,top_freq>97%,False,13338,27.17,4,0.0,97.23,1.140322294966363
n_clusters_20t,5_ORDER_FLOW,5c_clusters_agg,ALIVE,,False,13338,0.0,21,0.0,65.51,6.912948223933674
n_clusters_50t,5_ORDER_FLOW,5c_clusters_agg,ALIVE,,False,13338,0.0,21,0.0,60.74,7.886521313161126
n_color_dn_cluster_within_0_2pct,6_SIERRA_BN,6_extensions_zones,ALIVE,,False,13338,27.17,7,0,49.55,1.0325343302936514
n_color_dn_zones_active,6_SIERRA_BN,6_extensions_zones,ALIVE,,False,13338,27.17,11,0,33.97,1.9024220770965228
n_color_up_cluster_within_0_2pct,6_SIERRA_BN,6_extensions_zones,ALIVE,,False,13338,27.17,7,0,43.2,1.1229228213048992
n_color_up_zones_active,6_SIERRA_BN,6_extensions_zones,ALIVE,,False,13338,27.17,13,0,31.65,2.8239926946574556
n_delta_div_buy_zones_active,7_REVERSAL_EXHAUSTION,7_delta_div_zones,ALIVE,,False,13338,0.0,12,0,93.04,0.9635116141153582
n_delta_div_sell_zones_active,7_REVERSAL_EXHAUSTION,7_delta_div_zones,ALIVE,,False,13338,0.0,20,0,91.14,2.0476971240619046
n_edge_buy_active,6_SIERRA_BN,6_edge_zones,ALIVE,,False,13338,27.17,4,0,52.66,0.7428278374236549
n_edge_sell_active,6_SIERRA_BN,6_edge_zones,ALIVE,,False,13338,27.17,7,0,37.05,1.3020907429899977
n_long_dn_cluster_within_0_2pct,6_SIERRA_BN,6_extensions_zones,ALIVE,,False,13338,27.17,7,0,59.49,0.8436220946336611
n_long_dn_zones_active,6_SIERRA_BN,6_extensions_zones,ALIVE,,False,13338,27.17,10,0,44.75,1.4394368266008883
n_long_up_cluster_within_0_2pct,6_SIERRA_BN,6_extensions_zones,ALIVE,,False,13338,27.17,8,0,50.83,1.0079118996714242
n_long_up_zones_active,6_SIERRA_BN,6_extensions_zones,ALIVE,,False,13338,27.17,13,0,35.73,2.584112035979191
new_swing_high,1_MARKET_STRUCTURE,1c_swing,ALIVE,,True,13338,0.0,2,0,98.36,0.12708131799638328
new_swing_low,1_MARKET_STRUCTURE,1c_swing,ALIVE,,True,13338,0.0,2,0,98.76,0.11053341930199971
news_minutes_until,10_SESSION_CALENDAR,10_news_countdown,ALIVE,,False,13338,35.48,2841,274.0,0.1,1834.392880799861
news_seconds_until,10_SESSION_CALENDAR,10_news_countdown,ALIVE,,False,13338,35.48,2692,16440,0.1,110063.57284742621
next_wall_dist_ticks,8_OPTIONS_GAMMA,8_mq_walls,ALIVE,,False,13338,3.6,180,7.0,1.62,34.51721584500139
next_wall_is_call,8_OPTIONS_GAMMA,8_mq_walls,ALIVE,,False,13338,0.0,2,0,51.18,0.4998614271770799
ny_open,3_IB_OVERNIGHT,3_open_abs,ALIVE,,False,13338,76.08,6,7305.0,34.19,121.94635056154708
open,META,0a_bar_meta,ALIVE,,False,13338,0.0,1193,7333.25,0.71,103.67251701107506
open_830,2_NIVEAUX_VEILLE,2_cash_levels_abs,ALIVE,,False,13338,38.48,5,7332.25,47.27,95.68108383977398
open_830_et,3_IB_OVERNIGHT,3_open_abs,ALIVE,,False,13338,20.14,19,7309.75,13.06,102.21347712549709
open_830_lvl,2_NIVEAUX_VEILLE,2_cash_levels_abs,ALIVE,,False,13338,3.63,5,7332.25,38.59,83.0050355120743
open_above_prev_vah,OTHER,unclassified,DEAD,std<0.00e+00,False,13338,65.36,2,False,76.36,0.0
open_below_prev_val,OTHER,unclassified,DEAD,std<0.00e+00 | top_freq>100%,False,13338,65.36,2,False,99.63,0.0
open_bias_conf,1_MARKET_STRUCTURE,1a_tpo_concepts,ALIVE,,False,13338,0.0,4,0.0,59.57,0.18885238352781733
open_cash,2_NIVEAUX_VEILLE,2_cash_levels_abs,ALIVE,,False,13338,75.17,8,7305.0,32.94,119.85738086531441
open_cash_lvl,2_NIVEAUX_VEILLE,2_cash_levels_abs,ALIVE,,False,13338,0.0,9,7324.0,36.83,95.93115375269157
open_direction,1_MARKET_STRUCTURE,1a_tpo_concepts,DEAD,top_freq>95%,False,13338,0.0,3,0,95.1,0.21904434128957187
open_gap_ticks,1_MARKET_STRUCTURE,1a_open_dynamics,ALIVE,,False,13338,0.0,14,272.0,36.83,271.60272437422526
open_in_prev_va,2_NIVEAUX_VEILLE,2_prev_bool,ALIVE,,False,13338,0.0,2,0,68.14,0.46591930360779243
open_outside_prev_range,OTHER,unclassified,DEAD,std<0.00e+00,False,13338,65.36,2,False,77.25,0.0
open_position,1_MARKET_STRUCTURE,1a_open_dynamics,ALIVE,,False,13338,0.0,3,-2,42.07,1.6197066420815038
open_relation_type,OTHER,unclassified,ALIVE,,False,13338,65.36,3,2,72.03,0.4989137579541948
open_type,1_MARKET_STRUCTURE,1a_tpo_concepts,ALIVE,,False,13338,0.0,4,0,59.57,3.4682022436351354
open_within_prev_va,OTHER,unclassified,DEAD,std<0.00e+00,False,13338,65.36,2,False,88.92,0.0
open_zone,1_MARKET_STRUCTURE,1a_tpo_concepts,ALIVE,,False,13338,0.0,5,0,59.57,1.8708669278476957
ovn_broken_dn,3_IB_OVERNIGHT,3_ovn,DEAD,std<0.00e+00,False,13338,0.0,2,False,86.98,0.0
ovn_broken_up,3_IB_OVERNIGHT,3_ovn,DEAD,std<0.00e+00,False,13338,0.0,2,False,85.67,0.0
ovn_high,3_IB_OVERNIGHT,3_ovn,ALIVE,,False,13338,4.51,209,7338.75,13.7,98.27156148723793
ovn_high_lvl,3_IB_OVERNIGHT,3_ovn,DEAD,NULL>100%,False,13338,100.0,0,None,0.0,0.0
ovn_low,3_IB_OVERNIGHT,3_ovn,ALIVE,,False,13338,4.51,162,7374.75,11.47,100.4611181173494
ovn_low_lvl,3_IB_OVERNIGHT,3_ovn,DEAD,NULL>100%,False,13338,100.0,0,None,0.0,0.0
ovn_range_ticks,3_IB_OVERNIGHT,3_ovn,ALIVE,,False,13338,0.01,205,0.0,27.17,103.97082756271853
p99_trade_size_proxy,5_ORDER_FLOW,5b_microstructure,ALIVE,,False,13338,0.0,3739,1.0,2.4,0.8039365981628238
pct_in_range,1_MARKET_STRUCTURE,1b_vp_current_zones,ALIVE,,False,13338,0.0,4340,1.0,0.93,0.2855529663379793
pdh,2_NIVEAUX_VEILLE,2_prev_levels_abs,ALIVE,,False,13338,0.0,10,7404.75,38.25,56.34268060518846
pdl,2_NIVEAUX_VEILLE,2_prev_levels_abs,ALIVE,,False,13338,0.0,9,7255.25,44.11,113.0676327999554
poc_bar_dist,5_ORDER_FLOW,5d_poc_dynamics,ALIVE,,False,13338,0.0,50,1.0,24.69,4.870689189709651
poc_migration_dir,5_ORDER_FLOW,5d_poc_dynamics,ALIVE,,False,13338,1.7,3,-1,52.28,0.9844905053415033
poc_position,5_ORDER_FLOW,5d_poc_dynamics,ALIVE,,False,13338,0.0,127,0.4188,26.11,0.24062970188388952
poc_separation_ticks,1_MARKET_STRUCTURE,1a_tpo_profile,ALIVE,,False,13338,0.0,45,0.0,37.32,32.64796526345943
position_in_range,1_MARKET_STRUCTURE,1b_vp_current_zones,ALIVE,,False,13338,3.6,692,1.0,32.0,0.32355938708536813
premium_zone,1_MARKET_STRUCTURE,1b_vp_current_zones,ALIVE,,False,13338,3.6,2,1,89.42,0.307543947808564
prev_vah,2_NIVEAUX_VEILLE,2_prev_levels_abs,ALIVE,,False,13338,34.85,5,7325.25,40.37,70.89476378662584
prev_vah_lvl,2_NIVEAUX_VEILLE,2_prev_levels_abs,ALIVE,,False,13338,0.0,6,7395.0,44.36,57.92729818387444
prev_val,2_NIVEAUX_VEILLE,2_prev_levels_abs,ALIVE,,False,13338,34.85,5,7285.0,40.37,62.1284260849227
prev_val_lvl,2_NIVEAUX_VEILLE,2_prev_levels_abs,ALIVE,,False,13338,0.0,6,7337.75,44.36,50.35648774014877
prev_vpoc,2_NIVEAUX_VEILLE,2_prev_levels_abs,ALIVE,,False,13338,34.85,5,7295.0,40.37,67.54680867220159
prev_vpoc_lvl,2_NIVEAUX_VEILLE,2_prev_levels_abs,ALIVE,,False,13338,0.0,6,7392.0,44.36,55.74679239877178
prev_vwap_sd2d,2_NIVEAUX_VEILLE,2_prev_vwap_abs,DEAD,NULL>100%,False,13338,100.0,0,None,0.0,0.0
prev_vwap_sd2u,2_NIVEAUX_VEILLE,2_prev_vwap_abs,DEAD,NULL>100%,False,13338,100.0,0,None,0.0,0.0
price,META,0a_bar_meta,ALIVE,,False,13338,0.0,1186,7333.25,0.65,103.6815801546615
price_1030,3_IB_OVERNIGHT,3_ib,ALIVE,,False,13338,93.51,4,7614.5,61.78,56.3564806102238
price_vs_swing_mid,1_MARKET_STRUCTURE,1c_swing,ALIVE,,False,13338,0.0,3,1.0,59.67,0.9496425921971279
profile_hvn_dominant,1_MARKET_STRUCTURE,1a_tpo_profile,ALIVE,,False,13338,0.0,43,7276.75,37.04,108.87070874996657
profile_overlap_above_pdh,OTHER,unclassified,ALIVE,,False,13338,65.37,408,0.0,15.26,2.838074277377045
profile_overlap_below_pdl,OTHER,unclassified,DEAD,CONSTANT | top_freq>100%,False,13338,65.37,1,0.0,100.0,0.0
profile_overlap_pct,OTHER,unclassified,ALIVE,,False,13338,65.37,37,0.0,94.44,0.035109086498134684
profile_shape,1_MARKET_STRUCTURE,1a_tpo_concepts,ALIVE,,False,13338,0.0,4,3,62.68,0.9787818518591492
profile_skew,1_MARKET_STRUCTURE,1a_tpo_concepts,ALIVE,,False,13338,0.0,849,0.1076,0.9,0.1279180333416885
pvwap,4_VWAP_ANCHOR,4_pvwap_abs,ALIVE,,False,13338,0.0,6,7356.01,44.36,50.15869707304873
pvwap_sd1d,4_VWAP_ANCHOR,4_pvwap_abs,ALIVE,,False,13338,0.0,6,7329.79,44.36,45.17542193599059
pvwap_sd1u,4_VWAP_ANCHOR,4_pvwap_abs,ALIVE,,False,13338,0.0,6,7381.47,44.36,55.03893004547124
range_extension_above_ib_atr,OTHER,unclassified,ALIVE,,False,13338,65.36,45,0.0,77.71,0.13058490251791538
range_extension_below_ib_atr,OTHER,unclassified,ALIVE,,False,13338,65.36,45,0.0,88.42,0.2047609509604146
range_extension_completed,OTHER,unclassified,DEAD,std<0.00e+00,False,13338,65.36,2,False,90.67,0.0
range_h_minus_lprev_ticks,1_MARKET_STRUCTURE,1a_bar_microstructure,ALIVE,,False,13338,27.31,99,5,7.92,13.842648469818753
range_hprev_minus_l_ticks,1_MARKET_STRUCTURE,1a_bar_microstructure,ALIVE,,False,13338,27.31,85,4,7.92,12.63333945037429
range_pos_va,1_MARKET_STRUCTURE,1b_vp_current_range,ALIVE,,False,13338,0.01,1805,100.0,24.28,31.451964884187475
range_size,1_MARKET_STRUCTURE,1a_bar_microstructure,ALIVE,,False,13338,0.0,83,1.75,8.97,2.5356935614544502
range_size_ticks,1_MARKET_STRUCTURE,1b_vp_current_range,ALIVE,,False,13338,0.01,277,219.0,5.11,51.47712120983784
retest_high_count,1_MARKET_STRUCTURE,1c_retest,ALIVE,,False,13338,0.0,12,0,32.02,2.1554656807173984
retest_high_delta_div,7_REVERSAL_EXHAUSTION,7_delta_div,DEAD,std<0.00e+00,False,13338,0.0,2,False,91.14,0.0
retest_low_count,1_MARKET_STRUCTURE,1c_retest,ALIVE,,False,13338,0.0,16,0,56.04,2.0127259186071655
retest_low_delta_div,7_REVERSAL_EXHAUSTION,7_delta_div,DEAD,std<0.00e+00,False,13338,0.0,2,False,93.3,0.0
roll_phase,10_SESSION_CALENDAR,10_roll,ALIVE,,False,13338,0.0,2,1,76.03,0.853789858932806
rotation_dn,5_ORDER_FLOW,5a_rotation,ALIVE,,False,13338,0.0,2,0.0,88.9,0.31417688258987303
rotation_up,5_ORDER_FLOW,5a_rotation,ALIVE,,False,13338,0.0,2,0.0,87.32,0.3327270645044346
rotation_zz_osc,5_ORDER_FLOW,5a_rotation,ALIVE,,False,13338,0.0,107,0.5,6.97,2.3632900081098147
rule_80pct,1_MARKET_STRUCTURE,1a_tpo_concepts,DEAD,top_freq>97%,False,13338,0.0,2,0,96.85,0.1746351140747992
rvol,5_ORDER_FLOW,5d_rvol,ALIVE,,False,13338,0.0,4010,1.0075,0.12,0.737875853502213
rvol_absorb_buy,5_ORDER_FLOW,5d_rvol,ALIVE,,True,13338,0.0,2,0,98.8,0.1088664421049497
rvol_absorb_sell,5_ORDER_FLOW,5d_rvol,ALIVE,,True,13338,0.0,2,0,98.73,0.11184820998598209
rvol_buy,5_ORDER_FLOW,5d_rvol,DEAD,top_freq>98%,False,13338,0.0,2,0,97.51,0.1557938119067487
rvol_buy_strong,5_ORDER_FLOW,5d_rvol,DEAD,CONSTANT,True,13338,27.17,1,0,100.0,0.0
rvol_extreme,5_ORDER_FLOW,5d_rvol,ALIVE,,True,13338,27.17,2,0,99.25,0.08636233428502343
rvol_regime,5_ORDER_FLOW,5d_rvol,ALIVE,,False,13338,27.17,5,1,46.0,0.8815009721217791
rvol_sell,5_ORDER_FLOW,5d_rvol,DEAD,top_freq>97%,False,13338,0.0,2,0,97.44,0.15783671585856174
rvol_sell_strong,5_ORDER_FLOW,5d_rvol,DEAD,CONSTANT,True,13338,27.17,1,0,100.0,0.0
rvol_zscore,5_ORDER_FLOW,5d_rvol,ALIVE,,False,13338,0.0,4372,-1.0918,0.1,1.0624324777849914
schema_version,META,0c_observability,DEAD,CONSTANT | top_freq>100%,False,13338,39.13,1,'sierra_3.7.22+unknown',100.0,0.0
sell_vol,5_ORDER_FLOW,5b_volume_abs,ALIVE,,False,13338,0.0,1367,88.0,0.81,887.3595556444253
sess_high,10_SESSION_CALENDAR,10_session_range,ALIVE,,False,13338,34.85,234,7415.25,12.64,88.70799332891286
sess_low,10_SESSION_CALENDAR,10_session_range,ALIVE,,False,13338,34.85,141,7518.5,16.72,88.09169388341688
sess_range_atr,10_SESSION_CALENDAR,10_session_range,ALIVE,,False,13338,3.6,296,4.0745,14.05,1.4535855482389028
sess_range_ticks,10_SESSION_CALENDAR,10_session_range,ALIVE,,False,13338,0.0,184,425.0,26.03,174.21117470547082
session,META,0a_bar_meta,ALIVE,,False,13338,0.0,3,0,37.55,0.7924256522302426
session_date,META,0a_bar_meta,DEAD,std<0.00e+00,False,13338,0.0,5,'2026-06-11',40.55,0.0
session_date_trading,META,0a_bar_meta,DEAD,std<0.00e+00,False,13338,0.0,5,'2026-06-11',44.11,0.0
session_hvn_count,1_MARKET_STRUCTURE,1b_session_hvn_lvn,ALIVE,,False,13338,0.0,11,0,80.06,3.230919223521686
session_id,META,0a_bar_meta,DEAD,std<0.00e+00,False,13338,0.0,3,'Asia',37.55,0.0
session_lvn_count,1_MARKET_STRUCTURE,1b_session_hvn_lvn,ALIVE,,False,13338,0.0,11,0,80.8,3.481386070107796
session_segment,META,0a_bar_meta,DEAD,std<0.00e+00,False,13338,0.0,4,'london',38.51,0.0
single_print_above,OTHER,unclassified,DEAD,std<0.00e+00 | top_freq>96%,False,13338,65.36,2,False,95.52,0.0
single_print_below,OTHER,unclassified,DEAD,std<0.00e+00 | top_freq>95%,False,13338,65.36,2,True,95.48,0.0
single_print_count,1_MARKET_STRUCTURE,1a_tpo_profile,ALIVE,,False,13338,0.0,151,40,9.03,68.25503323940693
single_print_density,OTHER,unclassified,ALIVE,,False,13338,65.36,575,0.3367,3.03,3.073446925634271
single_print_mid,1_MARKET_STRUCTURE,1a_tpo_profile,ALIVE,,False,13338,0.0,119,7285.38,26.11,225.22395835275034
sweep_high_active,OTHER,unclassified,ALIVE,,False,13338,65.36,4,0,54.96,0.7075248710743995
sweep_high_this_bar,OTHER,unclassified,DEAD,std<0.00e+00,False,13338,65.36,2,False,90.74,0.0
sweep_low_active,OTHER,unclassified,ALIVE,,False,13338,65.36,4,0,56.0,0.6841477073652665
sweep_low_this_bar,OTHER,unclassified,DEAD,std<0.00e+00,False,13338,65.36,2,False,93.14,0.0
swing_range_ticks,1_MARKET_STRUCTURE,1c_swing,ALIVE,,False,13338,0.0,130,30.0,4.39,55.00462283065202
sym,META,0a_bar_meta,DEAD,CONSTANT | top_freq>100%,False,13338,0.0,1,'ES',100.0,0.0
ticks_count,5_ORDER_FLOW,5b_volume_abs,ALIVE,,False,13338,0.0,1724,55,0.54,1264.3104427925634
total_vol,5_ORDER_FLOW,5b_volume_abs,ALIVE,,False,13338,0.0,1869,146.0,0.41,1805.988201445214
trend_day_probability,1_MARKET_STRUCTURE,1a_tpo_concepts,ALIVE,,False,13338,0.0,4,0.0,80.14,0.11788698623076409
ts,META,0a_bar_meta,ALIVE,,False,13338,0.0,4371,1781164560000,0.07,144070846.4774442
ts_event,META,0a_bar_meta,DEAD,std<0.00e+00,False,13338,0.0,4371,'2026-06-11T07:56:00+00:00',0.07,0.0
ts_event_ns,META,0a_bar_meta,ALIVE,,False,13338,31.01,3595,1781234160000000000,0.05,142390447952765.75
ts_raw_ms,META,0a_bar_meta,ALIVE,,False,13338,53.51,2363,1781513460000,0.08,131591245.19106373
us_high,3_IB_OVERNIGHT,3_sessions_levels,ALIVE,,False,13338,76.08,100,7335.75,17.24,118.10404020887852
us_low,3_IB_OVERNIGHT,3_sessions_levels,ALIVE,,False,13338,76.08,65,7598.5,24.41,132.25473837090544
va_position_pct,1_MARKET_STRUCTURE,1b_vp_current_range,ALIVE,,False,13338,33.22,1704,0.6667,0.75,0.21728366194326754
vah_touches_20b,1_MARKET_STRUCTURE,1b_vp_current_touches,ALIVE,,False,13338,0.0,21,0.0,66.59,4.960148272632912
val_touches_20b,1_MARKET_STRUCTURE,1b_vp_current_touches,ALIVE,,False,13338,0.0,20,0.0,91.57,2.297318854092263
vix_above_hvl,9_VOLATILITY_VIX,9_vix_core,ALIVE,,True,13338,0.0,2,0,73.01,0.443910504815075
vix_above_hvl_0dte,9_VOLATILITY_VIX,9_vix_core,ALIVE,,False,13338,0.0,2,1,66.01,0.473685468393983
vix_level,9_VOLATILITY_VIX,9_vix_core,ALIVE,,False,13338,0.0,480,22.22,19.84,2.0721678821979705
vix_regime,9_VOLATILITY_VIX,9_vix_core,DEAD,CONSTANT,True,13338,0.0,1,1,100.0,0.0
vol_per_sec,5_ORDER_FLOW,5b_volume_abs,ALIVE,,False,13338,0.0,2990,2.0,0.29,30.08750074855147
volume,META,0a_bar_meta,ALIVE,,False,13338,14.01,1668,58.0,0.44,1719.1121665277317
volume_imbalance,1_MARKET_STRUCTURE,1a_tpo_profile,ALIVE,,False,13338,0.0,935,1.5705,0.52,2.3033384284702842
vwap_d,4_VWAP_ANCHOR,4_vwap_abs,ALIVE,,False,13338,0.0,3142,7582.74,3.6,105.3194738188944
vwap_d_sd1d,4_VWAP_ANCHOR,4_vwap_abs,ALIVE,,False,13338,0.0,3050,7568.87,3.6,109.17881885599873
vwap_d_sd1u,4_VWAP_ANCHOR,4_vwap_abs,ALIVE,,False,13338,0.0,2853,7596.61,3.6,102.18071457854597
vwap_d_sd2d,4_VWAP_ANCHOR,4_vwap_abs,ALIVE,,False,13338,0.0,2636,7555.01,3.6,113.68610555433398
vwap_d_sd2u,4_VWAP_ANCHOR,4_vwap_abs,ALIVE,,False,13338,0.0,2673,7610.48,3.69,99.83060259709853
vwap_d_sd3d,4_VWAP_ANCHOR,4_vwap_abs,ALIVE,,False,13338,0.0,2728,7541.14,3.6,118.76618650294627
vwap_d_sd3u,4_VWAP_ANCHOR,4_vwap_abs,ALIVE,,False,13338,0.0,2827,7624.35,3.6,98.325521946666
vwap_d_side,4_VWAP_ANCHOR,4_vwap_side,ALIVE,,False,13338,0.0,2,1,81.54,0.7759217151830834
vwap_m,4_VWAP_ANCHOR,4_vwap_abs,ALIVE,,False,13338,3.6,1553,7456.88,1.59,13.061785391266922
vwap_m_sd1d,4_VWAP_ANCHOR,4_vwap_abs,ALIVE,,False,13338,3.6,1545,7343.86,10.07,18.97187065381212
vwap_m_sd1u,4_VWAP_ANCHOR,4_vwap_abs,ALIVE,,False,13338,3.6,1627,7563.93,2.06,10.057078304622094
vwap_m_sd2d,4_VWAP_ANCHOR,4_vwap_abs,ALIVE,,False,13338,3.6,1806,7230.86,2.93,25.86748332516604
vwap_m_sd2u,4_VWAP_ANCHOR,4_vwap_abs,ALIVE,,False,13338,3.6,1306,7673.14,6.06,12.310581595192392
vwap_m_sd3d,4_VWAP_ANCHOR,4_vwap_abs,ALIVE,,False,13338,3.6,2046,7117.8,1.01,33.138921219928406
vwap_m_sd3u,4_VWAP_ANCHOR,4_vwap_abs,ALIVE,,False,13338,3.6,1445,7782.36,3.42,17.939118070363072
vwap_m_side,4_VWAP_ANCHOR,4_vwap_side,ALIVE,,False,13338,0.0,3,-1,73.28,0.8440590428158443
vwap_ma_align,4_VWAP_ANCHOR,4_vwap_dynamics,ALIVE,,False,13338,0.0,2,1,81.54,0.3879608575915417
vwap_slope_10,4_VWAP_ANCHOR,4_vwap_dynamics,ALIVE,,False,13338,0.0,3250,0.2882,3.64,2.282998542669568
vwap_slope_10_dir,4_VWAP_ANCHOR,4_vwap_dynamics,ALIVE,,False,13338,0.0,3,1,84.77,0.7179440868792123
vwap_slope_30,4_VWAP_ANCHOR,4_vwap_dynamics,ALIVE,,False,13338,0.0,3616,0.3514,3.6,1.3974586864761547
vwap_triple_align,4_VWAP_ANCHOR,4_vwap_dynamics,ALIVE,,False,13338,0.0,3,0,60.46,0.6264181547798482
vwap_w,4_VWAP_ANCHOR,4_vwap_abs,ALIVE,,False,13338,3.6,2409,7368.12,1.31,73.95311641134772
vwap_w_sd1d,4_VWAP_ANCHOR,4_vwap_abs,ALIVE,,False,13338,3.6,2388,7308.52,0.89,92.90981444169353
vwap_w_sd1u,4_VWAP_ANCHOR,4_vwap_abs,ALIVE,,False,13338,3.6,2201,7427.74,3.03,55.722549784899364
vwap_w_sd2d,4_VWAP_ANCHOR,4_vwap_abs,ALIVE,,False,13338,3.6,2200,7254.53,1.47,112.22510422140388
vwap_w_sd2u,4_VWAP_ANCHOR,4_vwap_abs,ALIVE,,False,13338,3.6,1784,7487.36,7.05,39.24288167708995
vwap_w_sd3d,4_VWAP_ANCHOR,4_vwap_abs,ALIVE,,False,13338,3.6,2367,7193.61,3.66,131.74147830873903
vwap_w_sd3u,4_VWAP_ANCHOR,4_vwap_abs,ALIVE,,False,13338,3.6,1705,7546.97,2.88,27.822730278325245
vwap_w_side,4_VWAP_ANCHOR,4_vwap_side,ALIVE,,False,13338,0.0,3,1,49.51,0.9814947081815139
within_news_715_5m,10_SESSION_CALENDAR,10_news_proximity,ALIVE,,True,13338,0.0,2,0,99.51,0.07016967114724405
within_news_730_5m,10_SESSION_CALENDAR,10_news_proximity,ALIVE,,True,13338,0.0,2,0,99.67,0.05734076231711917
within_news_830_5m,10_SESSION_CALENDAR,10_news_proximity,ALIVE,,True,13338,0.0,2,0,99.55,0.06691927763073004
within_news_845_5m,10_SESSION_CALENDAR,10_news_proximity,ALIVE,,True,13338,0.0,2,0,99.46,0.0732732629446598
within_news_900_5m,10_SESSION_CALENDAR,10_news_proximity,ALIVE,,True,13338,0.0,2,0,99.64,0.05988146214050827
within_news_930_5m,10_SESSION_CALENDAR,10_news_proximity,ALIVE,,True,13338,0.0,2,0,99.51,0.07016967114724405
