feature,family,subfamily,data_type,dtype_observed,n_total,n_null_pct,n_unique,top_value,top_freq_pct,has_negative
_aggressor_source,META,0b_pipeline_meta,categorical,str,1256,0.0,1,'sierra_proxy_count',100.0,False
_mq_gamma_source,META,0b_pipeline_meta,categorical,str,1256,0.0,1,'sierra_proxy_v2',100.0,False
_phase3_bars_processed,META,0b_pipeline_meta,continuous,float,1256,0.0,1256,1183,0.08,False
_phase3_enriched,META,0b_pipeline_meta,binary,bool,1256,0.0,1,True,100.0,False
above_open_830,3_IB_OVERNIGHT,3_bool,binary,bool,1256,0.0,2,True,59.63,False
above_open_cash,3_IB_OVERNIGHT,3_bool,binary,bool,1256,0.0,1,False,100.0,False
after_high,3_IB_OVERNIGHT,3_sessions_levels,event,null_only,1256,100.0,0,None,0.0,False
after_low,3_IB_OVERNIGHT,3_sessions_levels,event,null_only,1256,100.0,0,None,0.0,False
after_open,3_IB_OVERNIGHT,3_sessions_levels,event,null_only,1256,100.0,0,None,0.0,False
aggressor_imbalance,5_ORDER_FLOW,5b_microstructure,continuous,float,1256,0.0,529,0.0,5.02,True
asia_high,3_IB_OVERNIGHT,3_sessions_levels,continuous,float,1256,2.23,44,30257.75,58.79,False
asia_low,3_IB_OVERNIGHT,3_sessions_levels,continuous,float,1256,2.23,4,29965.5,60.91,False
asia_open,3_IB_OVERNIGHT,3_sessions_levels,continuous,float,1256,2.23,2,30030.0,60.91,False
ask_bid_imbalance,5_ORDER_FLOW,5b_imbalance,continuous,float,1256,0.0,397,0.0,4.62,True
ask_pct,5_ORDER_FLOW,5b_imbalance,continuous,float,1256,0.0,396,0.5,4.62,False
atr,9_VOLATILITY_VIX,9_atr,continuous,float,1256,0.0,58,758.64,35.51,False
atr_14m,9_VOLATILITY_VIX,9_atr,continuous,float,1256,0.0,402,37.29,0.88,False
atr_14m_pct,9_VOLATILITY_VIX,9_atr,continuous,float,1256,0.0,294,0.0243,1.19,False
avg_ask_size,5_ORDER_FLOW,5b_trader,continuous,float,1256,0.0,225,1.0,7.48,False
avg_bid_size,5_ORDER_FLOW,5b_trader,continuous,float,1256,0.0,218,1.0,11.39,False
avg_trade_size,5_ORDER_FLOW,5b_trader,continuous,float,1256,0.0,359,2.0,5.81,False
bar_body_pct,1_MARKET_STRUCTURE,1a_bar_microstructure,continuous,float,1256,0.0,498,100.0,4.14,True
bar_body_ticks,1_MARKET_STRUCTURE,1a_bar_microstructure,continuous,float,1256,0.0,125,-7.0,2.55,True
bar_color_dn,6_SIERRA_BN,6_bar_color,binary,int,1256,0.0,2,0,90.84,False
bar_color_up,6_SIERRA_BN,6_bar_color,binary,int,1256,0.0,2,0,92.12,False
bar_duration_sec,5_ORDER_FLOW,5b_volume_abs,continuous,float,1256,0.0,36,59.0,20.62,False
bar_edge_buy,6_SIERRA_BN,6_edge,binary,int,1256,0.0,2,1,64.41,False
bar_edge_buy_fire,6_SIERRA_BN,6_edge,binary,int,1256,0.0,2,1,64.41,False
bar_edge_sell,6_SIERRA_BN,6_edge,binary,int,1256,0.0,2,1,62.42,False
bar_edge_sell_fire,6_SIERRA_BN,6_edge,binary,int,1256,0.0,2,1,62.42,False
bar_high,META,0a_bar_meta,continuous,float,1256,0.0,471,30239.0,0.96,False
bar_long_dn_bar,6_SIERRA_BN,6_bar_long,binary,int,1256,0.0,2,0,89.17,False
bar_long_dn_up,6_SIERRA_BN,6_bar_long,binary,int,1256,0.0,2,0,97.77,False
bar_long_up_bar,6_SIERRA_BN,6_bar_long,binary,int,1256,0.0,2,0,89.57,False
bar_long_up_dn,6_SIERRA_BN,6_bar_long,binary,int,1256,0.0,2,0,97.53,False
bar_low,META,0a_bar_meta,continuous,float,1256,0.0,484,30222.0,0.8,False
bar_lower_wick_pct,1_MARKET_STRUCTURE,1a_bar_microstructure,continuous,float,1256,0.0,73,0.0,26.83,False
bar_no_trade,1_MARKET_STRUCTURE,1a_bar_microstructure,event,constant,1256,0.0,1,0,100.0,False
bar_pressure_ask,6_SIERRA_BN,6_bar_pressure,binary,int,1256,0.0,2,0,90.53,False
bar_pressure_bid,6_SIERRA_BN,6_bar_pressure,binary,int,1256,0.0,2,0,94.82,False
bar_upper_wick_pct,1_MARKET_STRUCTURE,1a_bar_microstructure,continuous,float,1256,0.0,70,0.0,29.7,False
bars_in_va,1_MARKET_STRUCTURE,1b_vp_current_range,continuous,float,1256,0.0,29,0.0,93.63,False
bars_since_boot,META,0c_observability,continuous,float,1256,0.0,1256,1183,0.08,False
bars_since_last_sweep_high,OTHER,unclassified,continuous,float,1256,39.81,20,1,16.01,False
bars_since_last_sweep_low,OTHER,unclassified,continuous,float,1256,50.08,20,1,15.47,False
bars_since_last_swing_high,1_MARKET_STRUCTURE,1c_swing,continuous,float,1256,3.18,156,7,1.48,False
bars_since_last_swing_low,1_MARKET_STRUCTURE,1c_swing,continuous,float,1256,45.94,331,0,0.74,False
bars_since_london_open,OTHER,unclassified,continuous,float,1256,45.7,327,0,0.44,False
bars_since_retest_high,1_MARKET_STRUCTURE,1c_retest,continuous,float,1256,61.62,41,1.0,12.45,False
bars_since_retest_low,1_MARKET_STRUCTURE,1c_retest,continuous,float,1256,88.93,12,1.0,14.39,False
bid_pct,5_ORDER_FLOW,5b_imbalance,continuous,float,1256,0.0,396,0.5,4.62,False
big_ask_cluster_20t,5_ORDER_FLOW,5c_big_clusters,categorical,int,1256,0.0,10,0.0,49.28,False
big_ask_cluster_20t_t1,5_ORDER_FLOW,5c_big_clusters,categorical,int,1256,0.0,8,0.0,49.28,False
big_ask_cluster_20t_t2,5_ORDER_FLOW,5c_big_clusters,categorical,int,1256,0.0,3,0.0,91.4,False
big_ask_cluster_20t_t3,5_ORDER_FLOW,5c_big_clusters,binary,int,1256,0.0,2,0.0,99.04,False
big_ask_cluster_20t_t4,5_ORDER_FLOW,5c_big_clusters,event,constant,1256,0.0,1,0.0,100.0,False
big_ask_cluster_50t,5_ORDER_FLOW,5c_big_clusters,continuous,float,1256,0.0,15,0.0,35.51,False
big_bid_cluster_20t,5_ORDER_FLOW,5c_big_clusters,categorical,int,1256,0.0,10,0.0,57.88,False
big_bid_cluster_20t_t1,5_ORDER_FLOW,5c_big_clusters,categorical,int,1256,0.0,10,0.0,57.88,False
big_bid_cluster_20t_t2,5_ORDER_FLOW,5c_big_clusters,categorical,int,1256,0.0,4,0.0,90.45,False
big_bid_cluster_20t_t3,5_ORDER_FLOW,5c_big_clusters,event,constant,1256,0.0,1,0.0,100.0,False
big_bid_cluster_20t_t4,5_ORDER_FLOW,5c_big_clusters,event,constant,1256,0.0,1,0.0,100.0,False
big_bid_cluster_50t,5_ORDER_FLOW,5c_big_clusters,continuous,float,1256,0.0,17,0.0,37.1,False
bn_absorb_ask,6_SIERRA_BN,6_bn_absorb,binary,int,1256,0.0,2,0,98.81,False
bn_absorb_bid,6_SIERRA_BN,6_bn_absorb,binary,int,1256,0.0,2,0,99.44,False
bn_color_dn,6_SIERRA_BN,6_bn_color,binary,int,1256,0.0,2,0,86.46,False
bn_color_dn_2,6_SIERRA_BN,6_bn_color,binary,int,1256,0.0,2,0,98.49,False
bn_color_dn_2_fwd1,6_SIERRA_BN,6_bn_color,binary,int,1256,0.0,2,0,99.6,False
bn_color_dn_fwd1,6_SIERRA_BN,6_bn_color,binary,int,1256,0.0,2,0,94.75,False
bn_color_up,6_SIERRA_BN,6_bn_color,binary,int,1256,0.0,2,0,86.94,False
bn_color_up_2,6_SIERRA_BN,6_bn_color,binary,int,1256,0.0,2,0,98.25,False
bn_color_up_2_fwd1,6_SIERRA_BN,6_bn_color,binary,int,1256,0.0,2,0,99.44,False
bn_color_up_fwd1,6_SIERRA_BN,6_bn_color,binary,int,1256,0.0,2,0,94.51,False
bn_long_dn,6_SIERRA_BN,6_bn_long,binary,int,1256,0.0,2,0,71.82,False
bn_long_up,6_SIERRA_BN,6_bn_long,binary,int,1256,0.0,2,0,69.67,False
bn_pressure_ask,6_SIERRA_BN,6_bn_pressure,binary,int,1256,0.0,2,0.0,91.16,False
bn_pressure_bid,6_SIERRA_BN,6_bn_pressure,binary,int,1256,0.0,2,0.0,95.06,False
bn_score_bear,6_SIERRA_BN,6_bn_score,continuous,float,1256,0.0,6,0.0,71.82,False
bn_score_bull,6_SIERRA_BN,6_bn_score,continuous,float,1256,0.0,7,0.0,69.51,False
bn_score_raw,6_SIERRA_BN,6_bn_score,continuous,float,1256,0.0,12,0.0,41.32,True
bn_volume_dn,6_SIERRA_BN,6_bn_volume,binary,int,1256,0.0,2,0,99.92,False
bn_volume_up,6_SIERRA_BN,6_bn_volume,event,constant,1256,0.0,1,0,100.0,False
bool_above_cur_vpoc,1_MARKET_STRUCTURE,1b_vp_current_bool,binary,int,1256,0.0,2,1,98.65,False
bool_above_mq_call,8_OPTIONS_GAMMA,8_mq_bool,binary,int,1256,0.0,2,0,80.97,False
bool_above_mq_hvl,8_OPTIONS_GAMMA,8_mq_bool,binary,int,1256,0.0,2,1,99.92,False
bool_above_prev_vpoc,2_NIVEAUX_VEILLE,2_prev_bool,binary,int,1256,0.0,2,1,99.92,False
bool_above_vwap_d,4_VWAP_ANCHOR,4_vwap_bool,binary,int,1256,0.0,2,1,99.92,False
bool_above_vwap_m,4_VWAP_ANCHOR,4_vwap_bool,binary,int,1256,0.0,2,1,99.92,False
bool_above_vwap_w,4_VWAP_ANCHOR,4_vwap_bool,binary,int,1256,0.0,2,1,99.92,False
bool_gex_flip_zone,8_OPTIONS_GAMMA,8_mq_bool,binary,int,1256,0.0,2,1,80.89,False
bool_ib_inside,3_IB_OVERNIGHT,3_bool,event,constant,1256,0.0,1,0,100.0,False
bool_near_level,10_SESSION_CALENDAR,10_session_flags,binary,int,1256,0.0,2,0,70.62,False
bool_session_early,10_SESSION_CALENDAR,10_session_flags,event,constant,1256,0.0,1,1,100.0,False
bool_va_confluence,1_MARKET_STRUCTURE,1b_vp_current_bool,event,constant,1256,0.0,1,0,100.0,False
boot_id,META,0c_observability,categorical,str,1256,0.0,2,'114b1ca4-2887-4d3e-81bb-f34c6,59.55,False
buy_sell_ratio,5_ORDER_FLOW,5b_imbalance,continuous,float,1256,0.0,396,0.5,4.62,False
buy_vol,5_ORDER_FLOW,5b_volume_abs,continuous,float,1256,0.0,99,10.0,5.49,False
cash_high,2_NIVEAUX_VEILLE,2_cash_levels_abs,continuous,float,1256,0.08,56,30324.0,35.54,False
cash_low,2_NIVEAUX_VEILLE,2_cash_levels_abs,categorical,int,1256,0.08,2,29907.0,97.85,False
close,META,0a_bar_meta,continuous,float,1256,0.0,494,30239.0,1.11,False
composite_poc_20d,OTHER,unclassified,event,null_only,1256,100.0,0,None,0.0,False
composite_poc_5d,OTHER,unclassified,event,null_only,1256,100.0,0,None,0.0,False
contract,META,0a_bar_meta,categorical,str,1256,0.0,2,'NQM26-CME',97.77,False
ctx_absorption_score_5,12_CONTEXT_ROLLING,12c_ctx_vol,continuous,float,1256,0.64,3,0.0,91.83,False
ctx_absorption_streak_5,12_CONTEXT_ROLLING,12e_ctx_meta,binary,int,1256,0.0,2,0,98.25,False
ctx_bars_since_div,7_REVERSAL_EXHAUSTION,7_ctx_div,event,null_only,1256,100.0,0,None,0.0,False
ctx_climax_signal,7_REVERSAL_EXHAUSTION,7_ctx_exhaustion,binary,bool,1256,0.0,2,False,93.87,False
ctx_cvd_recovery_rate,12_CONTEXT_ROLLING,12a_ctx_delta,continuous,float,1256,1.59,729,0.0,1.21,True
ctx_cvd_session,12_CONTEXT_ROLLING,12a_ctx_delta,continuous,float,1256,0.0,597,268.0,0.8,True
ctx_day_type_intensity,12_CONTEXT_ROLLING,12e_ctx_meta,event,constant,1256,0.0,1,0.0,100.0,False
ctx_delta_exhaustion,7_REVERSAL_EXHAUSTION,7_ctx_exhaustion,binary,bool,1256,0.0,2,False,93.55,False
ctx_delta_slope_5,12_CONTEXT_ROLLING,12a_ctx_delta,continuous,float,1256,0.64,244,-2.2,1.92,True
ctx_delta_sum_10,12_CONTEXT_ROLLING,12a_ctx_delta,continuous,float,1256,0.0,263,-7.0,1.83,True
ctx_delta_sum_3,12_CONTEXT_ROLLING,12a_ctx_delta,continuous,float,1256,0.64,166,-7.0,2.8,True
ctx_dist_vwap_velocity,12_CONTEXT_ROLLING,12d_ctx_dynamics,continuous,float,1256,0.64,672,0.86,0.56,True
ctx_div_at_swing,7_REVERSAL_EXHAUSTION,7_ctx_div,event,constant,1256,0.0,1,0.0,100.0,False
ctx_div_density_20,7_REVERSAL_EXHAUSTION,7_ctx_div,event,constant,1256,0.0,1,0,100.0,False
ctx_double_top_trap,7_REVERSAL_EXHAUSTION,7_ctx_exhaustion,binary,bool,1256,0.0,2,False,59.95,False
ctx_excess_high_bars,7_REVERSAL_EXHAUSTION,7_ctx_exhaustion,continuous,float,1256,0.0,18,10,13.54,False
ctx_excess_low_bars,7_REVERSAL_EXHAUSTION,7_ctx_exhaustion,continuous,float,1256,0.0,17,9,13.46,False
ctx_failed_auction,7_REVERSAL_EXHAUSTION,7_ctx_exhaustion,binary,bool,1256,0.0,2,False,88.38,False
ctx_finish_strength_mean_5,12_CONTEXT_ROLLING,12e_ctx_meta,continuous,float,1256,0.64,82,0.4,5.53,True
ctx_ib_extension_ratio,12_CONTEXT_ROLLING,12b_ctx_va,event,null_only,1256,100.0,0,None,0.0,False
ctx_ib_position_velocity,12_CONTEXT_ROLLING,12b_ctx_va,event,null_only,1256,100.0,0,None,0.0,False
ctx_instant_absorption,12_CONTEXT_ROLLING,12e_ctx_meta,binary,bool,1256,0.0,2,False,98.25,False
ctx_momentum_exhaustion,7_REVERSAL_EXHAUSTION,7_ctx_exhaustion,binary,bool,1256,0.0,2,False,74.04,False
ctx_mq_put_call_ratio,8_OPTIONS_GAMMA,8_mq_levels,continuous,float,1256,0.08,152,8.188889,3.35,False
ctx_poc_migration_10,5_ORDER_FLOW,5d_poc_dynamics,continuous,float,1256,1.51,700,-10.224242,0.4,True
ctx_poor_high,7_REVERSAL_EXHAUSTION,7_ctx_exhaustion,binary,bool,1256,0.0,2,False,92.6,False
ctx_poor_low,7_REVERSAL_EXHAUSTION,7_ctx_exhaustion,binary,bool,1256,0.0,2,False,96.42,False
ctx_price_delta_div_3,7_REVERSAL_EXHAUSTION,7_ctx_div,categorical,int,1256,0.0,3,0.0,68.71,True
ctx_price_slope_5,12_CONTEXT_ROLLING,12d_ctx_dynamics,continuous,float,1256,0.64,362,0.65,1.04,True
ctx_range_vs_atr_10,12_CONTEXT_ROLLING,12c_ctx_vol,continuous,float,1256,1.43,643,0.008238,0.65,False
ctx_rotation_factor_20,12_CONTEXT_ROLLING,12b_ctx_va,categorical,int,1256,0.64,8,0.0,95.67,False
ctx_rvol_session,12_CONTEXT_ROLLING,12c_ctx_vol,continuous,float,1256,0.64,1248,2.980199,0.08,False
ctx_session_phase,12_CONTEXT_ROLLING,12e_ctx_meta,categorical,int,1256,0.0,2,2,54.3,False
ctx_side_flip_count_10,12_CONTEXT_ROLLING,12e_ctx_meta,categorical,int,1256,0.0,9,5,23.49,False
ctx_trend_day_score,12_CONTEXT_ROLLING,12e_ctx_meta,continuous,float,1256,0.0,3,0.55,52.23,False
ctx_va_developing_10,12_CONTEXT_ROLLING,12b_ctx_va,continuous,float,1256,1.67,369,-1.0,1.3,True
ctx_va_position_velocity,12_CONTEXT_ROLLING,12b_ctx_va,continuous,float,1256,24.44,47,0.2742,59.96,True
ctx_va_width,12_CONTEXT_ROLLING,12b_ctx_va,continuous,float,1256,0.08,513,1174.0,1.27,False
ctx_vol_sell_buy_ratio_5,12_CONTEXT_ROLLING,12c_ctx_vol,continuous,float,1256,0.64,688,1.0,1.44,False
ctx_vol_slope_5,12_CONTEXT_ROLLING,12c_ctx_vol,continuous,float,1256,0.64,311,2.3,1.2,True
ctx_vol_z_20,12_CONTEXT_ROLLING,12c_ctx_vol,continuous,float,1256,0.64,785,0.298052,0.32,True
ctx_vol_z_5,12_CONTEXT_ROLLING,12c_ctx_vol,continuous,float,1256,0.16,767,0.0,0.64,True
ctx_vwap_slope_accel,12_CONTEXT_ROLLING,12d_ctx_dynamics,continuous,float,1256,0.72,113,-0.005,5.21,True
cur_vah,1_MARKET_STRUCTURE,1b_vp_current,continuous,float,1256,0.08,408,30100.0,3.27,False
cur_vah_lvl,1_MARKET_STRUCTURE,1b_vp_current,continuous,float,1256,0.08,408,30100.0,3.27,False
cur_val,1_MARKET_STRUCTURE,1b_vp_current,continuous,float,1256,0.08,87,29940.5,89.24,False
cur_val_lvl,1_MARKET_STRUCTURE,1b_vp_current,continuous,float,1256,0.08,87,29940.5,89.24,False
cur_vpoc,1_MARKET_STRUCTURE,1b_vp_current,categorical,int,1256,0.08,3,30040.0,97.85,False
cur_vpoc_lvl,1_MARKET_STRUCTURE,1b_vp_current,categorical,int,1256,0.08,3,30040.0,97.85,False
cvd_bar_delta,5_ORDER_FLOW,5a_cvd,continuous,float,1256,0.0,107,-2.0,5.65,True
cvd_day,5_ORDER_FLOW,5a_cvd,continuous,float,1256,0.0,523,21365.0,0.88,False
cvd_day_dir,5_ORDER_FLOW,5a_cvd,event,constant,1256,0.0,1,1,100.0,False
cvd_ohlc_range,5_ORDER_FLOW,5a_cvd,continuous,float,1256,0.0,128,1616.0,18.15,False
cvd_session,5_ORDER_FLOW,5a_cvd,continuous,float,1256,0.0,816,873.0,0.56,True
data_quality_flag,META,0c_observability,categorical,str,1256,0.0,3,'stable',61.7,False
date_et,META,0a_bar_meta,categorical,str,1256,0.0,2,'2026-06-15',80.81,False
day_type,1_MARKET_STRUCTURE,1a_tpo_concepts,event,constant,1256,0.0,1,2,100.0,False
days_since_roll,10_SESSION_CALENDAR,10_roll,event,constant,1256,0.0,1,87,100.0,False
delta_bar,5_ORDER_FLOW,5a_delta,continuous,float,1256,0.0,107,-2.0,5.65,True
delta_bar_vol_norm,5_ORDER_FLOW,5a_delta,continuous,float,1256,0.0,397,0.0,4.62,True
delta_day,5_ORDER_FLOW,5a_delta,continuous,float,1256,0.0,518,1180.0,0.88,False
delta_day_dir,5_ORDER_FLOW,5a_delta,event,constant,1256,0.0,1,1,100.0,False
delta_div_buy,7_REVERSAL_EXHAUSTION,7_delta_div,binary,bool,1256,0.0,2,False,82.72,False
delta_div_buy_clean,7_REVERSAL_EXHAUSTION,7_delta_div,event,constant,1256,0.0,1,0,100.0,False
delta_div_sell,7_REVERSAL_EXHAUSTION,7_delta_div,binary,bool,1256,0.0,2,False,78.42,False
delta_div_sell_clean,7_REVERSAL_EXHAUSTION,7_delta_div,event,constant,1256,0.0,1,0,100.0,False
delta_div_slope_buy,7_REVERSAL_EXHAUSTION,7_delta_div,binary,bool,1256,0.0,2,False,82.72,False
delta_div_slope_buy_clean,7_REVERSAL_EXHAUSTION,7_delta_div,event,constant,1256,0.0,1,0,100.0,False
delta_div_slope_clean,7_REVERSAL_EXHAUSTION,7_delta_div,event,constant,1256,0.0,1,0,100.0,False
delta_div_slope_sell,7_REVERSAL_EXHAUSTION,7_delta_div,binary,bool,1256,0.0,2,False,78.42,False
delta_div_slope_sell_clean,7_REVERSAL_EXHAUSTION,7_delta_div,event,constant,1256,0.0,1,0,100.0,False
delta_div_slope_strength,7_REVERSAL_EXHAUSTION,7_delta_div,continuous,float,1256,1.43,741,0.001212,0.4,True
delta_div_strength,7_REVERSAL_EXHAUSTION,7_delta_div,continuous,float,1256,1.43,741,0.001212,0.4,True
delta_divergence,7_REVERSAL_EXHAUSTION,7_delta_div,event,constant,1256,0.0,1,0,100.0,False
delta_divergence_any,7_REVERSAL_EXHAUSTION,7_delta_div,binary,bool,1256,0.0,2,False,61.15,False
delta_divergence_clean,7_REVERSAL_EXHAUSTION,7_delta_div,event,constant,1256,0.0,1,0,100.0,False
delta_pct,5_ORDER_FLOW,5a_delta,continuous,float,1256,0.0,397,0.0,4.62,True
diag_imbalance,5_ORDER_FLOW,5a_pullback,continuous,float,1256,0.0,321,1.0,4.94,True
diag_neg_delta,5_ORDER_FLOW,5a_pullback,continuous,float,1256,0.0,67,4.0,6.53,False
diag_pos_delta,5_ORDER_FLOW,5a_pullback,continuous,float,1256,0.0,82,6.0,6.85,False
discount_zone,1_MARKET_STRUCTURE,1b_vp_current_zones,event,constant,1256,0.08,1,0,100.0,False
dist_1d_max_ticks,1_MARKET_STRUCTURE,1d_1d_extremes,continuous,float,1256,0.08,511,-102.3594,1.12,True
dist_1d_max_ticks_pct,1_MARKET_STRUCTURE,1d_dist_pct,continuous,float,1256,0.08,60,-0.13,5.42,True
dist_1d_min_ticks,1_MARKET_STRUCTURE,1d_1d_extremes,continuous,float,1256,0.08,511,-4513.6406,1.12,True
dist_1d_min_ticks_pct,1_MARKET_STRUCTURE,1d_dist_pct,continuous,float,1256,0.08,89,-3.77,5.1,True
dist_after_high_pct,3_IB_OVERNIGHT,3_sessions_dist,event,null_only,1256,100.0,0,None,0.0,False
dist_after_low_pct,3_IB_OVERNIGHT,3_sessions_dist,event,null_only,1256,100.0,0,None,0.0,False
dist_after_open_pct,3_IB_OVERNIGHT,3_sessions_dist,event,null_only,1256,100.0,0,None,0.0,False
dist_asia_high_pct,3_IB_OVERNIGHT,3_sessions_dist,continuous,float,1256,2.23,568,0.0,1.22,True
dist_asia_low_pct,3_IB_OVERNIGHT,3_sessions_dist,continuous,float,1256,2.23,776,0.912716,0.57,False
dist_asia_open_pct,3_IB_OVERNIGHT,3_sessions_dist,continuous,float,1256,2.23,749,0.695971,0.57,True
dist_big_ask_nearest_dn,5_ORDER_FLOW,5c_big_nearest,continuous,float,1256,15.61,92,-2.0,6.42,True
dist_big_ask_nearest_up,5_ORDER_FLOW,5c_big_nearest,continuous,float,1256,30.41,70,0.0,7.89,False
dist_big_bid_nearest_dn,5_ORDER_FLOW,5c_big_nearest,continuous,float,1256,20.78,124,-4.0,4.72,True
dist_big_bid_nearest_up,5_ORDER_FLOW,5c_big_nearest,continuous,float,1256,37.58,70,0.0,7.4,False
dist_cash_high_atr,2_NIVEAUX_VEILLE,2_cash_dist,event,null_only,1256,100.0,0,None,0.0,False
dist_cash_high_pct,2_NIVEAUX_VEILLE,2_cash_dist,event,null_only,1256,100.0,0,None,0.0,False
dist_cash_low_atr,2_NIVEAUX_VEILLE,2_cash_dist,event,null_only,1256,100.0,0,None,0.0,False
dist_cash_low_pct,2_NIVEAUX_VEILLE,2_cash_dist,event,null_only,1256,100.0,0,None,0.0,False
dist_cluster_nearest_dn,5_ORDER_FLOW,5c_clusters_agg,continuous,float,1256,24.36,85,-2.0,4.42,True
dist_cluster_nearest_up,5_ORDER_FLOW,5c_clusters_agg,continuous,float,1256,49.12,78,0.0,5.63,False
dist_color_dn_nearest_pct,1_MARKET_STRUCTURE,1d_dist_pct,continuous,float,1256,97.85,10,0.07,18.52,True
dist_color_up_nearest_pct,1_MARKET_STRUCTURE,1d_dist_pct,continuous,float,1256,97.85,7,-0.01,29.63,True
dist_composite_poc_20d_atr,1_MARKET_STRUCTURE,1d_dist_atr,event,null_only,1256,100.0,0,None,0.0,False
dist_composite_poc_5d_atr,1_MARKET_STRUCTURE,1d_dist_atr,event,null_only,1256,100.0,0,None,0.0,False
dist_cur_vah,1_MARKET_STRUCTURE,1b_vp_current_dist,continuous,float,1256,0.08,314,-233.0,1.27,True
dist_cur_vah_pct,1_MARKET_STRUCTURE,1b_vp_current_dist,continuous,float,1256,0.08,48,-0.21,8.05,True
dist_cur_val,1_MARKET_STRUCTURE,1b_vp_current_dist,continuous,float,1256,0.08,497,-1194.0,1.12,True
dist_cur_val_pct,1_MARKET_STRUCTURE,1b_vp_current_dist,continuous,float,1256,0.08,94,-1.03,4.94,True
dist_cur_vpoc,1_MARKET_STRUCTURE,1b_vp_current_dist,continuous,float,1256,0.08,494,-796.0,1.12,True
dist_cur_vpoc_pct,1_MARKET_STRUCTURE,1b_vp_current_dist,continuous,float,1256,0.08,84,-0.7,5.42,True
dist_cur_vwap_vp,4_VWAP_ANCHOR,4_vwap_dist,continuous,float,1256,0.08,770,-456.1953,0.32,True
dist_delta_div_buy_nearest_atr,7_REVERSAL_EXHAUSTION,7_delta_div_zones,event,null_only,1256,100.0,0,None,0.0,False
dist_delta_div_sell_nearest_atr,7_REVERSAL_EXHAUSTION,7_delta_div_zones,event,null_only,1256,100.0,0,None,0.0,False
dist_edge_buy_nearest_pct,1_MARKET_STRUCTURE,1d_dist_pct,event,null_only,1256,100.0,0,None,0.0,False
dist_edge_sell_nearest_pct,1_MARKET_STRUCTURE,1d_dist_pct,event,null_only,1256,100.0,0,None,0.0,False
dist_ext_color_dn,6_SIERRA_BN,6_extensions,continuous,float,1256,97.85,25,86.0,7.41,True
dist_ext_color_up,6_SIERRA_BN,6_extensions,continuous,float,1256,97.85,24,-18.0,7.41,True
dist_ext_edge_buy,6_SIERRA_BN,6_edge_zones,continuous,float,1256,9.39,71,0.0,16.7,True
dist_ext_edge_sell,6_SIERRA_BN,6_edge_zones,continuous,float,1256,13.14,67,0.0,16.13,True
dist_ext_long_dn,6_SIERRA_BN,6_extensions,continuous,float,1256,97.85,17,12.0,11.11,True
dist_ext_long_up,6_SIERRA_BN,6_extensions,continuous,float,1256,97.85,16,2.0,11.11,True
dist_fvg_dn_nearest_atr,1_MARKET_STRUCTURE,1d_dist_atr,event,constant,1256,99.36,1,0.0,100.0,False
dist_fvg_up_nearest_atr,1_MARKET_STRUCTURE,1d_dist_atr,event,constant,1256,99.6,1,0.0,100.0,False
dist_gex_nearest_dn,8_OPTIONS_GAMMA,8_mq_gex,continuous,float,1256,0.08,453,-11.0,1.12,True
dist_gex_nearest_dn_pct,8_OPTIONS_GAMMA,8_mq_gex,continuous,float,1256,0.08,77,-0.02,6.85,True
dist_gex_nearest_up,8_OPTIONS_GAMMA,8_mq_gex,continuous,float,1256,0.08,286,44.0,1.27,False
dist_gex_nearest_up_pct,8_OPTIONS_GAMMA,8_mq_gex,continuous,float,1256,0.08,38,0.16,7.09,False
dist_ib_high,3_IB_OVERNIGHT,3_ib_dist,event,null_only,1256,100.0,0,None,0.0,False
dist_ib_high_pct,3_IB_OVERNIGHT,3_ib_dist,event,null_only,1256,100.0,0,None,0.0,False
dist_ib_low,3_IB_OVERNIGHT,3_ib_dist,event,null_only,1256,100.0,0,None,0.0,False
dist_ib_low_pct,3_IB_OVERNIGHT,3_ib_dist,event,null_only,1256,100.0,0,None,0.0,False
dist_london_high_pct,3_IB_OVERNIGHT,3_sessions_dist,continuous,float,1256,45.7,288,-0.235787,1.47,True
dist_london_low_pct,3_IB_OVERNIGHT,3_sessions_dist,continuous,float,1256,45.7,296,0.158088,1.47,False
dist_london_open_pct,3_IB_OVERNIGHT,3_sessions_dist,continuous,float,1256,45.7,247,0.10505,1.47,True
dist_long_dn_nearest_pct,1_MARKET_STRUCTURE,1d_dist_pct,continuous,float,1256,97.85,3,-0.0,59.26,True
dist_long_up_nearest_pct,1_MARKET_STRUCTURE,1d_dist_pct,continuous,float,1256,97.85,3,0.0,66.67,True
dist_mq_call,8_OPTIONS_GAMMA,8_mq_dist,continuous,float,1256,0.08,511,1044.0,1.12,True
dist_mq_call_0dte,8_OPTIONS_GAMMA,8_mq_dist,continuous,float,1256,0.08,493,-956.0,1.12,True
dist_mq_call_0dte_pct,8_OPTIONS_GAMMA,8_mq_dist,continuous,float,1256,0.08,79,-0.83,4.78,True
dist_mq_call_pct,8_OPTIONS_GAMMA,8_mq_dist,continuous,float,1256,0.08,94,0.82,5.26,True
dist_mq_hvl,8_OPTIONS_GAMMA,8_mq_dist,continuous,float,1256,0.08,493,-5156.0,1.12,True
dist_mq_hvl_0dte,8_OPTIONS_GAMMA,8_mq_dist,continuous,float,1256,0.08,498,-2456.0,1.12,True
dist_mq_hvl_0dte_pct,8_OPTIONS_GAMMA,8_mq_dist,continuous,float,1256,0.08,86,-2.07,4.78,True
dist_mq_hvl_pct,8_OPTIONS_GAMMA,8_mq_dist,continuous,float,1256,0.08,79,-4.31,4.62,True
dist_mq_put,8_OPTIONS_GAMMA,8_mq_dist,continuous,float,1256,0.08,493,-8956.0,1.12,True
dist_mq_put_0dte,8_OPTIONS_GAMMA,8_mq_dist,continuous,float,1256,0.08,511,-2476.0,1.12,True
dist_mq_put_0dte_pct,8_OPTIONS_GAMMA,8_mq_dist,continuous,float,1256,0.08,110,-2.09,4.94,True
dist_mq_put_pct,8_OPTIONS_GAMMA,8_mq_dist,continuous,float,1256,0.08,77,-7.45,4.62,True
dist_ny_open_pct,3_IB_OVERNIGHT,3_sessions_dist,event,null_only,1256,100.0,0,None,0.0,False
dist_open_830,2_NIVEAUX_VEILLE,2_cash_dist,continuous,float,1256,0.08,537,-2791.0,0.8,True
dist_open_cash,2_NIVEAUX_VEILLE,2_cash_dist,continuous,float,1256,0.08,481,-1328.0,1.12,True
dist_ovn_high,3_IB_OVERNIGHT,3_ovn_dist,continuous,float,1256,0.0,255,47.0,1.51,False
dist_ovn_low,3_IB_OVERNIGHT,3_ovn_dist,continuous,float,1256,0.0,758,-1094.0,0.56,True
dist_pdh_atr,2_NIVEAUX_VEILLE,2_prev_levels_dist,continuous,float,1256,0.0,1057,0.27747,0.4,True
dist_pdh_pct,2_NIVEAUX_VEILLE,2_prev_levels_dist,continuous,float,1256,0.0,494,-0.6515,1.11,True
dist_pdl_atr,2_NIVEAUX_VEILLE,2_prev_levels_dist,continuous,float,1256,0.0,1057,0.45542,0.4,True
dist_pdl_pct,2_NIVEAUX_VEILLE,2_prev_levels_dist,continuous,float,1256,0.0,491,-1.0979,1.11,True
dist_prev_vah,2_NIVEAUX_VEILLE,2_prev_levels_dist,continuous,float,1256,0.08,473,-2741.0,1.12,True
dist_prev_vah_pct,2_NIVEAUX_VEILLE,2_prev_levels_dist,continuous,float,1256,0.08,70,-2.31,4.86,True
dist_prev_val,2_NIVEAUX_VEILLE,2_prev_levels_dist,continuous,float,1256,0.08,480,-4410.0,1.12,True
dist_prev_val_pct,2_NIVEAUX_VEILLE,2_prev_levels_dist,continuous,float,1256,0.08,69,-3.69,4.62,True
dist_prev_vpoc,2_NIVEAUX_VEILLE,2_prev_levels_dist,continuous,float,1256,0.08,472,-4170.0,1.12,True
dist_prev_vpoc_atr,2_NIVEAUX_VEILLE,2_prev_levels_dist,continuous,float,1256,0.08,644,-5.5547,0.8,True
dist_prev_vpoc_pct,2_NIVEAUX_VEILLE,2_prev_levels_dist,continuous,float,1256,0.08,69,-3.49,4.94,True
dist_prev_vwap,4_VWAP_ANCHOR,4_pvwap_dist,continuous,float,1256,0.08,493,-3370.2812,1.12,True
dist_prev_vwap_sd1d,4_VWAP_ANCHOR,4_pvwap_dist,continuous,float,1256,0.08,493,-4217.5703,1.12,True
dist_prev_vwap_sd1u,4_VWAP_ANCHOR,4_pvwap_dist,continuous,float,1256,0.08,493,-2519.1328,1.12,True
dist_sess_high,10_SESSION_CALENDAR,10_session_range,continuous,float,1256,0.08,268,47.0,1.51,False
dist_sess_high_pct,10_SESSION_CALENDAR,10_session_range,continuous,float,1256,0.08,37,0.02,9.16,False
dist_sess_low,10_SESSION_CALENDAR,10_session_range,continuous,float,1256,0.08,481,-1328.0,1.12,True
dist_sess_low_pct,10_SESSION_CALENDAR,10_session_range,continuous,float,1256,0.08,70,-1.14,5.26,True
dist_session_hvn_above,1_MARKET_STRUCTURE,1b_session_hvn_lvn,continuous,float,1256,46.18,77,1.0,10.95,False
dist_session_hvn_below,1_MARKET_STRUCTURE,1b_session_hvn_lvn,continuous,float,1256,14.81,101,1.0,10.65,False
dist_session_lvn_above,1_MARKET_STRUCTURE,1b_session_hvn_lvn,continuous,float,1256,15.68,145,1.0,12.28,False
dist_session_lvn_below,1_MARKET_STRUCTURE,1b_session_hvn_lvn,continuous,float,1256,16.96,189,1.0,11.12,False
dist_single_print_atr,1_MARKET_STRUCTURE,1d_dist_atr,continuous,float,1256,0.0,516,-0.1804,0.88,True
dist_swing_high,1_MARKET_STRUCTURE,1c_swing,continuous,float,1256,0.08,343,-4.0,1.04,True
dist_swing_low,1_MARKET_STRUCTURE,1c_swing,continuous,float,1256,0.08,351,-114.0,1.12,True
dist_us_high_pct,3_IB_OVERNIGHT,3_sessions_dist,event,null_only,1256,100.0,0,None,0.0,False
dist_us_low_pct,3_IB_OVERNIGHT,3_sessions_dist,event,null_only,1256,100.0,0,None,0.0,False
dist_vix_call,9_VOLATILITY_VIX,9_vix_dist,continuous,float,1256,0.0,41,7.32,47.93,False
dist_vix_call_0dte,9_VOLATILITY_VIX,9_vix_dist,event,null_only,1256,100.0,0,None,0.0,False
dist_vix_gex_nearest_dn,9_VOLATILITY_VIX,9_vix_dist,continuous,float,1256,0.0,40,-0.18,50.8,True
dist_vix_gex_nearest_up,9_VOLATILITY_VIX,9_vix_dist,continuous,float,1256,0.0,41,0.32,47.93,False
dist_vix_hvl,9_VOLATILITY_VIX,9_vix_dist,continuous,float,1256,0.0,41,3.32,47.93,False
dist_vix_hvl_0dte,9_VOLATILITY_VIX,9_vix_dist,continuous,float,1256,0.0,41,1.32,47.93,False
dist_vix_put,9_VOLATILITY_VIX,9_vix_dist,continuous,float,1256,0.0,41,-0.68,47.93,True
dist_vix_put_0dte,9_VOLATILITY_VIX,9_vix_dist,continuous,float,1256,0.0,41,-0.68,47.93,True
dist_vwap_d,4_VWAP_ANCHOR,4_vwap_dist,continuous,float,1256,0.08,767,-456.1953,0.32,True
dist_vwap_d_atr,4_VWAP_ANCHOR,4_vwap_dist,continuous,float,1256,0.08,704,-0.6948,0.48,True
dist_vwap_d_pct,4_VWAP_ANCHOR,4_vwap_dist,continuous,float,1256,0.08,43,-0.41,6.69,True
dist_vwap_d_sd1d,4_VWAP_ANCHOR,4_vwap_dist,continuous,float,1256,0.08,770,-798.7891,0.32,True
dist_vwap_d_sd1d_pct,4_VWAP_ANCHOR,4_vwap_dist,continuous,float,1256,0.08,55,-0.74,6.22,True
dist_vwap_d_sd1u,4_VWAP_ANCHOR,4_vwap_dist,continuous,float,1256,0.08,765,-179.8828,0.32,True
dist_vwap_d_sd1u_pct,4_VWAP_ANCHOR,4_vwap_dist,continuous,float,1256,0.08,39,-0.14,9.16,True
dist_vwap_d_sd2d,4_VWAP_ANCHOR,4_vwap_dist,continuous,float,1256,0.08,770,-1127.4766,0.32,True
dist_vwap_d_sd2d_pct,4_VWAP_ANCHOR,4_vwap_dist,continuous,float,1256,0.08,66,-0.99,5.26,True
dist_vwap_d_sd2u,4_VWAP_ANCHOR,4_vwap_dist,continuous,float,1256,0.08,766,319.5625,0.32,False
dist_vwap_d_sd2u_pct,4_VWAP_ANCHOR,4_vwap_dist,continuous,float,1256,0.08,47,0.11,5.5,False
dist_vwap_d_sd3d,4_VWAP_ANCHOR,4_vwap_dist,continuous,float,1256,0.08,771,-1567.6406,0.32,True
dist_vwap_d_sd3d_pct,4_VWAP_ANCHOR,4_vwap_dist,continuous,float,1256,0.08,79,-1.33,4.46,True
dist_vwap_d_sd3u,4_VWAP_ANCHOR,4_vwap_dist,continuous,float,1256,0.08,768,528.1484,0.32,False
dist_vwap_d_sd3u_pct,4_VWAP_ANCHOR,4_vwap_dist,continuous,float,1256,0.08,64,0.44,4.62,False
dist_vwap_m,4_VWAP_ANCHOR,4_vwap_dist,continuous,float,1256,0.08,768,-2222.5703,0.32,True
dist_vwap_m_atr,4_VWAP_ANCHOR,4_vwap_dist,continuous,float,1256,0.08,725,-2.915,0.48,True
dist_vwap_m_pct,4_VWAP_ANCHOR,4_vwap_dist,continuous,float,1256,0.08,74,-1.93,4.62,True
dist_vwap_m_sd1d_pct,4_VWAP_ANCHOR,4_vwap_dist,continuous,float,1256,0.08,73,-4.26,4.94,True
dist_vwap_m_sd1u_pct,4_VWAP_ANCHOR,4_vwap_dist,continuous,float,1256,0.08,84,0.41,5.1,True
dist_vwap_w,4_VWAP_ANCHOR,4_vwap_dist,continuous,float,1256,0.08,767,-455.7109,0.32,True
dist_vwap_w_atr,4_VWAP_ANCHOR,4_vwap_dist,continuous,float,1256,0.08,718,-0.639,0.48,True
dist_vwap_w_pct,4_VWAP_ANCHOR,4_vwap_dist,continuous,float,1256,0.08,45,-0.4,6.77,True
dist_vwap_w_sd1d_pct,4_VWAP_ANCHOR,4_vwap_dist,continuous,float,1256,0.08,59,-0.61,6.45,True
dist_vwap_w_sd1u_pct,4_VWAP_ANCHOR,4_vwap_dist,continuous,float,1256,0.08,39,-0.16,9.32,True
div_at_key_level_ticks,7_REVERSAL_EXHAUSTION,7_div_aggregates,event,null_only,1256,100.0,0,None,0.0,False
div_confluence_dmp,7_REVERSAL_EXHAUSTION,7_div_aggregates,event,constant,1256,0.0,1,0,100.0,False
div_confluence_with_regime,7_REVERSAL_EXHAUSTION,7_div_aggregates,binary,int,1256,0.0,2,0,80.89,False
div_regime_proxy_ok,7_REVERSAL_EXHAUSTION,7_div_aggregates,binary,int,1256,0.0,2,0,80.89,False
equal_highs_detected,1_MARKET_STRUCTURE,1c_liquidity,binary,bool,1256,0.0,1,False,100.0,False
equal_lows_detected,1_MARKET_STRUCTURE,1c_liquidity,binary,bool,1256,0.0,1,False,100.0,False
finish_delta_pct,5_ORDER_FLOW,5a_finish,continuous,float,1256,0.0,6,1.0,81.21,False
finish_strength,5_ORDER_FLOW,5a_finish,continuous,float,1256,0.0,48,0.0,29.62,True
fp_edge_buy,6_SIERRA_BN,6_edge,binary,int,1256,0.0,2,0,94.67,False
fp_edge_sell,6_SIERRA_BN,6_edge,binary,int,1256,0.0,2,0,95.7,False
fvg_dn_active,OTHER,unclassified,continuous,float,1256,0.0,12,0,29.86,False
fvg_dn_created_this_bar,OTHER,unclassified,binary,bool,1256,0.0,2,False,87.82,False
fvg_up_active,OTHER,unclassified,continuous,float,1256,0.0,21,17,8.84,False
fvg_up_created_this_bar,OTHER,unclassified,binary,bool,1256,0.0,2,False,84.71,False
gex_cluster_count,8_OPTIONS_GAMMA,8_mq_gex,binary,int,1256,0.0,2,0.0,68.23,False
has_single_prints,OTHER,unclassified,binary,bool,1256,0.0,1,True,100.0,False
high,META,0a_bar_meta,continuous,float,1256,0.0,471,30239.0,0.96,False
high_ask_vol_pct,5_ORDER_FLOW,5b_extreme,continuous,float,1256,0.0,14,1.0,81.21,False
high_pullback_delta,5_ORDER_FLOW,5a_pullback,continuous,float,1256,0.0,27,1.0,53.98,True
hvn_between,1_MARKET_STRUCTURE,1b_session_hvn_lvn,event,constant,1256,0.0,1,0,100.0,False
ib_atr,3_IB_OVERNIGHT,3_ib,event,null_only,1256,100.0,0,None,0.0,False
ib_broken_dn,3_IB_OVERNIGHT,3_ib,event,constant,1256,0.0,1,0,100.0,False
ib_broken_down,3_IB_OVERNIGHT,3_ib,event,constant,1256,0.0,1,0,100.0,False
ib_broken_up,3_IB_OVERNIGHT,3_ib,event,constant,1256,0.0,1,0,100.0,False
ib_complete,3_IB_OVERNIGHT,3_ib,event,constant,1256,0.0,1,0,100.0,False
ib_high,3_IB_OVERNIGHT,3_ib,event,null_only,1256,100.0,0,None,0.0,False
ib_is_narrow,3_IB_OVERNIGHT,3_ib,event,constant,1256,0.0,1,0,100.0,False
ib_is_wide,3_IB_OVERNIGHT,3_ib,event,constant,1256,0.0,1,0,100.0,False
ib_low,3_IB_OVERNIGHT,3_ib,event,null_only,1256,100.0,0,None,0.0,False
ib_position_pct,3_IB_OVERNIGHT,3_ib,event,null_only,1256,100.0,0,None,0.0,False
ib_range,3_IB_OVERNIGHT,3_ib,event,null_only,1256,100.0,0,None,0.0,False
ib_range_atr,3_IB_OVERNIGHT,3_ib,event,null_only,1256,100.0,0,None,0.0,False
ib_range_ticks,3_IB_OVERNIGHT,3_ib,event,constant,1256,0.0,1,0.0,100.0,False
im_cross_delta_agreement_5,11_INTERMARKET,11_im,continuous,float,1256,38.3,11,0.4,30.45,False
im_cross_delta_weighted_5,11_INTERMARKET,11_im,continuous,float,1256,38.3,88,1.6,4.52,False
im_cross_open_signal,11_INTERMARKET,11_im,event,constant,1256,38.3,1,0.0,100.0,False
im_delta_day_divergence,11_INTERMARKET,11_im,binary,int,1256,38.3,2,0.0,59.23,False
im_ltr_slope_diff,11_INTERMARKET,11_im,continuous,float,1256,38.38,768,0.03058,0.26,True
im_open_type_agreement,11_INTERMARKET,11_im,event,constant,1256,38.3,1,0.0,100.0,False
im_price_ratio_slope_10,11_INTERMARKET,11_im,continuous,float,1256,38.38,412,-3e-05,0.9,True
im_rolling_correlation_10,11_INTERMARKET,11_im,continuous,float,1256,38.85,767,0.871859,0.26,True
im_smt_divergence,11_INTERMARKET,11_im,categorical,int,1256,38.77,3,0.0,84.53,True
im_volume_lead,11_INTERMARKET,11_im,continuous,float,1256,38.38,485,-1.9,0.9,True
inside_cur_va,1_MARKET_STRUCTURE,1b_vp_current_range,binary,int,1256,0.0,2,0,93.63,False
inside_prev_va,2_NIVEAUX_VEILLE,2_prev_bool,event,constant,1256,0.0,1,0,100.0,False
is_blocked_combined,10_SESSION_CALENDAR,10_session_flags,binary,bool,1256,0.0,1,False,100.0,False
is_cash_session,10_SESSION_CALENDAR,10_session_flags,binary,bool,1256,0.0,1,False,100.0,False
is_critical_news_60m,10_SESSION_CALENDAR,10_news_flags,binary,bool,1256,0.0,1,False,100.0,False
is_double_dist,1_MARKET_STRUCTURE,1a_tpo_profile,binary,int,1256,0.0,2,1,98.25,False
is_eco_blocked,10_SESSION_CALENDAR,10_session_flags,binary,bool,1256,0.0,1,False,100.0,False
is_ib_window,10_SESSION_CALENDAR,10_session_flags,binary,bool,1256,0.0,1,False,100.0,False
is_in_asia,10_SESSION_CALENDAR,10_session_flags,binary,bool,1256,0.0,2,False,54.3,False
is_in_london,10_SESSION_CALENDAR,10_session_flags,binary,bool,1256,0.0,2,True,54.3,False
is_in_us_after,10_SESSION_CALENDAR,10_session_flags,binary,bool,1256,0.0,1,False,100.0,False
is_in_us_cash,10_SESSION_CALENDAR,10_session_flags,binary,bool,1256,0.0,1,False,100.0,False
is_new_cash_high,10_SESSION_CALENDAR,10_session_range,binary,bool,1256,0.0,1,False,100.0,False
is_new_cash_low,10_SESSION_CALENDAR,10_session_range,binary,bool,1256,0.0,1,False,100.0,False
is_new_sess_high,10_SESSION_CALENDAR,10_session_range,binary,int,1256,0.0,2,0,92.99,False
is_new_sess_low,10_SESSION_CALENDAR,10_session_range,binary,int,1256,0.0,2,0,99.44,False
is_news_15m,10_SESSION_CALENDAR,10_news_flags,binary,bool,1256,0.0,1,False,100.0,False
is_news_30m,10_SESSION_CALENDAR,10_news_flags,binary,bool,1256,0.0,1,False,100.0,False
is_news_5m,10_SESSION_CALENDAR,10_news_flags,binary,bool,1256,0.0,1,False,100.0,False
is_news_60m,10_SESSION_CALENDAR,10_news_flags,binary,bool,1256,0.0,1,False,100.0,False
is_news_715,10_SESSION_CALENDAR,10_news_flags,binary,int,1256,0.0,2,0,99.84,False
is_news_730,10_SESSION_CALENDAR,10_news_flags,event,constant,1256,0.0,1,0,100.0,False
is_news_830,10_SESSION_CALENDAR,10_news_flags,binary,int,1256,0.0,2,0,99.84,False
is_news_845,10_SESSION_CALENDAR,10_news_flags,binary,int,1256,0.0,2,0,99.92,False
is_news_900,10_SESSION_CALENDAR,10_news_flags,event,constant,1256,0.0,1,0,100.0,False
is_news_930,10_SESSION_CALENDAR,10_news_flags,event,constant,1256,0.0,1,0,100.0,False
is_roll_day,10_SESSION_CALENDAR,10_session_flags,binary,bool,1256,0.0,1,False,100.0,False
is_session_blocked,10_SESSION_CALENDAR,10_session_flags,binary,bool,1256,0.0,1,False,100.0,False
judas_swing_active,OTHER,unclassified,binary,bool,1256,0.0,1,False,100.0,False
judas_swing_direction,OTHER,unclassified,event,constant,1256,0.0,1,0,100.0,False
large_trader_max_size,5_ORDER_FLOW,5b_trader,continuous,float,1256,0.0,91,1.0,28.42,False
large_trader_ratio,5_ORDER_FLOW,5b_trader,continuous,float,1256,0.0,491,1.0,3.18,False
liquidity_sweep_high_lag5,1_MARKET_STRUCTURE,1c_liquidity,binary,bool,1256,0.0,2,False,78.66,False
liquidity_sweep_low_lag5,1_MARKET_STRUCTURE,1c_liquidity,binary,bool,1256,0.0,2,False,99.36,False
london_first_hour_direction,3_IB_OVERNIGHT,3_sessions_levels,event,constant,1256,57.48,1,1,100.0,False
london_high,3_IB_OVERNIGHT,3_sessions_levels,continuous,float,1256,45.7,20,30324.0,65.4,False
london_low,3_IB_OVERNIGHT,3_sessions_levels,continuous,float,1256,45.7,11,30204.75,47.8,False
london_open,3_IB_OVERNIGHT,3_sessions_levels,continuous,float,1256,45.7,2,30223.75,95.89,False
long_dn_bar,6_SIERRA_BN,6_bar_long,binary,int,1256,0.0,2,0,71.66,False
long_dn_up_pattern,6_SIERRA_BN,6_bar_long,binary,int,1256,0.0,2,0,97.37,False
long_up_bar,6_SIERRA_BN,6_bar_long,binary,int,1256,0.0,2,0,69.67,False
long_up_dn_pattern,6_SIERRA_BN,6_bar_long,binary,int,1256,0.0,2,0,97.93,False
low,META,0a_bar_meta,continuous,float,1256,0.0,484,30222.0,0.8,False
low_bid_vol_pct,5_ORDER_FLOW,5b_extreme,continuous,float,1256,0.0,14,1.0,77.87,False
low_pullback_delta,5_ORDER_FLOW,5a_pullback,continuous,float,1256,0.0,22,1.0,58.84,True
lvn_between,1_MARKET_STRUCTURE,1b_session_hvn_lvn,event,constant,1256,0.0,1,0,100.0,False
lvn_confluence_count,1_MARKET_STRUCTURE,1b_session_hvn_lvn,categorical,int,1256,0.0,6,0,85.75,False
ma_trend,1_MARKET_STRUCTURE,1a_tpo_concepts,categorical,int,1256,0.0,2,1,99.92,True
max_ask_vol_in_bar,5_ORDER_FLOW,5b_extreme,continuous,float,1256,0.0,41,2.0,21.02,False
max_bid_vol_in_bar,5_ORDER_FLOW,5b_extreme,continuous,float,1256,0.0,33,3.0,22.45,False
max_big_ask_vol_in_bar,5_ORDER_FLOW,5c_big_volume,continuous,float,1256,0.0,41,2.0,21.02,False
max_big_bid_vol_in_bar,5_ORDER_FLOW,5c_big_volume,continuous,float,1256,0.0,33,3.0,22.45,False
mins_et,10_SESSION_CALENDAR,10_session_flags,continuous,float,1256,0.0,535,28,0.32,False
mins_since_news,10_SESSION_CALENDAR,10_news_countdown,continuous,float,1256,66.96,212,8.0,2.17,False
mins_to_next_news,10_SESSION_CALENDAR,10_news_countdown,continuous,float,1256,19.19,318,7.0,1.08,False
momentum_3b,5_ORDER_FLOW,5a_momentum,continuous,float,1256,0.0,128,-2.5,2.55,True
momentum_5b,5_ORDER_FLOW,5a_momentum,continuous,float,1256,0.0,164,-3.75,2.07,True
mq_gamma_condition,8_OPTIONS_GAMMA,8_mq_levels,binary,int,1256,0.0,2,0,80.89,False
n_big_ask_t1,5_ORDER_FLOW,5c_big_orders,continuous,float,1256,0.0,21,20.0,17.12,False
n_big_ask_t2,5_ORDER_FLOW,5c_big_orders,categorical,int,1256,0.0,6,0.0,41.8,False
n_big_ask_t3,5_ORDER_FLOW,5c_big_orders,categorical,int,1256,0.0,3,0.0,97.77,False
n_big_ask_t4,5_ORDER_FLOW,5c_big_orders,event,constant,1256,0.0,1,0.0,100.0,False
n_big_ask_v2_t1,5_ORDER_FLOW,5c_big_orders,continuous,float,1256,0.0,21,20.0,17.12,False
n_big_ask_v2_t2,5_ORDER_FLOW,5c_big_orders,categorical,int,1256,0.0,6,0.0,41.8,False
n_big_ask_v2_t3,5_ORDER_FLOW,5c_big_orders,categorical,int,1256,0.0,3,0.0,97.77,False
n_big_ask_v2_t4,5_ORDER_FLOW,5c_big_orders,event,constant,1256,0.0,1,0.0,100.0,False
n_big_bid_t1,5_ORDER_FLOW,5c_big_orders,continuous,float,1256,0.0,21,1.0,20.06,False
n_big_bid_t2,5_ORDER_FLOW,5c_big_orders,categorical,int,1256,0.0,6,0.0,46.82,False
n_big_bid_t3,5_ORDER_FLOW,5c_big_orders,event,constant,1256,0.0,1,0.0,100.0,False
n_big_bid_t4,5_ORDER_FLOW,5c_big_orders,event,constant,1256,0.0,1,0.0,100.0,False
n_big_bid_v2_t1,5_ORDER_FLOW,5c_big_orders,continuous,float,1256,0.0,21,1.0,20.06,False
n_big_bid_v2_t2,5_ORDER_FLOW,5c_big_orders,categorical,int,1256,0.0,6,0.0,46.82,False
n_big_bid_v2_t3,5_ORDER_FLOW,5c_big_orders,event,constant,1256,0.0,1,0.0,100.0,False
n_big_bid_v2_t4,5_ORDER_FLOW,5c_big_orders,event,constant,1256,0.0,1,0.0,100.0,False
n_clusters_20t,5_ORDER_FLOW,5c_clusters_agg,continuous,float,1256,0.0,11,0.0,46.34,False
n_clusters_50t,5_ORDER_FLOW,5c_clusters_agg,continuous,float,1256,0.0,14,1.0,24.92,False
n_color_dn_cluster_within_0_2pct,6_SIERRA_BN,6_extensions_zones,categorical,int,1256,0.0,4,0,42.6,False
n_color_dn_zones_active,6_SIERRA_BN,6_extensions_zones,categorical,int,1256,0.0,5,0,42.6,False
n_color_up_cluster_within_0_2pct,6_SIERRA_BN,6_extensions_zones,categorical,int,1256,0.0,8,1,27.71,False
n_color_up_zones_active,6_SIERRA_BN,6_extensions_zones,continuous,float,1256,0.0,23,14,17.68,False
n_delta_div_buy_zones_active,7_REVERSAL_EXHAUSTION,7_delta_div_zones,event,constant,1256,0.0,1,0,100.0,False
n_delta_div_sell_zones_active,7_REVERSAL_EXHAUSTION,7_delta_div_zones,event,constant,1256,0.0,1,0,100.0,False
n_edge_buy_active,6_SIERRA_BN,6_edge_zones,continuous,float,1256,0.0,15,6,14.01,False
n_edge_sell_active,6_SIERRA_BN,6_edge_zones,continuous,float,1256,0.0,16,5,11.46,False
n_long_dn_cluster_within_0_2pct,6_SIERRA_BN,6_extensions_zones,continuous,float,1256,0.0,11,2,21.74,False
n_long_dn_zones_active,6_SIERRA_BN,6_extensions_zones,continuous,float,1256,0.0,13,2,21.66,False
n_long_up_cluster_within_0_2pct,6_SIERRA_BN,6_extensions_zones,categorical,int,1256,0.0,10,5,23.49,False
n_long_up_zones_active,6_SIERRA_BN,6_extensions_zones,continuous,float,1256,0.0,30,4,6.85,False
new_swing_high,1_MARKET_STRUCTURE,1c_swing,binary,int,1256,0.0,2,0,97.45,False
new_swing_low,1_MARKET_STRUCTURE,1c_swing,binary,int,1256,0.0,2,0,98.41,False
news_minutes_until,10_SESSION_CALENDAR,10_news_countdown,continuous,float,1256,0.0,776,3692.0,0.16,False
news_seconds_until,10_SESSION_CALENDAR,10_news_countdown,continuous,float,1256,0.0,776,221520,0.16,False
next_wall_dist_ticks,8_OPTIONS_GAMMA,8_mq_walls,continuous,float,1256,0.08,234,33.0,1.67,False
next_wall_is_call,8_OPTIONS_GAMMA,8_mq_walls,binary,int,1256,0.0,2,1,69.9,False
ny_open,3_IB_OVERNIGHT,3_open_abs,event,null_only,1256,100.0,0,None,0.0,False
open,META,0a_bar_meta,continuous,float,1256,0.0,480,30225.0,0.8,False
open_830,2_NIVEAUX_VEILLE,2_cash_levels_abs,continuous,float,1256,0.08,3,29531.25,59.92,False
open_830_et,3_IB_OVERNIGHT,3_open_abs,categorical,int,1256,38.38,2,30030.0,96.64,False
open_830_lvl,2_NIVEAUX_VEILLE,2_cash_levels_abs,continuous,float,1256,0.08,3,29531.25,59.92,False
open_above_prev_vah,OTHER,unclassified,binary,bool,1256,0.0,1,False,100.0,False
open_below_prev_val,OTHER,unclassified,binary,bool,1256,0.0,1,False,100.0,False
open_bias_conf,1_MARKET_STRUCTURE,1a_tpo_concepts,event,constant,1256,0.0,1,0.0,100.0,False
open_cash,2_NIVEAUX_VEILLE,2_cash_levels_abs,event,null_only,1256,100.0,0,None,0.0,False
open_cash_lvl,2_NIVEAUX_VEILLE,2_cash_levels_abs,categorical,int,1256,0.08,2,29907.0,97.85,False
open_direction,1_MARKET_STRUCTURE,1a_tpo_concepts,event,constant,1256,0.0,1,0,100.0,False
open_gap_ticks,1_MARKET_STRUCTURE,1a_open_dynamics,categorical,int,1256,0.08,2,-2842.0,97.85,True
open_in_prev_va,2_NIVEAUX_VEILLE,2_prev_bool,event,constant,1256,0.0,1,0,100.0,False
open_outside_prev_range,OTHER,unclassified,binary,bool,1256,0.0,1,False,100.0,False
open_position,1_MARKET_STRUCTURE,1a_open_dynamics,categorical,int,1256,0.0,2,2,99.92,False
open_relation_type,OTHER,unclassified,categorical,int,1256,0.0,2,2,99.92,False
open_type,1_MARKET_STRUCTURE,1a_tpo_concepts,event,constant,1256,0.0,1,0,100.0,False
open_within_prev_va,OTHER,unclassified,binary,bool,1256,0.0,1,False,100.0,False
open_zone,1_MARKET_STRUCTURE,1a_tpo_concepts,event,constant,1256,0.0,1,0,100.0,False
ovn_broken_dn,3_IB_OVERNIGHT,3_ovn,binary,bool,1256,0.0,1,False,100.0,False
ovn_broken_up,3_IB_OVERNIGHT,3_ovn,binary,bool,1256,0.0,1,False,100.0,False
ovn_high,3_IB_OVERNIGHT,3_ovn,continuous,float,1256,0.0,60,30324.0,35.51,False
ovn_low,3_IB_OVERNIGHT,3_ovn,continuous,float,1256,0.0,10,29965.5,59.55,False
ovn_range_ticks,3_IB_OVERNIGHT,3_ovn,continuous,float,1256,0.0,96,1434.0,17.75,False
p99_trade_size_proxy,5_ORDER_FLOW,5b_microstructure,continuous,float,1256,0.0,444,1.0,28.42,False
pct_in_range,1_MARKET_STRUCTURE,1b_vp_current_zones,continuous,float,1256,0.0,1034,1.0,1.35,False
pdh,2_NIVEAUX_VEILLE,2_prev_levels_abs,continuous,float,1256,0.0,2,30042.0,97.77,False
pdl,2_NIVEAUX_VEILLE,2_prev_levels_abs,continuous,float,1256,0.0,2,29907.0,97.77,False
poc_bar_dist,5_ORDER_FLOW,5d_poc_dynamics,continuous,float,1256,0.0,54,0.0,11.23,False
poc_migration_dir,5_ORDER_FLOW,5d_poc_dynamics,categorical,int,1256,1.51,3,-1,54.41,True
poc_position,5_ORDER_FLOW,5d_poc_dynamics,continuous,float,1256,0.0,31,0.3189,35.51,False
poc_separation_ticks,1_MARKET_STRUCTURE,1a_tpo_profile,categorical,int,1256,0.0,3,120.0,97.77,False
position_in_range,1_MARKET_STRUCTURE,1b_vp_current_zones,continuous,float,1256,0.08,44,1.0,95.7,False
premium_zone,1_MARKET_STRUCTURE,1b_vp_current_zones,event,constant,1256,0.08,1,1,100.0,False
prev_vah,2_NIVEAUX_VEILLE,2_prev_levels_abs,continuous,float,1256,0.08,2,29553.75,97.85,False
prev_vah_lvl,2_NIVEAUX_VEILLE,2_prev_levels_abs,continuous,float,1256,0.08,2,29553.75,97.85,False
prev_val,2_NIVEAUX_VEILLE,2_prev_levels_abs,continuous,float,1256,0.08,2,29136.5,97.85,False
prev_val_lvl,2_NIVEAUX_VEILLE,2_prev_levels_abs,continuous,float,1256,0.08,2,29136.5,97.85,False
prev_vpoc,2_NIVEAUX_VEILLE,2_prev_levels_abs,continuous,float,1256,0.08,2,29196.5,97.85,False
prev_vpoc_lvl,2_NIVEAUX_VEILLE,2_prev_levels_abs,continuous,float,1256,0.08,2,29196.5,97.85,False
prev_vwap_sd2d,2_NIVEAUX_VEILLE,2_prev_vwap_abs,event,null_only,1256,100.0,0,None,0.0,False
prev_vwap_sd2u,2_NIVEAUX_VEILLE,2_prev_vwap_abs,event,null_only,1256,100.0,0,None,0.0,False
price,META,0a_bar_meta,continuous,float,1256,0.0,494,30239.0,1.11,False
price_1030,3_IB_OVERNIGHT,3_ib,event,null_only,1256,100.0,0,None,0.0,False
price_vs_swing_mid,1_MARKET_STRUCTURE,1c_swing,categorical,int,1256,0.0,3,1.0,69.03,True
profile_hvn_dominant,1_MARKET_STRUCTURE,1a_tpo_profile,categorical,int,1256,0.0,3,30040.0,97.77,False
profile_overlap_above_pdh,OTHER,unclassified,continuous,float,1256,0.08,455,0.6542,2.07,False
profile_overlap_below_pdl,OTHER,unclassified,event,constant,1256,0.08,1,0.0,100.0,False
profile_overlap_pct,OTHER,unclassified,event,constant,1256,0.08,1,0.0,100.0,False
profile_shape,1_MARKET_STRUCTURE,1a_tpo_concepts,categorical,int,1256,0.0,2,3,98.25,False
profile_skew,1_MARKET_STRUCTURE,1a_tpo_concepts,continuous,float,1256,0.0,149,0.1923,1.59,False
pvwap,4_VWAP_ANCHOR,4_pvwap_abs,continuous,float,1256,0.08,2,29396.43,97.85,False
pvwap_sd1d,4_VWAP_ANCHOR,4_pvwap_abs,continuous,float,1256,0.08,2,29184.61,97.85,False
pvwap_sd1u,4_VWAP_ANCHOR,4_pvwap_abs,continuous,float,1256,0.08,2,29609.22,97.85,False
range_extension_above_ib_atr,OTHER,unclassified,event,constant,1256,0.0,1,0.0,100.0,False
range_extension_below_ib_atr,OTHER,unclassified,event,constant,1256,0.0,1,0.0,100.0,False
range_extension_completed,OTHER,unclassified,binary,bool,1256,0.0,1,False,100.0,False
range_h_minus_lprev_ticks,1_MARKET_STRUCTURE,1a_bar_microstructure,continuous,float,1256,0.16,118,32,2.95,True
range_hprev_minus_l_ticks,1_MARKET_STRUCTURE,1a_bar_microstructure,continuous,float,1256,0.16,110,17,3.03,True
range_pos_va,1_MARKET_STRUCTURE,1b_vp_current_range,continuous,float,1256,0.08,54,100.0,93.78,False
range_size,1_MARKET_STRUCTURE,1a_bar_microstructure,continuous,float,1256,0.0,91,5.0,3.66,False
range_size_ticks,1_MARKET_STRUCTURE,1b_vp_current_range,continuous,float,1256,0.08,466,1174.0,2.07,False
retest_high_count,1_MARKET_STRUCTURE,1c_retest,categorical,int,1256,0.0,6,0,61.62,False
retest_high_delta_div,7_REVERSAL_EXHAUSTION,7_delta_div,binary,bool,1256,0.0,1,False,100.0,False
retest_low_count,1_MARKET_STRUCTURE,1c_retest,categorical,int,1256,0.0,5,0,88.93,False
retest_low_delta_div,7_REVERSAL_EXHAUSTION,7_delta_div,binary,bool,1256,0.0,1,False,100.0,False
roll_phase,10_SESSION_CALENDAR,10_roll,event,constant,1256,0.0,1,-1,100.0,True
rotation_dn,5_ORDER_FLOW,5a_rotation,binary,int,1256,0.0,2,0.0,78.11,False
rotation_up,5_ORDER_FLOW,5a_rotation,binary,int,1256,0.0,2,0.0,73.57,False
rotation_zz_osc,5_ORDER_FLOW,5a_rotation,continuous,float,1256,0.0,123,0.0,8.84,True
rule_80pct,1_MARKET_STRUCTURE,1a_tpo_concepts,event,constant,1256,0.0,1,0,100.0,False
rvol,5_ORDER_FLOW,5d_rvol,continuous,float,1256,0.0,750,1.8667,0.32,False
rvol_absorb_buy,5_ORDER_FLOW,5d_rvol,binary,int,1256,0.0,2,0,99.76,False
rvol_absorb_sell,5_ORDER_FLOW,5d_rvol,binary,int,1256,0.0,2,0,99.76,False
rvol_buy,5_ORDER_FLOW,5d_rvol,binary,int,1256,0.0,2,0,95.22,False
rvol_buy_strong,5_ORDER_FLOW,5d_rvol,event,constant,1256,0.0,1,0,100.0,False
rvol_extreme,5_ORDER_FLOW,5d_rvol,binary,int,1256,0.0,2,0,99.2,False
rvol_regime,5_ORDER_FLOW,5d_rvol,categorical,int,1256,0.0,5,0,38.69,False
rvol_sell,5_ORDER_FLOW,5d_rvol,binary,int,1256,0.0,2,0,97.61,False
rvol_sell_strong,5_ORDER_FLOW,5d_rvol,binary,int,1256,0.0,2,0,99.92,False
rvol_zscore,5_ORDER_FLOW,5d_rvol,continuous,float,1256,0.0,765,-0.8947,0.32,True
schema_version,META,0c_observability,categorical,str,1256,0.0,1,'sierra_3.7.22+unknown',100.0,False
sell_vol,5_ORDER_FLOW,5b_volume_abs,continuous,float,1256,0.0,86,7.0,5.49,False
sess_high,10_SESSION_CALENDAR,10_session_range,continuous,float,1256,0.0,60,30324.0,35.51,False
sess_low,10_SESSION_CALENDAR,10_session_range,continuous,float,1256,0.0,10,29965.5,59.55,False
sess_range_atr,10_SESSION_CALENDAR,10_session_range,continuous,float,1256,0.08,58,2.1987,35.54,False
sess_range_ticks,10_SESSION_CALENDAR,10_session_range,continuous,float,1256,0.0,57,1668.0,35.51,False
session,META,0a_bar_meta,binary,int,1256,0.0,2,1,54.3,False
session_date,META,0a_bar_meta,categorical,str,1256,0.0,2,'2026-06-15',80.81,False
session_date_trading,META,0a_bar_meta,categorical,str,1256,0.0,1,'2026-06-15',100.0,False
session_hvn_count,1_MARKET_STRUCTURE,1b_session_hvn_lvn,continuous,float,1256,0.0,11,0,80.1,False
session_id,META,0a_bar_meta,categorical,str,1256,0.0,2,'London',54.3,False
session_lvn_count,1_MARKET_STRUCTURE,1b_session_hvn_lvn,categorical,int,1256,0.0,10,0,80.41,False
session_segment,META,0a_bar_meta,categorical,str,1256,0.0,2,'london',54.3,False
single_print_above,OTHER,unclassified,binary,bool,1256,0.0,1,False,100.0,False
single_print_below,OTHER,unclassified,binary,bool,1256,0.0,1,True,100.0,False
single_print_count,1_MARKET_STRUCTURE,1a_tpo_profile,continuous,float,1256,0.0,51,193,19.11,False
single_print_density,OTHER,unclassified,continuous,float,1256,0.0,388,0.1644,2.07,False
single_print_mid,1_MARKET_STRUCTURE,1a_tpo_profile,continuous,float,1256,0.0,33,30115.62,35.51,False
sweep_high_active,OTHER,unclassified,categorical,int,1256,0.0,4,1,45.38,False
sweep_high_this_bar,OTHER,unclassified,binary,bool,1256,0.0,2,False,90.37,False
sweep_low_active,OTHER,unclassified,categorical,int,1256,0.0,4,0,50.08,False
sweep_low_this_bar,OTHER,unclassified,binary,bool,1256,0.0,2,False,92.28,False
swing_range_ticks,1_MARKET_STRUCTURE,1c_swing,continuous,float,1256,0.0,48,151.0,9.24,False
sym,META,0a_bar_meta,categorical,str,1256,0.0,1,'NQ',100.0,False
ticks_count,5_ORDER_FLOW,5b_volume_abs,continuous,float,1256,0.0,132,19,3.9,False
total_vol,5_ORDER_FLOW,5b_volume_abs,continuous,float,1256,0.0,146,18.0,3.9,False
trend_day_probability,1_MARKET_STRUCTURE,1a_tpo_concepts,event,constant,1256,0.0,1,0.0,100.0,False
ts,META,0a_bar_meta,continuous,float,1256,0.0,776,1781497680000,0.16,False
ts_event,META,0a_bar_meta,categorical,str,1256,0.0,776,'2026-06-15T04:28:00+00:00',0.16,False
ts_event_ns,META,0a_bar_meta,continuous,float,1256,0.0,776,1781497680000000000,0.16,False
ts_raw_ms,META,0a_bar_meta,continuous,float,1256,0.0,776,1781497680000,0.16,False
us_high,3_IB_OVERNIGHT,3_sessions_levels,event,null_only,1256,100.0,0,None,0.0,False
us_low,3_IB_OVERNIGHT,3_sessions_levels,event,null_only,1256,100.0,0,None,0.0,False
va_position_pct,1_MARKET_STRUCTURE,1b_vp_current_range,continuous,float,1256,93.63,52,0.9923,5.0,False
vah_touches_20b,1_MARKET_STRUCTURE,1b_vp_current_touches,continuous,float,1256,0.0,11,0.0,86.46,False
val_touches_20b,1_MARKET_STRUCTURE,1b_vp_current_touches,binary,int,1256,0.0,2,0.0,99.2,False
vix_above_hvl,9_VOLATILITY_VIX,9_vix_core,event,constant,1256,0.0,1,0,100.0,False
vix_above_hvl_0dte,9_VOLATILITY_VIX,9_vix_core,event,constant,1256,0.0,1,0,100.0,False
vix_level,9_VOLATILITY_VIX,9_vix_core,continuous,float,1256,0.0,41,17.68,47.93,False
vix_regime,9_VOLATILITY_VIX,9_vix_core,event,constant,1256,0.0,1,1,100.0,False
vol_per_sec,5_ORDER_FLOW,5b_volume_abs,continuous,float,1256,0.0,497,0.3898,0.96,False
volume,META,0a_bar_meta,continuous,float,1256,0.0,146,18.0,3.9,False
volume_imbalance,1_MARKET_STRUCTURE,1a_tpo_profile,continuous,float,1256,0.0,157,1.3916,0.8,False
vwap_d,4_VWAP_ANCHOR,4_vwap_abs,continuous,float,1256,0.08,775,30093.33,0.16,False
vwap_d_sd1d,4_VWAP_ANCHOR,4_vwap_abs,continuous,float,1256,0.08,755,30015.87,0.32,False
vwap_d_sd1u,4_VWAP_ANCHOR,4_vwap_abs,continuous,float,1256,0.08,765,30255.09,0.48,False
vwap_d_sd2d,4_VWAP_ANCHOR,4_vwap_abs,continuous,float,1256,0.08,611,29936.31,0.96,False
vwap_d_sd2u,4_VWAP_ANCHOR,4_vwap_abs,continuous,float,1256,0.08,757,30355.18,0.48,False
vwap_d_sd3d,4_VWAP_ANCHOR,4_vwap_abs,continuous,float,1256,0.08,653,29857.26,0.64,False
vwap_d_sd3u,4_VWAP_ANCHOR,4_vwap_abs,continuous,float,1256,0.08,750,30455.27,0.48,False
vwap_d_side,4_VWAP_ANCHOR,4_vwap_side,binary,int,1256,0.0,2,1,99.92,False
vwap_m,4_VWAP_ANCHOR,4_vwap_abs,continuous,float,1256,0.08,251,29668.07,1.75,False
vwap_m_sd1d,4_VWAP_ANCHOR,4_vwap_abs,continuous,float,1256,0.08,296,28961.32,1.27,False
vwap_m_sd1u,4_VWAP_ANCHOR,4_vwap_abs,continuous,float,1256,0.08,200,30374.82,2.23,False
vwap_m_sd2d,4_VWAP_ANCHOR,4_vwap_abs,continuous,float,1256,0.08,331,28254.58,1.43,False
vwap_m_sd2u,4_VWAP_ANCHOR,4_vwap_abs,continuous,float,1256,0.08,149,31081.56,2.39,False
vwap_m_sd3d,4_VWAP_ANCHOR,4_vwap_abs,continuous,float,1256,0.08,368,27547.83,1.12,False
vwap_m_sd3u,4_VWAP_ANCHOR,4_vwap_abs,continuous,float,1256,0.08,106,31788.31,6.22,False
vwap_m_side,4_VWAP_ANCHOR,4_vwap_side,binary,int,1256,0.0,2,1,99.92,False
vwap_ma_align,4_VWAP_ANCHOR,4_vwap_dynamics,binary,int,1256,0.0,2,1,99.92,False
vwap_slope_10,4_VWAP_ANCHOR,4_vwap_dynamics,continuous,float,1256,0.0,722,2.2682,0.4,False
vwap_slope_10_dir,4_VWAP_ANCHOR,4_vwap_dynamics,binary,int,1256,0.0,2,1,99.92,False
vwap_slope_30,4_VWAP_ANCHOR,4_vwap_dynamics,continuous,float,1256,0.0,757,1.6182,0.32,False
vwap_triple_align,4_VWAP_ANCHOR,4_vwap_dynamics,categorical,int,1256,0.0,2,1,99.92,True
vwap_w,4_VWAP_ANCHOR,4_vwap_abs,continuous,float,1256,0.08,775,30098.61,0.16,False
vwap_w_sd1d,4_VWAP_ANCHOR,4_vwap_abs,continuous,float,1256,0.08,768,30022.57,0.16,False
vwap_w_sd1u,4_VWAP_ANCHOR,4_vwap_abs,continuous,float,1256,0.08,775,30162.9,0.16,False
vwap_w_sd2d,4_VWAP_ANCHOR,4_vwap_abs,continuous,float,1256,0.08,577,29967.46,1.27,False
vwap_w_sd2u,4_VWAP_ANCHOR,4_vwap_abs,continuous,float,1256,0.08,770,30342.69,0.48,False
vwap_w_sd3d,4_VWAP_ANCHOR,4_vwap_abs,continuous,float,1256,0.08,694,29890.79,0.64,False
vwap_w_sd3u,4_VWAP_ANCHOR,4_vwap_abs,continuous,float,1256,0.08,758,30434.72,0.48,False
vwap_w_side,4_VWAP_ANCHOR,4_vwap_side,binary,int,1256,0.0,2,1,99.92,False
within_news_715_5m,10_SESSION_CALENDAR,10_news_proximity,binary,int,1256,0.0,2,0,99.04,False
within_news_730_5m,10_SESSION_CALENDAR,10_news_proximity,binary,int,1256,0.0,2,0,99.36,False
within_news_830_5m,10_SESSION_CALENDAR,10_news_proximity,binary,int,1256,0.0,2,0,99.6,False
within_news_845_5m,10_SESSION_CALENDAR,10_news_proximity,binary,int,1256,0.0,2,0,99.52,False
within_news_900_5m,10_SESSION_CALENDAR,10_news_proximity,event,constant,1256,0.0,1,0,100.0,False
within_news_930_5m,10_SESSION_CALENDAR,10_news_proximity,event,constant,1256,0.0,1,0,100.0,False
