symbole,colonne,jour,facteur,motif
NQ,price,2026-06-15,6.0,saut au redemarrage
NQ,atr_14m,2026-06-15,11.1,saut au redemarrage
NQ,dist_vwap_d_sd1u,2026-06-28,6.2,saut au redemarrage
NQ,dist_vwap_d_sd1u,2026-07-17,5.5,saut au redemarrage
NQ,dist_vwap_d_sd2u,2026-06-28,6.8,saut au redemarrage
NQ,dist_vwap_d_sd2u,2026-07-17,7.4,saut au redemarrage
NQ,dist_vwap_d_sd2d,2026-06-21,6.3,saut au redemarrage
NQ,dist_vwap_d_sd2d,2026-07-22,5.2,saut au redemarrage
NQ,dist_vwap_d_sd3u,2026-06-28,7.2,saut au redemarrage
NQ,dist_vwap_d_sd3u,2026-07-17,8.1,saut au redemarrage
NQ,dist_vwap_d_sd3d,2026-06-15,5.4,saut au redemarrage
NQ,dist_vwap_d_sd3d,2026-06-21,7.5,saut au redemarrage
NQ,dist_vwap_d_sd3d,2026-07-22,5.3,saut au redemarrage
NQ,dist_vwap_m,2026-06-15,8.3,saut au redemarrage
NQ,dist_vwap_m,2026-08-04,8.0,saut au redemarrage
NQ,dist_vwap_m_atr,2026-06-15,7.2,saut au redemarrage
NQ,dist_vwap_m_atr,2026-08-04,7.5,saut au redemarrage
NQ,dist_cur_vah,2026-06-28,6.6,saut au redemarrage
NQ,dist_cur_vah,2026-07-17,5.5,saut au redemarrage
NQ,dist_cur_vah,2026-08-06,5.1,saut au redemarrage
NQ,range_size_ticks,2026-06-21,6.1,saut au redemarrage
NQ,cvd_bar_delta,2026-06-15,12.0,saut au redemarrage
NQ,dist_prev_vpoc,2026-06-16,5.1,saut au redemarrage
NQ,dist_prev_vah,2026-07-05,5.6,saut au redemarrage
NQ,dist_prev_val,2026-06-16,5.5,saut au redemarrage
NQ,dist_prev_val,2026-08-06,6.2,saut au redemarrage
NQ,dist_prev_vwap,2026-08-06,5.5,saut au redemarrage
NQ,dist_prev_vwap_sd1u,2026-07-05,5.1,saut au redemarrage
NQ,dist_prev_vwap_sd1d,2026-08-06,5.8,saut au redemarrage
NQ,dist_mq_put,2026-06-21,9.7,saut au redemarrage
NQ,dist_mq_hvl,2026-08-11,6.1,saut au redemarrage
NQ,dist_mq_hvl_0dte,2026-08-06,5.6,saut au redemarrage
NQ,dist_gex_nearest_dn,2026-06-21,6.6,saut au redemarrage
NQ,vix_level,2026-06-15,5.6,saut au redemarrage
NQ,dist_vix_call,2026-06-15,5.6,saut au redemarrage
NQ,dist_vix_call,2026-06-21,17.2,saut au redemarrage
NQ,dist_vix_hvl_0dte,2026-08-11,7.8,saut au redemarrage
NQ,dist_vix_gex_nearest_dn,2026-06-15,5.8,saut au redemarrage
NQ,dist_vix_gex_nearest_dn,2026-07-17,20.2,saut au redemarrage
NQ,dist_vix_gex_nearest_dn,2026-08-11,6.0,saut au redemarrage
NQ,dist_vix_gex_nearest_dn,2026-08-16,25.5,saut au redemarrage
NQ,dist_sess_high,2026-06-28,9.5,saut au redemarrage
NQ,dist_sess_high,2026-07-17,7.5,saut au redemarrage
NQ,dist_sess_low,2026-06-21,5.8,saut au redemarrage
NQ,dist_open_cash,2026-06-28,6.2,saut au redemarrage
NQ,dist_open_cash,2026-08-06,5.6,saut au redemarrage
NQ,dist_open_830,2026-08-04,7.1,saut au redemarrage
NQ,dist_open_830,2026-08-06,7.2,saut au redemarrage
NQ,dist_ovn_high,2026-06-28,6.2,saut au redemarrage
NQ,delta_bar,2026-06-15,12.0,saut au redemarrage
NQ,delta_day,2026-06-21,10.2,saut au redemarrage
NQ,delta_day,2026-08-09,5.7,saut au redemarrage
NQ,avg_trade_size,2026-06-15,8.6,saut au redemarrage
NQ,avg_bid_size,2026-06-15,8.3,saut au redemarrage
NQ,avg_ask_size,2026-06-15,7.1,saut au redemarrage
NQ,vol_per_sec,2026-06-15,29.9,saut au redemarrage
NQ,poc_bar_dist,2026-06-15,7.5,saut au redemarrage
NQ,cvd_day,2026-06-15,14.1,saut au redemarrage
NQ,cvd_day,2026-06-16,23.1,saut au redemarrage
NQ,cvd_day,2026-06-21,8.6,saut au redemarrage
NQ,cvd_day,2026-08-09,5.3,saut au redemarrage
NQ,buy_vol,2026-06-15,33.7,saut au redemarrage
NQ,buy_vol,2026-06-28,5.7,saut au redemarrage
NQ,sell_vol,2026-06-15,32.3,saut au redemarrage
NQ,total_vol,2026-06-15,34.1,saut au redemarrage
NQ,ticks_count,2026-06-15,30.0,saut au redemarrage
NQ,diag_pos_delta,2026-06-15,23.7,saut au redemarrage
NQ,diag_pos_delta,2026-06-28,5.2,saut au redemarrage
NQ,diag_neg_delta,2026-06-15,21.3,saut au redemarrage
NQ,max_ask_vol_in_bar,2026-06-15,14.0,saut au redemarrage
NQ,max_bid_vol_in_bar,2026-06-15,12.0,saut au redemarrage
NQ,large_trader_max_size,2026-06-15,10.2,saut au redemarrage
NQ,dist_big_ask_nearest_up,2026-06-21,27.0,saut au redemarrage
NQ,dist_big_ask_nearest_up,2026-06-28,7.0,saut au redemarrage
NQ,dist_big_ask_nearest_up,2026-08-09,7.0,saut au redemarrage
NQ,dist_big_ask_nearest_up,2026-08-11,6.0,saut au redemarrage
NQ,dist_big_ask_nearest_up,2026-08-16,7.0,saut au redemarrage
NQ,dist_big_ask_nearest_dn,2026-06-21,14.0,saut au redemarrage
NQ,dist_big_ask_nearest_dn,2026-06-28,29.0,saut au redemarrage
NQ,dist_big_ask_nearest_dn,2026-07-26,6.0,saut au redemarrage
NQ,dist_big_ask_nearest_dn,2026-08-09,8.5,saut au redemarrage
NQ,dist_big_ask_nearest_dn,2026-08-11,8.5,saut au redemarrage
NQ,dist_big_ask_nearest_dn,2026-08-16,7.0,saut au redemarrage
NQ,dist_big_bid_nearest_up,2026-06-21,12.0,saut au redemarrage
NQ,dist_big_bid_nearest_up,2026-06-28,6.0,saut au redemarrage
NQ,dist_big_bid_nearest_up,2026-08-09,8.0,saut au redemarrage
NQ,dist_big_bid_nearest_up,2026-08-11,8.0,saut au redemarrage
NQ,dist_big_bid_nearest_dn,2026-06-21,9.0,saut au redemarrage
NQ,dist_big_bid_nearest_dn,2026-06-28,14.0,saut au redemarrage
NQ,dist_big_bid_nearest_dn,2026-07-05,7.5,saut au redemarrage
NQ,dist_big_bid_nearest_dn,2026-08-16,8.0,saut au redemarrage
NQ,n_big_ask_t2,2026-06-15,18.0,saut au redemarrage
NQ,n_big_bid_t2,2026-06-15,18.0,saut au redemarrage
NQ,big_ask_cluster_20t,2026-06-15,9.0,saut au redemarrage
NQ,big_bid_cluster_20t,2026-06-15,8.0,saut au redemarrage
NQ,big_ask_cluster_50t,2026-06-15,9.0,saut au redemarrage
NQ,big_bid_cluster_50t,2026-06-15,9.0,saut au redemarrage
NQ,big_ask_cluster_20t_t1,2026-06-15,8.0,saut au redemarrage
NQ,big_bid_cluster_20t_t1,2026-06-15,7.0,saut au redemarrage
NQ,dist_cluster_nearest_up,2026-06-21,35.0,saut au redemarrage
NQ,dist_cluster_nearest_up,2026-06-28,11.0,saut au redemarrage
NQ,dist_cluster_nearest_up,2026-07-05,9.0,saut au redemarrage
NQ,dist_cluster_nearest_up,2026-07-26,6.5,saut au redemarrage
NQ,dist_cluster_nearest_up,2026-08-09,27.5,saut au redemarrage
NQ,dist_cluster_nearest_up,2026-08-11,27.5,saut au redemarrage
NQ,dist_cluster_nearest_up,2026-08-16,12.0,saut au redemarrage
NQ,dist_cluster_nearest_dn,2026-06-21,11.5,saut au redemarrage
NQ,dist_cluster_nearest_dn,2026-06-28,31.0,saut au redemarrage
NQ,dist_cluster_nearest_dn,2026-08-09,10.5,saut au redemarrage
NQ,dist_cluster_nearest_dn,2026-08-11,10.0,saut au redemarrage
NQ,dist_cluster_nearest_dn,2026-08-16,17.5,saut au redemarrage
NQ,n_clusters_20t,2026-06-15,15.0,saut au redemarrage
NQ,n_clusters_50t,2026-06-15,8.5,saut au redemarrage
NQ,dist_ext_color_dn,2026-08-04,7.2,saut au redemarrage
NQ,dist_ext_long_up,2026-07-05,8.6,saut au redemarrage
NQ,dist_ext_long_dn,2026-07-05,8.1,saut au redemarrage
NQ,dist_ext_long_dn,2026-08-06,5.4,saut au redemarrage
NQ,dist_swing_high,2026-06-21,11.5,saut au redemarrage
NQ,dist_swing_high,2026-06-28,14.1,saut au redemarrage
NQ,dist_swing_low,2026-06-15,8.9,saut au redemarrage
NQ,dist_swing_low,2026-06-21,7.0,saut au redemarrage
NQ,dist_swing_low,2026-06-28,24.6,saut au redemarrage
NQ,swing_range_ticks,2026-06-15,9.7,saut au redemarrage
NQ,vwap_slope_10,2026-06-15,7.8,saut au redemarrage
NQ,vwap_slope_10,2026-06-21,9.7,saut au redemarrage
NQ,vwap_slope_10,2026-06-28,8.0,saut au redemarrage
NQ,vwap_slope_10,2026-07-05,5.2,saut au redemarrage
NQ,vwap_slope_30,2026-06-15,9.7,saut au redemarrage
NQ,vwap_slope_30,2026-06-21,6.9,saut au redemarrage
NQ,vwap_slope_30,2026-07-05,18.4,saut au redemarrage
NQ,vwap_slope_30,2026-07-26,13.1,saut au redemarrage
NQ,vwap_slope_30,2026-08-16,5.8,saut au redemarrage
NQ,dist_session_hvn_below,2026-06-15,18.7,saut au redemarrage
NQ,dist_session_lvn_below,2026-06-15,18.6,saut au redemarrage
NQ,volume_imbalance,2026-07-26,13.4,saut au redemarrage
NQ,poc_separation_ticks,2026-07-26,7.5,saut au redemarrage
NQ,poc_separation_ticks,2026-08-06,12.8,saut au redemarrage
NQ,poc_separation_ticks,2026-08-07,14.1,saut au redemarrage
NQ,single_print_mid,2026-06-15,6.8,saut au redemarrage
NQ,single_print_count,2026-06-15,9.5,saut au redemarrage
NQ,single_print_count,2026-06-28,6.0,saut au redemarrage
NQ,profile_hvn_dominant,2026-06-15,5.1,saut au redemarrage
NQ,bars_since_retest_high,2026-06-28,9.2,saut au redemarrage
NQ,rvol,2026-07-05,9.0,saut au redemarrage
NQ,rvol,2026-07-26,5.5,saut au redemarrage
NQ,rvol,2026-08-09,6.8,saut au redemarrage
NQ,rvol,2026-08-16,7.9,saut au redemarrage
NQ,bar_high,2026-06-15,5.9,saut au redemarrage
NQ,bar_low,2026-06-15,6.1,saut au redemarrage
NQ,dist_vwap_d_sd1u_pct,2026-06-28,6.3,saut au redemarrage
NQ,dist_vwap_d_sd1u_pct,2026-07-17,5.8,saut au redemarrage
NQ,dist_vwap_d_sd2u_pct,2026-06-28,6.9,saut au redemarrage
NQ,dist_vwap_d_sd2u_pct,2026-07-17,7.7,saut au redemarrage
NQ,dist_vwap_d_sd2d_pct,2026-06-21,6.1,saut au redemarrage
NQ,dist_vwap_d_sd2d_pct,2026-07-22,5.2,saut au redemarrage
NQ,dist_vwap_d_sd3u_pct,2026-06-28,7.2,saut au redemarrage
NQ,dist_vwap_d_sd3u_pct,2026-07-17,8.2,saut au redemarrage
NQ,dist_vwap_d_sd3d_pct,2026-06-15,5.4,saut au redemarrage
NQ,dist_vwap_d_sd3d_pct,2026-06-21,7.0,saut au redemarrage
NQ,dist_vwap_d_sd3d_pct,2026-07-22,5.2,saut au redemarrage
NQ,dist_vwap_w_sd1u_pct,2026-06-28,8.2,saut au redemarrage
NQ,dist_vwap_w_sd1u_pct,2026-07-17,6.2,saut au redemarrage
NQ,dist_vwap_w_sd1u_pct,2026-07-26,5.8,saut au redemarrage
NQ,dist_vwap_m_pct,2026-06-15,8.5,saut au redemarrage
NQ,dist_vwap_m_pct,2026-07-17,5.3,saut au redemarrage
NQ,dist_vwap_m_pct,2026-08-04,8.5,saut au redemarrage
NQ,dist_vwap_m_sd1u_pct,2026-06-15,6.2,saut au redemarrage
NQ,dist_vwap_m_sd1u_pct,2026-08-04,9.0,saut au redemarrage
NQ,dist_vwap_m_sd1d_pct,2026-06-15,8.0,saut au redemarrage
NQ,dist_vwap_m_sd1d_pct,2026-07-17,5.0,saut au redemarrage
NQ,dist_cur_vah_pct,2026-06-28,6.8,saut au redemarrage
NQ,dist_cur_vah_pct,2026-07-17,5.8,saut au redemarrage
NQ,dist_cur_vah_pct,2026-08-06,5.3,saut au redemarrage
NQ,dist_prev_vpoc_pct,2026-06-16,5.8,saut au redemarrage
NQ,dist_prev_val_pct,2026-06-16,5.1,saut au redemarrage
NQ,dist_sess_high_pct,2026-06-28,10.1,saut au redemarrage
NQ,dist_sess_high_pct,2026-07-17,8.2,saut au redemarrage
NQ,dist_sess_low_pct,2026-06-21,5.5,saut au redemarrage
NQ,dist_mq_put_pct,2026-06-21,9.6,saut au redemarrage
NQ,dist_mq_hvl_pct,2026-08-11,6.0,saut au redemarrage
NQ,dist_mq_hvl_0dte_pct,2026-08-06,5.5,saut au redemarrage
NQ,dist_long_up_nearest_pct,2026-07-05,7.8,saut au redemarrage
NQ,dist_long_dn_nearest_pct,2026-07-05,8.2,saut au redemarrage
NQ,dist_long_dn_nearest_pct,2026-08-06,5.6,saut au redemarrage
NQ,dist_color_dn_nearest_pct,2026-08-04,7.7,saut au redemarrage
NQ,dist_gex_nearest_dn_pct,2026-06-21,6.6,saut au redemarrage
NQ,vwap_d,2026-06-15,6.9,saut au redemarrage
NQ,vwap_d_sd1u,2026-06-15,8.0,saut au redemarrage
NQ,vwap_d_sd1u,2026-06-16,5.1,saut au redemarrage
NQ,vwap_d_sd1u,2026-08-06,5.9,saut au redemarrage
NQ,vwap_d_sd1d,2026-06-15,7.6,saut au redemarrage
NQ,vwap_d_sd2u,2026-06-15,6.3,saut au redemarrage
NQ,vwap_d_sd2u,2026-08-06,5.4,saut au redemarrage
NQ,vwap_d_sd2d,2026-06-15,7.2,saut au redemarrage
NQ,vwap_d_sd3u,2026-06-15,5.2,saut au redemarrage
NQ,vwap_d_sd3u,2026-08-06,5.3,saut au redemarrage
NQ,vwap_d_sd3d,2026-06-15,7.7,saut au redemarrage
NQ,vwap_d_sd3d,2026-06-16,5.0,saut au redemarrage
NQ,vwap_w,2026-06-15,11.9,saut au redemarrage
NQ,vwap_w,2026-06-16,6.4,saut au redemarrage
NQ,vwap_w,2026-08-04,8.5,saut au redemarrage
NQ,vwap_w,2026-08-06,7.0,saut au redemarrage
NQ,vwap_w_sd1u,2026-06-15,12.6,saut au redemarrage
NQ,vwap_w_sd1u,2026-06-16,9.9,saut au redemarrage
NQ,vwap_w_sd1u,2026-06-28,12.3,saut au redemarrage
NQ,vwap_w_sd1u,2026-07-05,7.0,saut au redemarrage
NQ,vwap_w_sd1u,2026-07-26,9.2,saut au redemarrage
NQ,vwap_w_sd1u,2026-08-04,10.5,saut au redemarrage
NQ,vwap_w_sd1u,2026-08-06,14.9,saut au redemarrage
NQ,vwap_w_sd1d,2026-06-15,14.8,saut au redemarrage
NQ,vwap_w_sd1d,2026-06-16,5.7,saut au redemarrage
NQ,vwap_w_sd1d,2026-08-04,9.6,saut au redemarrage
NQ,vwap_w_sd1d,2026-08-09,9.3,saut au redemarrage
NQ,vwap_w_sd1d,2026-08-16,5.2,saut au redemarrage
NQ,vwap_w_sd2u,2026-06-15,7.5,saut au redemarrage
NQ,vwap_w_sd2u,2026-06-16,9.9,saut au redemarrage
NQ,vwap_w_sd2u,2026-06-21,5.6,saut au redemarrage
NQ,vwap_w_sd2u,2026-06-28,16.6,saut au redemarrage
NQ,vwap_w_sd2u,2026-07-05,10.6,saut au redemarrage
NQ,vwap_w_sd2u,2026-07-26,12.1,saut au redemarrage
NQ,vwap_w_sd2u,2026-08-04,8.2,saut au redemarrage
NQ,vwap_w_sd2u,2026-08-06,18.3,saut au redemarrage
NQ,vwap_w_sd2u,2026-08-09,6.5,saut au redemarrage
NQ,vwap_w_sd2d,2026-06-15,11.8,saut au redemarrage
NQ,vwap_w_sd2d,2026-08-04,7.1,saut au redemarrage
NQ,vwap_w_sd2d,2026-08-09,9.3,saut au redemarrage
NQ,vwap_w_sd3u,2026-06-16,6.1,saut au redemarrage
NQ,vwap_w_sd3u,2026-06-28,12.5,saut au redemarrage
NQ,vwap_w_sd3u,2026-07-05,8.5,saut au redemarrage
NQ,vwap_w_sd3u,2026-07-26,9.0,saut au redemarrage
NQ,vwap_w_sd3u,2026-08-06,13.2,saut au redemarrage
NQ,vwap_w_sd3u,2026-08-09,7.3,saut au redemarrage
NQ,vwap_w_sd3d,2026-06-15,11.6,saut au redemarrage
NQ,vwap_w_sd3d,2026-08-04,6.4,saut au redemarrage
NQ,vwap_w_sd3d,2026-08-09,10.1,saut au redemarrage
NQ,vwap_m,2026-06-16,30.5,saut au redemarrage
NQ,vwap_m,2026-07-05,9.3,saut au redemarrage
NQ,vwap_m,2026-08-04,15.7,saut au redemarrage
NQ,vwap_m,2026-08-06,25.3,saut au redemarrage
NQ,vwap_m_sd1u,2026-06-16,26.8,saut au redemarrage
NQ,vwap_m_sd1u,2026-08-04,43.6,saut au redemarrage
NQ,vwap_m_sd1u,2026-08-06,43.9,saut au redemarrage
NQ,vwap_m_sd1d,2026-06-16,57.7,saut au redemarrage
NQ,vwap_m_sd1d,2026-06-21,5.3,saut au redemarrage
NQ,vwap_m_sd1d,2026-06-28,5.1,saut au redemarrage
NQ,vwap_m_sd1d,2026-07-05,24.9,saut au redemarrage
NQ,vwap_m_sd1d,2026-07-17,5.0,saut au redemarrage
NQ,vwap_m_sd1d,2026-07-26,6.6,saut au redemarrage
NQ,vwap_m_sd1d,2026-08-04,11.3,saut au redemarrage
NQ,vwap_m_sd1d,2026-08-06,18.5,saut au redemarrage
NQ,vwap_m_sd1d,2026-08-07,6.3,saut au redemarrage
NQ,vwap_m_sd1d,2026-08-09,5.1,saut au redemarrage
NQ,vwap_m_sd2u,2026-06-16,16.9,saut au redemarrage
NQ,vwap_m_sd2u,2026-08-04,59.1,saut au redemarrage
NQ,vwap_m_sd2u,2026-08-06,50.5,saut au redemarrage
NQ,vwap_m_sd2d,2026-06-16,28.7,saut au redemarrage
NQ,vwap_m_sd2d,2026-07-05,15.0,saut au redemarrage
NQ,vwap_m_sd2d,2026-08-04,20.3,saut au redemarrage
NQ,vwap_m_sd3u,2026-06-16,8.0,saut au redemarrage
NQ,vwap_m_sd3u,2026-07-05,7.0,saut au redemarrage
NQ,vwap_m_sd3u,2026-08-04,57.5,saut au redemarrage
NQ,vwap_m_sd3u,2026-08-06,45.0,saut au redemarrage
NQ,vwap_m_sd3d,2026-06-16,27.3,saut au redemarrage
NQ,vwap_m_sd3d,2026-07-05,16.2,saut au redemarrage
NQ,vwap_m_sd3d,2026-08-04,29.8,saut au redemarrage
NQ,vwap_m_sd3d,2026-08-06,8.7,saut au redemarrage
NQ,pvwap,2026-06-15,6.0,saut au redemarrage
NQ,pvwap,2026-06-16,11.7,saut au redemarrage
NQ,pvwap,2026-08-04,6.1,saut au redemarrage
NQ,pvwap,2026-08-06,7.2,saut au redemarrage
NQ,pvwap_sd1u,2026-06-15,5.6,saut au redemarrage
NQ,pvwap_sd1u,2026-06-16,9.4,saut au redemarrage
NQ,pvwap_sd1u,2026-08-06,6.6,saut au redemarrage
NQ,pvwap_sd1d,2026-06-15,5.0,saut au redemarrage
NQ,pvwap_sd1d,2026-06-16,11.2,saut au redemarrage
NQ,pvwap_sd1d,2026-08-04,5.9,saut au redemarrage
NQ,pvwap_sd1d,2026-08-06,6.1,saut au redemarrage
NQ,pdh,2026-06-15,6.9,saut au redemarrage
NQ,pdh,2026-06-16,7.6,saut au redemarrage
NQ,pdh,2026-06-28,8.1,saut au redemarrage
NQ,pdh,2026-07-05,5.0,saut au redemarrage
NQ,pdh,2026-07-26,5.2,saut au redemarrage
NQ,pdh,2026-08-06,9.7,saut au redemarrage
NQ,pdl,2026-06-15,8.7,saut au redemarrage
NQ,pdl,2026-08-04,5.9,saut au redemarrage
NQ,pdl,2026-08-06,7.0,saut au redemarrage
NQ,cash_high,2026-06-15,6.6,saut au redemarrage
NQ,cash_low,2026-06-15,6.9,saut au redemarrage
NQ,open_cash_lvl,2026-06-15,7.4,saut au redemarrage
NQ,open_cash_lvl,2026-06-16,6.3,saut au redemarrage
NQ,open_cash_lvl,2026-08-06,6.4,saut au redemarrage
NQ,open_830_lvl,2026-06-15,8.6,saut au redemarrage
NQ,open_830_lvl,2026-07-17,5.8,saut au redemarrage
NQ,cur_vpoc_lvl,2026-06-15,5.1,saut au redemarrage
NQ,cur_vah_lvl,2026-06-15,7.2,saut au redemarrage
NQ,cur_vah_lvl,2026-08-06,5.9,saut au redemarrage
NQ,cur_val_lvl,2026-06-15,5.1,saut au redemarrage
NQ,prev_vpoc_lvl,2026-06-15,5.7,saut au redemarrage
NQ,prev_vpoc_lvl,2026-06-16,14.5,saut au redemarrage
NQ,prev_vpoc_lvl,2026-07-05,7.5,saut au redemarrage
NQ,prev_vpoc_lvl,2026-08-04,7.0,saut au redemarrage
NQ,prev_vpoc_lvl,2026-08-06,12.4,saut au redemarrage
NQ,prev_vah_lvl,2026-06-15,5.9,saut au redemarrage
NQ,prev_vah_lvl,2026-06-16,11.9,saut au redemarrage
NQ,prev_vah_lvl,2026-07-05,7.9,saut au redemarrage
NQ,prev_vah_lvl,2026-08-04,5.6,saut au redemarrage
NQ,prev_vah_lvl,2026-08-06,10.6,saut au redemarrage
NQ,prev_val_lvl,2026-06-16,10.0,saut au redemarrage
NQ,prev_val_lvl,2026-07-05,5.1,saut au redemarrage
NQ,prev_val_lvl,2026-08-04,6.6,saut au redemarrage
NQ,prev_val_lvl,2026-08-06,9.6,saut au redemarrage
NQ,bar_upper_wick_pct,2026-06-15,16.3,saut au redemarrage
NQ,bar_lower_wick_pct,2026-06-15,10.5,saut au redemarrage
NQ,range_size,2026-06-15,13.5,saut au redemarrage
NQ,mins_since_news,2026-06-15,12.5,saut au redemarrage
NQ,mins_since_news,2026-06-16,28.0,saut au redemarrage
NQ,mins_since_news,2026-06-21,232.5,saut au redemarrage
NQ,mins_since_news,2026-06-28,292.5,saut au redemarrage
NQ,mins_since_news,2026-07-05,234.0,saut au redemarrage
NQ,mins_since_news,2026-07-17,58.5,saut au redemarrage
NQ,mins_since_news,2026-07-26,292.5,saut au redemarrage
NQ,mins_since_news,2026-08-04,60.0,saut au redemarrage
NQ,mins_since_news,2026-08-07,59.5,saut au redemarrage
NQ,mins_since_news,2026-08-09,292.5,saut au redemarrage
NQ,mins_since_news,2026-08-11,233.0,saut au redemarrage
NQ,mins_since_news,2026-08-16,293.0,saut au redemarrage
NQ,mins_et,2026-06-15,206.0,saut au redemarrage
NQ,mins_et,2026-06-16,29.0,saut au redemarrage
NQ,mins_et,2026-06-21,452.0,saut au redemarrage
NQ,mins_et,2026-06-28,510.0,saut au redemarrage
NQ,mins_et,2026-07-05,450.5,saut au redemarrage
NQ,mins_et,2026-07-17,59.5,saut au redemarrage
NQ,mins_et,2026-07-26,510.0,saut au redemarrage
NQ,mins_et,2026-08-04,61.0,saut au redemarrage
NQ,mins_et,2026-08-07,60.0,saut au redemarrage
NQ,mins_et,2026-08-09,510.0,saut au redemarrage
NQ,mins_et,2026-08-11,450.0,saut au redemarrage
NQ,mins_et,2026-08-16,511.0,saut au redemarrage
NQ,dist_pdh_pct,2026-06-28,5.3,saut au redemarrage
NQ,atr_14m_pct,2026-06-15,11.1,saut au redemarrage
NQ,cvd_session,2026-06-15,6.1,saut au redemarrage
NQ,cvd_session,2026-08-09,5.3,saut au redemarrage
NQ,volume,2026-06-15,34.1,saut au redemarrage
NQ,ctx_poc_migration_10,2026-06-28,5.1,saut au redemarrage
NQ,bars_since_last_swing_high,2026-08-11,6.0,saut au redemarrage
NQ,bars_since_last_swing_low,2026-08-16,5.6,saut au redemarrage
NQ,dist_pdl_atr,2026-06-15,14.6,saut au redemarrage
NQ,open_830_et,2026-06-15,7.8,saut au redemarrage
NQ,open_830_et,2026-06-16,5.1,saut au redemarrage
NQ,ovn_high,2026-06-15,8.4,saut au redemarrage
NQ,ovn_low,2026-06-15,7.2,saut au redemarrage
NQ,london_high,2026-06-15,11.8,saut au redemarrage
NQ,london_high,2026-07-17,5.8,saut au redemarrage
NQ,london_low,2026-06-15,5.6,saut au redemarrage
NQ,us_high,2026-06-15,6.4,saut au redemarrage
NQ,us_low,2026-06-15,10.9,saut au redemarrage
NQ,us_low,2026-08-04,6.0,saut au redemarrage
NQ,asia_open,2026-06-16,5.1,saut au redemarrage
NQ,ny_open,2026-06-15,9.2,saut au redemarrage
NQ,after_open,2026-06-15,5.1,saut au redemarrage
NQ,after_open,2026-08-04,5.1,saut au redemarrage
NQ,dist_london_low_pct,2026-06-15,6.3,saut au redemarrage
NQ,dist_london_low_pct,2026-08-04,6.8,saut au redemarrage
NQ,dist_after_high_pct,2026-08-04,5.2,saut au redemarrage
NQ,dist_after_high_pct,2026-08-06,5.4,saut au redemarrage
NQ,days_since_roll,2026-06-21,87.0,saut au redemarrage
NQ,dist_delta_div_buy_nearest_atr,2026-07-05,20.9,saut au redemarrage
NQ,dist_delta_div_buy_nearest_atr,2026-07-26,11.1,saut au redemarrage
NQ,dist_delta_div_sell_nearest_atr,2026-06-28,25.7,saut au redemarrage
NQ,dist_delta_div_sell_nearest_atr,2026-07-05,5.1,saut au redemarrage
NQ,ctx_vol_z_20,2026-06-28,6.3,saut au redemarrage
NQ,ctx_finish_strength_mean_5,2026-06-15,6.0,saut au redemarrage
NQ,ctx_va_position_velocity,2026-06-16,5.0,saut au redemarrage
NQ,ctx_va_position_velocity,2026-06-28,9.5,saut au redemarrage
NQ,ctx_range_vs_atr_10,2026-06-15,12.9,saut au redemarrage
NQ,ctx_delta_sum_3,2026-06-15,12.6,saut au redemarrage
NQ,aggressor_imbalance,2026-06-21,8768.0,saut au redemarrage
NQ,aggressor_imbalance,2026-06-28,12606.5,saut au redemarrage
NQ,aggressor_imbalance,2026-07-05,6.5,saut au redemarrage
NQ,aggressor_imbalance,2026-07-26,8197.0,saut au redemarrage
NQ,range_h_minus_lprev_ticks,2026-06-15,13.2,saut au redemarrage
NQ,range_hprev_minus_l_ticks,2026-06-15,9.0,saut au redemarrage
NQ,ctx_ib_position_velocity,2026-06-15,8.7,saut au redemarrage
NQ,ctx_va_developing_10,2026-08-04,10.0,saut au redemarrage
NQ,ctx_va_developing_10,2026-08-06,5.5,saut au redemarrage
NQ,ctx_va_developing_10,2026-08-09,5.5,saut au redemarrage
NQ,ctx_cvd_session,2026-06-15,10.7,saut au redemarrage
NQ,ctx_delta_sum_10,2026-06-15,10.4,saut au redemarrage
NQ,ctx_vol_z_5,2026-07-05,5.8,saut au redemarrage
NQ,ctx_vol_z_5,2026-07-26,6.2,saut au redemarrage
NQ,ctx_mq_put_call_ratio,2026-06-21,7.6,saut au redemarrage
NQ,ctx_va_width,2026-06-28,5.8,saut au redemarrage
NQ,ctx_va_width,2026-07-17,8.6,saut au redemarrage
NQ,div_at_key_level_ticks,2026-06-15,9.9,saut au redemarrage
NQ,div_at_key_level_ticks,2026-06-28,6.0,saut au redemarrage
NQ,div_at_key_level_ticks,2026-07-26,10.5,saut au redemarrage
NQ,n_edge_buy_active,2026-07-22,6.0,saut au redemarrage
NQ,n_big_ask_v2_t2,2026-06-15,18.0,saut au redemarrage
NQ,n_big_bid_v2_t2,2026-06-15,18.0,saut au redemarrage
NQ,max_big_ask_vol_in_bar,2026-06-15,14.0,saut au redemarrage
NQ,max_big_bid_vol_in_bar,2026-06-15,12.0,saut au redemarrage
NQ,prev_vah,2026-06-15,5.1,saut au redemarrage
NQ,prev_vah,2026-06-16,10.4,saut au redemarrage
NQ,prev_vah,2026-08-04,5.2,saut au redemarrage
NQ,prev_vah,2026-08-06,6.8,saut au redemarrage
NQ,prev_val,2026-06-16,11.4,saut au redemarrage
NQ,prev_val,2026-08-04,5.7,saut au redemarrage
NQ,prev_val,2026-08-06,6.1,saut au redemarrage
NQ,prev_vpoc,2026-06-16,11.0,saut au redemarrage
NQ,prev_vpoc,2026-08-04,5.2,saut au redemarrage
NQ,prev_vpoc,2026-08-06,6.2,saut au redemarrage
NQ,cur_vah,2026-06-15,7.2,saut au redemarrage
NQ,cur_vah,2026-08-06,5.9,saut au redemarrage
NQ,cur_val,2026-06-15,5.1,saut au redemarrage
NQ,cur_vpoc,2026-06-15,5.1,saut au redemarrage
NQ,open_830,2026-06-15,8.6,saut au redemarrage
NQ,open_830,2026-07-17,5.8,saut au redemarrage
NQ,sess_low,2026-06-15,7.6,saut au redemarrage
NQ,ib_low,2026-06-15,9.6,saut au redemarrage
NQ,ib_low,2026-08-04,5.5,saut au redemarrage
NQ,open_cash,2026-06-15,11.7,saut au redemarrage
NQ,open_cash,2026-07-17,5.4,saut au redemarrage
NQ,ib_high,2026-06-15,7.3,saut au redemarrage
NQ,price_1030,2026-08-04,8.0,saut au redemarrage
NQ,sess_high,2026-06-15,6.2,saut au redemarrage
NQ,im_cross_delta_weighted_5,2026-06-15,18.8,saut au redemarrage
NQ,im_volume_lead,2026-06-15,42.4,saut au redemarrage
NQ,im_ltr_slope_diff,2026-08-16,7.2,saut au redemarrage
NQ,bars_since_boot,2026-06-28,5.3,saut au redemarrage
NQ,bars_since_boot,2026-07-17,8.0,saut au redemarrage
NQ,profile_overlap_pct,2026-06-28,7.8,saut au redemarrage
NQ,profile_overlap_pct,2026-08-09,5.2,saut au redemarrage
NQ,profile_overlap_pct,2026-08-11,5.2,saut au redemarrage
NQ,profile_overlap_pct,2026-08-16,7.8,saut au redemarrage
NQ,composite_poc_5d,2026-06-21,7.3,saut au redemarrage
NQ,composite_poc_5d,2026-06-28,5.6,saut au redemarrage
NQ,composite_poc_5d,2026-07-17,12.9,saut au redemarrage
NQ,composite_poc_5d,2026-07-22,8.7,saut au redemarrage
NQ,composite_poc_5d,2026-07-26,20.5,saut au redemarrage
NQ,composite_poc_5d,2026-08-04,16.3,saut au redemarrage
NQ,composite_poc_5d,2026-08-06,19.1,saut au redemarrage
NQ,composite_poc_5d,2026-08-07,5.6,saut au redemarrage
NQ,composite_poc_5d,2026-08-09,5.1,saut au redemarrage
NQ,composite_poc_5d,2026-08-16,6.3,saut au redemarrage
NQ,composite_poc_20d,2026-06-21,7.3,saut au redemarrage
NQ,composite_poc_20d,2026-06-28,15.0,saut au redemarrage
NQ,composite_poc_20d,2026-07-17,12.9,saut au redemarrage
NQ,composite_poc_20d,2026-07-22,8.7,saut au redemarrage
NQ,composite_poc_20d,2026-07-26,20.5,saut au redemarrage
NQ,composite_poc_20d,2026-08-04,16.3,saut au redemarrage
NQ,composite_poc_20d,2026-08-06,19.1,saut au redemarrage
NQ,composite_poc_20d,2026-08-07,5.6,saut au redemarrage
NQ,composite_poc_20d,2026-08-09,5.1,saut au redemarrage
NQ,composite_poc_20d,2026-08-16,6.3,saut au redemarrage
NQ,dist_composite_poc_5d_atr,2026-07-26,5.0,saut au redemarrage
NQ,dist_composite_poc_20d_atr,2026-07-26,5.5,saut au redemarrage
NQ,bars_since_last_sweep_high,2026-06-21,8.0,saut au redemarrage
NQ,dist_pdh,2026-06-28,7.1,saut au redemarrage
ES,price,2026-06-14,6.8,saut au redemarrage
ES,price,2026-08-04,7.9,saut au redemarrage
ES,price,2026-08-06,5.8,saut au redemarrage
ES,dist_vwap_d,2026-07-17,5.2,saut au redemarrage
ES,dist_vwap_d_sd1u,2026-06-28,5.2,saut au redemarrage
ES,dist_vwap_d_sd1u,2026-07-17,6.0,saut au redemarrage
ES,dist_vwap_d_sd1d,2026-06-14,5.5,saut au redemarrage
ES,dist_vwap_d_sd1d,2026-06-21,5.8,saut au redemarrage
ES,dist_vwap_d_sd2u,2026-06-28,5.5,saut au redemarrage
ES,dist_vwap_d_sd2u,2026-07-17,7.2,saut au redemarrage
ES,dist_vwap_d_sd2d,2026-06-14,10.9,saut au redemarrage
ES,dist_vwap_d_sd2d,2026-06-21,10.5,saut au redemarrage
ES,dist_vwap_d_sd2d,2026-07-22,5.9,saut au redemarrage
ES,dist_vwap_d_sd3u,2026-06-14,5.9,saut au redemarrage
ES,dist_vwap_d_sd3u,2026-06-28,5.0,saut au redemarrage
ES,dist_vwap_d_sd3u,2026-07-17,7.3,saut au redemarrage
ES,dist_vwap_d_sd3d,2026-06-14,11.7,saut au redemarrage
ES,dist_vwap_d_sd3d,2026-06-21,10.6,saut au redemarrage
ES,dist_vwap_d_sd3d,2026-07-22,5.1,saut au redemarrage
ES,dist_vwap_w,2026-06-28,5.4,saut au redemarrage
ES,dist_vwap_w,2026-07-17,5.9,saut au redemarrage
ES,dist_vwap_w_atr,2026-07-17,6.2,saut au redemarrage
ES,dist_vwap_m,2026-06-14,7.3,saut au redemarrage
ES,dist_vwap_m_atr,2026-06-14,5.7,saut au redemarrage
ES,dist_vwap_m_atr,2026-07-17,5.2,saut au redemarrage
ES,dist_cur_vpoc,2026-06-21,7.0,saut au redemarrage
ES,dist_cur_vpoc,2026-07-17,5.4,saut au redemarrage
ES,dist_cur_vah,2026-07-17,6.7,saut au redemarrage
ES,dist_cur_val,2026-06-21,10.1,saut au redemarrage
ES,dist_cur_val,2026-07-22,6.1,saut au redemarrage
ES,dist_cur_vwap_vp,2026-07-17,5.2,saut au redemarrage
ES,range_size_ticks,2026-06-14,5.3,saut au redemarrage
ES,range_size_ticks,2026-06-21,10.5,saut au redemarrage
ES,range_size_ticks,2026-08-04,6.3,saut au redemarrage
ES,cvd_bar_delta,2026-06-14,42.2,saut au redemarrage
ES,vah_touches_20b,2026-06-14,17.0,saut au redemarrage
ES,vah_touches_20b,2026-06-28,11.0,saut au redemarrage
ES,vah_touches_20b,2026-07-05,16.0,saut au redemarrage
ES,vah_touches_20b,2026-07-26,8.0,saut au redemarrage
ES,val_touches_20b,2026-06-16,18.0,saut au redemarrage
ES,val_touches_20b,2026-06-21,14.0,saut au redemarrage
ES,val_touches_20b,2026-08-06,18.0,saut au redemarrage
ES,val_touches_20b,2026-08-07,18.0,saut au redemarrage
ES,val_touches_20b,2026-08-09,26.0,saut au redemarrage
ES,val_touches_20b,2026-08-11,26.0,saut au redemarrage
ES,val_touches_20b,2026-08-16,40.0,saut au redemarrage
ES,bars_in_va,2026-08-09,6.9,saut au redemarrage
ES,bars_in_va,2026-08-11,6.9,saut au redemarrage
ES,dist_prev_vpoc,2026-07-26,5.4,saut au redemarrage
ES,dist_prev_vpoc_atr,2026-07-26,5.6,saut au redemarrage
ES,dist_prev_vah,2026-07-26,5.0,saut au redemarrage
ES,dist_prev_val,2026-06-16,6.2,saut au redemarrage
ES,dist_prev_vwap,2026-06-16,5.1,saut au redemarrage
ES,dist_prev_vwap_sd1d,2026-06-16,5.9,saut au redemarrage
ES,next_wall_dist_ticks,2026-07-22,10.4,saut au redemarrage
ES,dist_mq_call,2026-07-22,8.8,saut au redemarrage
ES,dist_mq_put,2026-06-16,6.7,saut au redemarrage
ES,dist_mq_put,2026-06-21,5.9,saut au redemarrage
ES,dist_mq_put,2026-07-26,8.5,saut au redemarrage
ES,dist_mq_put,2026-08-06,6.6,saut au redemarrage
ES,dist_mq_put,2026-08-11,11.4,saut au redemarrage
ES,dist_mq_put,2026-08-16,10.0,saut au redemarrage
ES,dist_mq_hvl,2026-06-14,10.2,saut au redemarrage
ES,dist_mq_hvl,2026-07-17,5.4,saut au redemarrage
ES,dist_mq_hvl,2026-08-04,7.9,saut au redemarrage
ES,dist_mq_hvl,2026-08-11,8.1,saut au redemarrage
ES,dist_mq_call_0dte,2026-06-16,7.8,saut au redemarrage
ES,dist_mq_call_0dte,2026-06-21,6.3,saut au redemarrage
ES,dist_mq_call_0dte,2026-08-04,6.3,saut au redemarrage
ES,dist_mq_call_0dte,2026-08-06,7.6,saut au redemarrage
ES,dist_mq_put_0dte,2026-06-14,8.5,saut au redemarrage
ES,dist_mq_put_0dte,2026-07-26,6.6,saut au redemarrage
ES,dist_mq_hvl_0dte,2026-08-04,5.3,saut au redemarrage
ES,dist_mq_hvl_0dte,2026-08-06,6.7,saut au redemarrage
ES,dist_gex_nearest_up,2026-07-22,6.5,saut au redemarrage
ES,dist_gex_nearest_dn,2026-06-21,7.4,saut au redemarrage
ES,dist_vix_call,2026-06-21,16.2,saut au redemarrage
ES,dist_vix_hvl_0dte,2026-08-11,7.8,saut au redemarrage
ES,dist_vix_gex_nearest_dn,2026-06-14,6.0,saut au redemarrage
ES,dist_vix_gex_nearest_dn,2026-07-17,20.8,saut au redemarrage
ES,dist_vix_gex_nearest_dn,2026-08-11,6.2,saut au redemarrage
ES,dist_vix_gex_nearest_dn,2026-08-16,26.2,saut au redemarrage
ES,dist_sess_high,2026-06-28,6.6,saut au redemarrage
ES,dist_sess_high,2026-07-17,7.1,saut au redemarrage
ES,dist_sess_low,2026-06-14,8.7,saut au redemarrage
ES,dist_sess_low,2026-06-21,8.0,saut au redemarrage
ES,sess_range_ticks,2026-06-14,8.3,saut au redemarrage
ES,sess_range_ticks,2026-06-21,8.1,saut au redemarrage
ES,sess_range_ticks,2026-06-28,5.1,saut au redemarrage
ES,sess_range_ticks,2026-07-17,5.3,saut au redemarrage
ES,sess_range_atr,2026-06-14,5.6,saut au redemarrage
ES,dist_open_cash,2026-06-16,5.1,saut au redemarrage
ES,dist_open_cash,2026-06-28,5.3,saut au redemarrage
ES,dist_open_cash,2026-07-17,7.7,saut au redemarrage
ES,dist_open_830,2026-06-28,5.7,saut au redemarrage
ES,dist_open_830,2026-07-26,5.8,saut au redemarrage
ES,dist_open_830,2026-08-04,9.6,saut au redemarrage
ES,dist_open_830,2026-08-06,12.5,saut au redemarrage
ES,dist_ovn_high,2026-06-28,5.7,saut au redemarrage
ES,dist_ovn_low,2026-06-14,7.9,saut au redemarrage
ES,open_gap_ticks,2026-07-26,5.7,saut au redemarrage
ES,delta_bar,2026-06-14,42.2,saut au redemarrage
ES,delta_day,2026-06-21,7.2,saut au redemarrage
ES,avg_trade_size,2026-06-14,8.8,saut au redemarrage
ES,avg_bid_size,2026-06-14,9.4,saut au redemarrage
ES,avg_ask_size,2026-06-14,9.1,saut au redemarrage
ES,large_trader_ratio,2026-06-28,6.0,saut au redemarrage
ES,vol_per_sec,2026-06-14,8.8,saut au redemarrage
ES,cvd_day,2026-06-14,10.1,saut au redemarrage
ES,cvd_day,2026-06-16,27.7,saut au redemarrage
ES,cvd_day,2026-06-21,7.9,saut au redemarrage
ES,buy_vol,2026-06-14,12.5,saut au redemarrage
ES,sell_vol,2026-06-14,7.2,saut au redemarrage
ES,total_vol,2026-06-14,9.7,saut au redemarrage
ES,ticks_count,2026-06-14,15.9,saut au redemarrage
ES,low_pullback_delta,2026-06-14,374.0,saut au redemarrage
ES,diag_pos_delta,2026-06-14,20.6,saut au redemarrage
ES,diag_neg_delta,2026-06-14,31.6,saut au redemarrage
ES,low_bid_vol_pct,2026-06-14,5.5,saut au redemarrage
ES,max_ask_vol_in_bar,2026-06-14,9.4,saut au redemarrage
ES,max_bid_vol_in_bar,2026-06-14,32.8,saut au redemarrage
ES,p99_trade_size_proxy,2026-06-14,35.2,saut au redemarrage
ES,large_trader_max_size,2026-06-14,154.1,saut au redemarrage
ES,large_trader_max_size,2026-07-05,5.5,saut au redemarrage
ES,n_big_ask_t2,2026-06-14,10.0,saut au redemarrage
ES,n_big_bid_t2,2026-06-14,7.5,saut au redemarrage
ES,big_ask_cluster_20t,2026-06-14,16.0,saut au redemarrage
ES,big_bid_cluster_20t,2026-06-14,19.0,saut au redemarrage
ES,big_ask_cluster_50t,2026-06-14,20.0,saut au redemarrage
ES,big_bid_cluster_50t,2026-06-14,23.0,saut au redemarrage
ES,big_ask_cluster_20t_t1,2026-06-14,18.0,saut au redemarrage
ES,big_bid_cluster_20t_t1,2026-06-14,10.0,saut au redemarrage
ES,n_clusters_50t,2026-06-14,20.0,saut au redemarrage
ES,dist_ext_color_up,2026-06-14,6.4,saut au redemarrage
ES,dist_ext_color_up,2026-07-05,5.6,saut au redemarrage
ES,dist_ext_color_dn,2026-06-14,5.6,saut au redemarrage
ES,dist_ext_long_up,2026-06-14,27.4,saut au redemarrage
ES,dist_ext_long_up,2026-06-16,109.2,saut au redemarrage
ES,dist_ext_long_up,2026-06-28,157.4,saut au redemarrage
ES,dist_ext_long_up,2026-07-05,6.4,saut au redemarrage
ES,dist_ext_long_up,2026-07-17,60.8,saut au redemarrage
ES,dist_ext_long_up,2026-07-22,5.6,saut au redemarrage
ES,dist_ext_long_up,2026-07-26,6.8,saut au redemarrage
ES,dist_ext_long_up,2026-08-04,151.2,saut au redemarrage
ES,dist_ext_long_up,2026-08-06,13.2,saut au redemarrage
ES,dist_ext_long_dn,2026-06-14,7.0,saut au redemarrage
ES,dist_ext_long_dn,2026-06-16,63.7,saut au redemarrage
ES,dist_ext_long_dn,2026-06-28,118.7,saut au redemarrage
ES,dist_ext_long_dn,2026-07-05,8.0,saut au redemarrage
ES,dist_ext_long_dn,2026-07-17,59.1,saut au redemarrage
ES,dist_ext_long_dn,2026-08-04,108.3,saut au redemarrage
ES,dist_ext_long_dn,2026-08-06,8.3,saut au redemarrage
ES,dist_swing_high,2026-06-14,47.0,saut au redemarrage
ES,dist_swing_high,2026-06-21,7.8,saut au redemarrage
ES,dist_swing_high,2026-06-28,13.1,saut au redemarrage
ES,dist_swing_low,2026-06-14,47.3,saut au redemarrage
ES,dist_swing_low,2026-06-21,9.0,saut au redemarrage
ES,dist_swing_low,2026-06-28,7.8,saut au redemarrage
ES,swing_range_ticks,2026-06-28,7.7,saut au redemarrage
ES,vwap_slope_10,2026-06-14,154.4,saut au redemarrage
ES,vwap_slope_10,2026-06-21,13.6,saut au redemarrage
ES,vwap_slope_10,2026-06-28,16.2,saut au redemarrage
ES,vwap_slope_10,2026-07-05,7.5,saut au redemarrage
ES,vwap_slope_30,2026-06-14,11.6,saut au redemarrage
ES,vwap_slope_30,2026-06-21,14.1,saut au redemarrage
ES,vwap_slope_30,2026-07-05,24.7,saut au redemarrage
ES,vwap_slope_30,2026-07-26,23.2,saut au redemarrage
ES,dist_session_hvn_above,2026-06-28,5.8,saut au redemarrage
ES,dist_session_hvn_below,2026-08-04,5.5,saut au redemarrage
ES,dist_session_lvn_above,2026-06-14,7.5,saut au redemarrage
ES,dist_session_lvn_above,2026-06-28,6.2,saut au redemarrage
ES,dist_session_lvn_below,2026-06-14,7.4,saut au redemarrage
ES,dist_session_lvn_below,2026-06-21,5.3,saut au redemarrage
ES,volume_imbalance,2026-07-22,6.1,saut au redemarrage
ES,poc_separation_ticks,2026-06-21,10.0,saut au redemarrage
ES,single_print_mid,2026-06-14,6.3,saut au redemarrage
ES,single_print_mid,2026-08-04,6.0,saut au redemarrage
ES,single_print_mid,2026-08-06,5.1,saut au redemarrage
ES,single_print_count,2026-06-14,11.7,saut au redemarrage
ES,profile_hvn_dominant,2026-08-04,6.0,saut au redemarrage
ES,profile_hvn_dominant,2026-08-06,5.3,saut au redemarrage
ES,retest_high_count,2026-08-16,7.0,saut au redemarrage
ES,bars_since_retest_high,2026-06-14,16.5,saut au redemarrage
ES,bars_since_retest_high,2026-06-21,25.5,saut au redemarrage
ES,bars_since_retest_high,2026-06-28,6.0,saut au redemarrage
ES,bars_since_retest_low,2026-06-21,9.0,saut au redemarrage
ES,bars_since_retest_low,2026-07-26,23.5,saut au redemarrage
ES,rvol,2026-06-14,188.0,saut au redemarrage
ES,rvol,2026-06-21,9.6,saut au redemarrage
ES,rvol,2026-06-28,10.4,saut au redemarrage
ES,rvol,2026-07-05,6.8,saut au redemarrage
ES,rvol,2026-07-26,9.7,saut au redemarrage
ES,rvol,2026-08-09,14.3,saut au redemarrage
ES,rvol,2026-08-11,13.7,saut au redemarrage
ES,rvol,2026-08-16,10.4,saut au redemarrage
ES,rvol_zscore,2026-06-14,122.3,saut au redemarrage
ES,rvol_zscore,2026-06-28,10.5,saut au redemarrage
ES,rvol_zscore,2026-07-26,7.2,saut au redemarrage
ES,rvol_zscore,2026-08-09,6.3,saut au redemarrage
ES,rvol_zscore,2026-08-16,5.8,saut au redemarrage
ES,bar_high,2026-06-14,6.8,saut au redemarrage
ES,bar_high,2026-08-04,7.9,saut au redemarrage
ES,bar_high,2026-08-06,5.9,saut au redemarrage
ES,bar_low,2026-06-14,6.2,saut au redemarrage
ES,bar_low,2026-08-04,7.7,saut au redemarrage
ES,bar_low,2026-08-06,5.7,saut au redemarrage
ES,dist_vwap_d_pct,2026-07-17,5.3,saut au redemarrage
ES,dist_vwap_d_sd1u_pct,2026-06-28,5.3,saut au redemarrage
ES,dist_vwap_d_sd1u_pct,2026-07-17,6.1,saut au redemarrage
ES,dist_vwap_d_sd1d_pct,2026-06-14,5.7,saut au redemarrage
ES,dist_vwap_d_sd1d_pct,2026-06-21,5.9,saut au redemarrage
ES,dist_vwap_d_sd2u_pct,2026-06-28,5.7,saut au redemarrage
ES,dist_vwap_d_sd2u_pct,2026-07-17,7.4,saut au redemarrage
ES,dist_vwap_d_sd2d_pct,2026-06-14,11.2,saut au redemarrage
ES,dist_vwap_d_sd2d_pct,2026-06-21,10.3,saut au redemarrage
ES,dist_vwap_d_sd2d_pct,2026-07-22,5.9,saut au redemarrage
ES,dist_vwap_d_sd3u_pct,2026-06-14,6.2,saut au redemarrage
ES,dist_vwap_d_sd3u_pct,2026-06-28,5.2,saut au redemarrage
ES,dist_vwap_d_sd3u_pct,2026-07-17,7.4,saut au redemarrage
ES,dist_vwap_d_sd3d_pct,2026-06-14,11.8,saut au redemarrage
ES,dist_vwap_d_sd3d_pct,2026-06-21,10.3,saut au redemarrage
ES,dist_vwap_d_sd3d_pct,2026-07-22,5.0,saut au redemarrage
ES,dist_vwap_w_pct,2026-06-28,5.4,saut au redemarrage
ES,dist_vwap_w_pct,2026-07-17,5.8,saut au redemarrage
ES,dist_vwap_w_sd1u_pct,2026-06-28,8.3,saut au redemarrage
ES,dist_vwap_w_sd1u_pct,2026-07-17,6.2,saut au redemarrage
ES,dist_vwap_w_sd1u_pct,2026-07-26,6.0,saut au redemarrage
ES,dist_vwap_w_sd1d_pct,2026-06-14,5.1,saut au redemarrage
ES,dist_vwap_w_sd1d_pct,2026-07-17,5.8,saut au redemarrage
ES,dist_vwap_w_sd1d_pct,2026-08-09,8.0,saut au redemarrage
ES,dist_vwap_m_pct,2026-06-14,7.4,saut au redemarrage
ES,dist_vwap_m_sd1u_pct,2026-06-14,7.2,saut au redemarrage
ES,dist_vwap_m_sd1u_pct,2026-08-04,5.2,saut au redemarrage
ES,dist_vwap_m_sd1d_pct,2026-06-14,6.0,saut au redemarrage
ES,dist_cur_vpoc_pct,2026-06-21,7.2,saut au redemarrage
ES,dist_cur_vpoc_pct,2026-07-17,5.7,saut au redemarrage
ES,dist_cur_vah_pct,2026-07-17,6.9,saut au redemarrage
ES,dist_cur_val_pct,2026-06-21,10.2,saut au redemarrage
ES,dist_cur_val_pct,2026-07-22,6.2,saut au redemarrage
ES,dist_prev_vpoc_pct,2026-06-16,7.1,saut au redemarrage
ES,dist_prev_vah_pct,2026-06-16,6.6,saut au redemarrage
ES,dist_prev_val_pct,2026-06-16,8.1,saut au redemarrage
ES,dist_sess_high_pct,2026-06-28,6.5,saut au redemarrage
ES,dist_sess_high_pct,2026-07-17,6.9,saut au redemarrage
ES,dist_sess_low_pct,2026-06-14,9.3,saut au redemarrage
ES,dist_sess_low_pct,2026-06-21,8.2,saut au redemarrage
ES,dist_mq_call_pct,2026-07-22,8.7,saut au redemarrage
ES,dist_mq_put_pct,2026-06-16,6.7,saut au redemarrage
ES,dist_mq_put_pct,2026-06-21,6.0,saut au redemarrage
ES,dist_mq_put_pct,2026-07-26,8.7,saut au redemarrage
ES,dist_mq_put_pct,2026-08-06,6.5,saut au redemarrage
ES,dist_mq_put_pct,2026-08-11,11.3,saut au redemarrage
ES,dist_mq_put_pct,2026-08-16,9.9,saut au redemarrage
ES,dist_mq_hvl_pct,2026-06-14,10.4,saut au redemarrage
ES,dist_mq_hvl_pct,2026-07-17,5.5,saut au redemarrage
ES,dist_mq_hvl_pct,2026-08-04,7.8,saut au redemarrage
ES,dist_mq_hvl_pct,2026-08-11,7.9,saut au redemarrage
ES,dist_mq_call_0dte_pct,2026-06-16,7.1,saut au redemarrage
ES,dist_mq_call_0dte_pct,2026-06-21,5.8,saut au redemarrage
ES,dist_mq_call_0dte_pct,2026-08-04,7.5,saut au redemarrage
ES,dist_mq_call_0dte_pct,2026-08-06,8.2,saut au redemarrage
ES,dist_mq_put_0dte_pct,2026-06-14,8.6,saut au redemarrage
ES,dist_mq_put_0dte_pct,2026-07-26,6.6,saut au redemarrage
ES,dist_mq_hvl_0dte_pct,2026-08-04,5.1,saut au redemarrage
ES,dist_mq_hvl_0dte_pct,2026-08-06,6.5,saut au redemarrage
ES,dist_long_up_nearest_pct,2026-06-14,21.5,saut au redemarrage
ES,dist_long_up_nearest_pct,2026-06-16,91.0,saut au redemarrage
ES,dist_long_up_nearest_pct,2026-06-28,133.0,saut au redemarrage
ES,dist_long_up_nearest_pct,2026-07-17,51.0,saut au redemarrage
ES,dist_long_up_nearest_pct,2026-07-26,6.0,saut au redemarrage
ES,dist_long_up_nearest_pct,2026-08-04,126.0,saut au redemarrage
ES,dist_long_up_nearest_pct,2026-08-06,11.0,saut au redemarrage
ES,dist_long_dn_nearest_pct,2026-06-14,8.0,saut au redemarrage
ES,dist_long_dn_nearest_pct,2026-06-16,74.0,saut au redemarrage
ES,dist_long_dn_nearest_pct,2026-06-28,139.5,saut au redemarrage
ES,dist_long_dn_nearest_pct,2026-07-05,9.0,saut au redemarrage
ES,dist_long_dn_nearest_pct,2026-07-17,69.0,saut au redemarrage
ES,dist_long_dn_nearest_pct,2026-08-04,127.0,saut au redemarrage
ES,dist_long_dn_nearest_pct,2026-08-06,9.0,saut au redemarrage
ES,dist_color_up_nearest_pct,2026-06-14,6.5,saut au redemarrage
ES,dist_color_up_nearest_pct,2026-07-05,5.6,saut au redemarrage
ES,dist_color_dn_nearest_pct,2026-06-14,6.0,saut au redemarrage
ES,dist_edge_buy_nearest_pct,2026-06-28,5.4,saut au redemarrage
ES,dist_edge_buy_nearest_pct,2026-07-26,5.4,saut au redemarrage
ES,dist_edge_sell_nearest_pct,2026-06-14,5.5,saut au redemarrage
ES,dist_edge_sell_nearest_pct,2026-06-28,6.5,saut au redemarrage
ES,dist_edge_sell_nearest_pct,2026-07-26,6.9,saut au redemarrage
ES,dist_edge_sell_nearest_pct,2026-08-06,5.7,saut au redemarrage
ES,dist_gex_nearest_up_pct,2026-07-22,6.5,saut au redemarrage
ES,dist_gex_nearest_dn_pct,2026-06-21,7.1,saut au redemarrage
ES,vwap_d,2026-06-14,5.2,saut au redemarrage
ES,vwap_d,2026-08-04,5.8,saut au redemarrage
ES,vwap_d_sd1u,2026-08-04,5.4,saut au redemarrage
ES,vwap_d_sd1d,2026-06-14,7.0,saut au redemarrage
ES,vwap_d_sd1d,2026-08-04,6.7,saut au redemarrage
ES,vwap_d_sd1d,2026-08-06,5.1,saut au redemarrage
ES,vwap_d_sd2u,2026-08-04,6.7,saut au redemarrage
ES,vwap_d_sd2u,2026-08-06,6.7,saut au redemarrage
ES,vwap_d_sd2d,2026-06-14,8.0,saut au redemarrage
ES,vwap_d_sd2d,2026-06-16,5.3,saut au redemarrage
ES,vwap_d_sd2d,2026-08-04,7.2,saut au redemarrage
ES,vwap_d_sd3u,2026-08-04,5.9,saut au redemarrage
ES,vwap_d_sd3u,2026-08-06,6.3,saut au redemarrage
ES,vwap_d_sd3d,2026-06-14,8.1,saut au redemarrage
ES,vwap_d_sd3d,2026-06-16,5.0,saut au redemarrage
ES,vwap_d_sd3d,2026-08-04,6.8,saut au redemarrage
ES,vwap_w,2026-06-14,10.6,saut au redemarrage
ES,vwap_w,2026-06-16,8.6,saut au redemarrage
ES,vwap_w,2026-08-04,13.6,saut au redemarrage
ES,vwap_w,2026-08-06,8.4,saut au redemarrage
ES,vwap_w_sd1u,2026-06-14,8.3,saut au redemarrage
ES,vwap_w_sd1u,2026-06-16,13.3,saut au redemarrage
ES,vwap_w_sd1u,2026-06-21,10.4,saut au redemarrage
ES,vwap_w_sd1u,2026-06-28,9.8,saut au redemarrage
ES,vwap_w_sd1u,2026-07-26,5.0,saut au redemarrage
ES,vwap_w_sd1u,2026-08-04,19.2,saut au redemarrage
ES,vwap_w_sd1u,2026-08-06,18.7,saut au redemarrage
ES,vwap_w_sd1d,2026-06-14,17.8,saut au redemarrage
ES,vwap_w_sd1d,2026-06-16,9.4,saut au redemarrage
ES,vwap_w_sd1d,2026-07-05,7.7,saut au redemarrage
ES,vwap_w_sd1d,2026-08-04,16.2,saut au redemarrage
ES,vwap_w_sd1d,2026-08-09,11.9,saut au redemarrage
ES,vwap_w_sd2u,2026-06-16,14.7,saut au redemarrage
ES,vwap_w_sd2u,2026-06-21,15.7,saut au redemarrage
ES,vwap_w_sd2u,2026-06-28,15.7,saut au redemarrage
ES,vwap_w_sd2u,2026-07-26,10.1,saut au redemarrage
ES,vwap_w_sd2u,2026-08-04,19.4,saut au redemarrage
ES,vwap_w_sd2u,2026-08-06,26.5,saut au redemarrage
ES,vwap_w_sd2u,2026-08-09,11.1,saut au redemarrage
ES,vwap_w_sd2d,2026-06-14,25.9,saut au redemarrage
ES,vwap_w_sd2d,2026-06-16,9.8,saut au redemarrage
ES,vwap_w_sd2d,2026-07-05,12.2,saut au redemarrage
ES,vwap_w_sd2d,2026-07-26,7.2,saut au redemarrage
ES,vwap_w_sd2d,2026-08-04,18.5,saut au redemarrage
ES,vwap_w_sd2d,2026-08-09,20.4,saut au redemarrage
ES,vwap_w_sd2d,2026-08-16,6.9,saut au redemarrage
ES,vwap_w_sd3u,2026-06-16,7.5,saut au redemarrage
ES,vwap_w_sd3u,2026-06-21,9.9,saut au redemarrage
ES,vwap_w_sd3u,2026-06-28,10.3,saut au redemarrage
ES,vwap_w_sd3u,2026-07-26,7.3,saut au redemarrage
ES,vwap_w_sd3u,2026-08-04,9.0,saut au redemarrage
ES,vwap_w_sd3u,2026-08-06,16.2,saut au redemarrage
ES,vwap_w_sd3u,2026-08-09,9.9,saut au redemarrage
ES,vwap_w_sd3d,2026-06-14,16.7,saut au redemarrage
ES,vwap_w_sd3d,2026-07-05,8.3,saut au redemarrage
ES,vwap_w_sd3d,2026-07-26,5.7,saut au redemarrage
ES,vwap_w_sd3d,2026-08-04,10.0,saut au redemarrage
ES,vwap_w_sd3d,2026-08-09,14.4,saut au redemarrage
ES,vwap_m,2026-06-16,30.1,saut au redemarrage
ES,vwap_m,2026-08-04,19.8,saut au redemarrage
ES,vwap_m,2026-08-06,33.0,saut au redemarrage
ES,vwap_m_sd1u,2026-06-16,30.6,saut au redemarrage
ES,vwap_m_sd1u,2026-08-04,17.9,saut au redemarrage
ES,vwap_m_sd1u,2026-08-06,60.8,saut au redemarrage
ES,vwap_m_sd1d,2026-06-16,39.1,saut au redemarrage
ES,vwap_m_sd1d,2026-08-04,27.8,saut au redemarrage
ES,vwap_m_sd1d,2026-08-06,18.5,saut au redemarrage
ES,vwap_m_sd1d,2026-08-07,6.2,saut au redemarrage
ES,vwap_m_sd2u,2026-06-14,6.3,saut au redemarrage
ES,vwap_m_sd2u,2026-06-16,26.7,saut au redemarrage
ES,vwap_m_sd2u,2026-06-21,8.2,saut au redemarrage
ES,vwap_m_sd2u,2026-08-04,12.7,saut au redemarrage
ES,vwap_m_sd2u,2026-08-06,91.1,saut au redemarrage
ES,vwap_m_sd2d,2026-06-16,34.6,saut au redemarrage
ES,vwap_m_sd2d,2026-07-05,5.7,saut au redemarrage
ES,vwap_m_sd2d,2026-08-04,25.7,saut au redemarrage
ES,vwap_m_sd2d,2026-08-07,6.5,saut au redemarrage
ES,vwap_m_sd3u,2026-06-14,5.6,saut au redemarrage
ES,vwap_m_sd3u,2026-06-16,12.7,saut au redemarrage
ES,vwap_m_sd3u,2026-06-21,8.0,saut au redemarrage
ES,vwap_m_sd3u,2026-07-05,5.5,saut au redemarrage
ES,vwap_m_sd3u,2026-08-06,75.8,saut au redemarrage
ES,vwap_m_sd3d,2026-06-16,28.1,saut au redemarrage
ES,vwap_m_sd3d,2026-07-05,5.6,saut au redemarrage
ES,vwap_m_sd3d,2026-08-04,21.8,saut au redemarrage
ES,vwap_m_sd3d,2026-08-06,9.5,saut au redemarrage
ES,vwap_m_sd3d,2026-08-07,5.9,saut au redemarrage
ES,pvwap,2026-06-16,9.2,saut au redemarrage
ES,pvwap,2026-08-04,6.8,saut au redemarrage
ES,pvwap,2026-08-06,5.6,saut au redemarrage
ES,pvwap_sd1u,2026-06-16,8.8,saut au redemarrage
ES,pvwap_sd1u,2026-08-04,6.8,saut au redemarrage
ES,pvwap_sd1u,2026-08-06,6.0,saut au redemarrage
ES,pvwap_sd1d,2026-06-16,9.1,saut au redemarrage
ES,pvwap_sd1d,2026-08-04,6.7,saut au redemarrage
ES,pvwap_sd1d,2026-08-06,5.1,saut au redemarrage
ES,pdh,2026-06-14,5.2,saut au redemarrage
ES,pdh,2026-06-16,10.4,saut au redemarrage
ES,pdh,2026-06-28,5.7,saut au redemarrage
ES,pdh,2026-08-04,9.6,saut au redemarrage
ES,pdh,2026-08-06,12.6,saut au redemarrage
ES,pdl,2026-06-14,6.9,saut au redemarrage
ES,pdl,2026-06-16,5.6,saut au redemarrage
ES,pdl,2026-08-04,8.2,saut au redemarrage
ES,pdl,2026-08-06,8.3,saut au redemarrage
ES,cash_high,2026-06-14,5.6,saut au redemarrage
ES,cash_high,2026-06-16,5.7,saut au redemarrage
ES,cash_high,2026-08-04,6.7,saut au redemarrage
ES,cash_high,2026-08-06,6.2,saut au redemarrage
ES,cash_low,2026-06-14,8.9,saut au redemarrage
ES,cash_low,2026-06-16,5.4,saut au redemarrage
ES,cash_low,2026-08-04,6.8,saut au redemarrage
ES,cash_low,2026-08-06,5.5,saut au redemarrage
ES,open_cash_lvl,2026-06-14,8.1,saut au redemarrage
ES,open_cash_lvl,2026-06-16,7.5,saut au redemarrage
ES,open_cash_lvl,2026-08-04,7.9,saut au redemarrage
ES,open_cash_lvl,2026-08-06,7.2,saut au redemarrage
ES,open_830_lvl,2026-08-04,5.4,saut au redemarrage
ES,cur_vpoc_lvl,2026-08-04,6.0,saut au redemarrage
ES,cur_vpoc_lvl,2026-08-06,5.3,saut au redemarrage
ES,cur_vah_lvl,2026-08-04,5.3,saut au redemarrage
ES,cur_vah_lvl,2026-08-06,5.6,saut au redemarrage
ES,cur_val_lvl,2026-06-14,5.3,saut au redemarrage
ES,cur_val_lvl,2026-08-04,6.4,saut au redemarrage
ES,cur_val_lvl,2026-08-06,5.2,saut au redemarrage
ES,prev_vpoc_lvl,2026-06-14,6.6,saut au redemarrage
ES,prev_vpoc_lvl,2026-06-16,14.2,saut au redemarrage
ES,prev_vpoc_lvl,2026-07-26,6.5,saut au redemarrage
ES,prev_vpoc_lvl,2026-08-04,11.2,saut au redemarrage
ES,prev_vpoc_lvl,2026-08-06,10.3,saut au redemarrage
ES,prev_vah_lvl,2026-06-14,6.1,saut au redemarrage
ES,prev_vah_lvl,2026-06-16,9.8,saut au redemarrage
ES,prev_vah_lvl,2026-08-04,8.0,saut au redemarrage
ES,prev_vah_lvl,2026-08-06,8.8,saut au redemarrage
ES,prev_val_lvl,2026-06-16,11.3,saut au redemarrage
ES,prev_val_lvl,2026-08-04,9.0,saut au redemarrage
ES,prev_val_lvl,2026-08-06,9.9,saut au redemarrage
ES,bar_upper_wick_pct,2026-06-14,247.5,saut au redemarrage
ES,bar_upper_wick_pct,2026-06-28,34.0,saut au redemarrage
ES,bar_upper_wick_pct,2026-07-05,33.0,saut au redemarrage
ES,bar_upper_wick_pct,2026-07-17,33.0,saut au redemarrage
ES,bar_upper_wick_pct,2026-07-26,34.0,saut au redemarrage
ES,bar_upper_wick_pct,2026-08-09,32.0,saut au redemarrage
ES,bar_upper_wick_pct,2026-08-11,32.0,saut au redemarrage
ES,bar_upper_wick_pct,2026-08-16,32.0,saut au redemarrage
ES,bar_lower_wick_pct,2026-06-14,280.0,saut au redemarrage
ES,bar_lower_wick_pct,2026-06-21,33.0,saut au redemarrage
ES,bar_lower_wick_pct,2026-06-28,34.0,saut au redemarrage
ES,bar_lower_wick_pct,2026-07-05,33.0,saut au redemarrage
ES,bar_lower_wick_pct,2026-07-17,33.0,saut au redemarrage
ES,bar_lower_wick_pct,2026-07-26,34.0,saut au redemarrage
ES,bar_lower_wick_pct,2026-08-04,33.0,saut au redemarrage
ES,bar_lower_wick_pct,2026-08-16,32.0,saut au redemarrage
ES,range_size,2026-06-14,39.0,saut au redemarrage
ES,mins_since_news,2026-06-14,142.0,saut au redemarrage
ES,mins_since_news,2026-06-16,18.7,saut au redemarrage
ES,mins_since_news,2026-06-21,155.0,saut au redemarrage
ES,mins_since_news,2026-06-28,195.0,saut au redemarrage
ES,mins_since_news,2026-07-05,156.0,saut au redemarrage
ES,mins_since_news,2026-07-17,39.0,saut au redemarrage
ES,mins_since_news,2026-07-26,195.3,saut au redemarrage
ES,mins_since_news,2026-08-04,40.0,saut au redemarrage
ES,mins_since_news,2026-08-07,39.7,saut au redemarrage
ES,mins_since_news,2026-08-09,195.0,saut au redemarrage
ES,mins_since_news,2026-08-11,156.0,saut au redemarrage
ES,mins_since_news,2026-08-16,195.3,saut au redemarrage
ES,mins_et,2026-06-14,121.7,saut au redemarrage
ES,mins_et,2026-06-16,16.6,saut au redemarrage
ES,mins_et,2026-06-21,258.3,saut au redemarrage
ES,mins_et,2026-06-28,291.4,saut au redemarrage
ES,mins_et,2026-07-05,257.4,saut au redemarrage
ES,mins_et,2026-07-17,34.0,saut au redemarrage
ES,mins_et,2026-07-26,292.0,saut au redemarrage
ES,mins_et,2026-08-04,34.9,saut au redemarrage
ES,mins_et,2026-08-07,34.3,saut au redemarrage
ES,mins_et,2026-08-09,291.4,saut au redemarrage
ES,mins_et,2026-08-11,257.4,saut au redemarrage
ES,mins_et,2026-08-16,292.0,saut au redemarrage
ES,dist_pdh_pct,2026-06-28,7.7,saut au redemarrage
ES,dist_pdh_pct,2026-07-26,5.4,saut au redemarrage
ES,cvd_session,2026-06-14,7.9,saut au redemarrage
ES,volume,2026-06-14,9.7,saut au redemarrage
ES,ctx_poc_migration_10,2026-06-21,7.6,saut au redemarrage
ES,bars_since_last_swing_low,2026-08-07,7.5,saut au redemarrage
ES,bars_since_last_swing_low,2026-08-09,8.6,saut au redemarrage
ES,dist_pdh_atr,2026-06-14,5.3,saut au redemarrage
ES,dist_pdl_atr,2026-06-14,17.5,saut au redemarrage
ES,dist_cash_low_atr,2026-08-06,5.5,saut au redemarrage
ES,open_830_et,2026-06-14,7.8,saut au redemarrage
ES,open_830_et,2026-06-16,5.5,saut au redemarrage
ES,open_830_et,2026-08-04,6.5,saut au redemarrage
ES,open_830_et,2026-08-06,5.3,saut au redemarrage
ES,ovn_high,2026-06-14,6.6,saut au redemarrage
ES,ovn_high,2026-08-04,5.4,saut au redemarrage
ES,ovn_low,2026-06-14,8.6,saut au redemarrage
ES,ovn_low,2026-06-16,5.5,saut au redemarrage
ES,ovn_low,2026-08-04,6.8,saut au redemarrage
ES,ovn_low,2026-08-06,5.1,saut au redemarrage
ES,asia_high,2026-08-04,5.4,saut au redemarrage
ES,asia_low,2026-06-16,5.3,saut au redemarrage
ES,asia_low,2026-08-04,6.6,saut au redemarrage
ES,us_high,2026-08-04,9.7,saut au redemarrage
ES,us_low,2026-08-04,9.5,saut au redemarrage
ES,after_high,2026-08-04,7.0,saut au redemarrage
ES,after_low,2026-08-04,5.8,saut au redemarrage
ES,asia_open,2026-06-16,5.5,saut au redemarrage
ES,asia_open,2026-08-04,6.5,saut au redemarrage
ES,asia_open,2026-08-06,5.3,saut au redemarrage
ES,london_open,2026-08-04,5.4,saut au redemarrage
ES,after_open,2026-08-04,5.8,saut au redemarrage
ES,dist_asia_high_pct,2026-06-28,5.4,saut au redemarrage
ES,dist_us_low_pct,2026-08-06,6.4,saut au redemarrage
ES,days_since_roll,2026-06-21,87.0,saut au redemarrage
ES,dist_delta_div_buy_nearest_atr,2026-07-26,10.8,saut au redemarrage
ES,dist_delta_div_sell_nearest_atr,2026-06-28,17.3,saut au redemarrage
ES,ctx_vol_z_20,2026-06-21,5.3,saut au redemarrage
ES,ctx_vol_z_20,2026-06-28,10.9,saut au redemarrage
ES,ctx_vol_z_20,2026-07-05,6.4,saut au redemarrage
ES,ctx_vol_z_20,2026-07-26,9.5,saut au redemarrage
ES,ctx_vol_z_20,2026-08-09,8.1,saut au redemarrage
ES,ctx_vol_z_20,2026-08-11,6.9,saut au redemarrage
ES,ctx_vol_z_20,2026-08-16,6.9,saut au redemarrage
ES,ctx_dist_vwap_velocity,2026-06-21,13.0,saut au redemarrage
ES,ctx_dist_vwap_velocity,2026-06-28,7.0,saut au redemarrage
ES,ctx_dist_vwap_velocity,2026-07-17,18.0,saut au redemarrage
ES,ctx_rvol_session,2026-08-16,5.1,saut au redemarrage
ES,n_long_dn_zones_active,2026-06-21,8.0,saut au redemarrage
ES,n_long_dn_zones_active,2026-06-28,18.0,saut au redemarrage
ES,n_long_dn_zones_active,2026-07-17,10.0,saut au redemarrage
ES,n_color_dn_zones_active,2026-06-28,15.0,saut au redemarrage
ES,n_color_dn_zones_active,2026-07-17,6.0,saut au redemarrage
ES,ctx_cvd_session,2026-06-14,24.4,saut au redemarrage
ES,ctx_delta_sum_10,2026-06-14,8.8,saut au redemarrage
ES,ctx_vol_z_5,2026-06-21,5.7,saut au redemarrage
ES,ctx_vol_z_5,2026-07-05,5.2,saut au redemarrage
ES,ctx_vol_z_5,2026-07-26,6.3,saut au redemarrage
ES,ctx_vol_z_5,2026-08-09,7.7,saut au redemarrage
ES,ctx_vol_z_5,2026-08-11,7.3,saut au redemarrage
ES,ctx_vol_z_5,2026-08-16,9.2,saut au redemarrage
ES,ctx_mq_put_call_ratio,2026-06-14,5.6,saut au redemarrage
ES,ctx_mq_put_call_ratio,2026-06-16,6.2,saut au redemarrage
ES,ctx_mq_put_call_ratio,2026-07-05,5.3,saut au redemarrage
ES,ctx_mq_put_call_ratio,2026-08-04,15.5,saut au redemarrage
ES,ctx_mq_put_call_ratio,2026-08-07,8.5,saut au redemarrage
ES,ctx_mq_put_call_ratio,2026-08-09,21.4,saut au redemarrage
ES,ctx_mq_put_call_ratio,2026-08-11,5.4,saut au redemarrage
ES,ctx_mq_put_call_ratio,2026-08-16,63.8,saut au redemarrage
ES,ctx_va_width,2026-06-21,8.0,saut au redemarrage
ES,ctx_va_width,2026-07-17,9.2,saut au redemarrage
ES,ctx_trend_day_score,2026-06-14,9.0,saut au redemarrage
ES,div_at_key_level_ticks,2026-07-26,6.0,saut au redemarrage
ES,n_big_ask_v2_t2,2026-06-14,10.0,saut au redemarrage
ES,n_big_bid_v2_t2,2026-06-14,7.5,saut au redemarrage
ES,max_big_ask_vol_in_bar,2026-06-14,9.4,saut au redemarrage
ES,max_big_bid_vol_in_bar,2026-06-14,32.8,saut au redemarrage
ES,prev_vah,2026-06-14,6.6,saut au redemarrage
ES,prev_vah,2026-06-16,10.6,saut au redemarrage
ES,prev_vah,2026-08-04,7.7,saut au redemarrage
ES,prev_vah,2026-08-06,7.4,saut au redemarrage
ES,prev_val,2026-06-16,8.4,saut au redemarrage
ES,prev_val,2026-08-04,6.3,saut au redemarrage
ES,prev_vpoc,2026-06-16,9.1,saut au redemarrage
ES,prev_vpoc,2026-08-04,6.4,saut au redemarrage
ES,prev_vpoc,2026-08-06,5.7,saut au redemarrage
ES,cur_vah,2026-08-04,5.3,saut au redemarrage
ES,cur_vah,2026-08-06,5.6,saut au redemarrage
ES,cur_val,2026-06-14,5.3,saut au redemarrage
ES,cur_val,2026-08-04,6.4,saut au redemarrage
ES,cur_val,2026-08-06,5.2,saut au redemarrage
ES,cur_vpoc,2026-08-04,6.0,saut au redemarrage
ES,cur_vpoc,2026-08-06,5.3,saut au redemarrage
ES,open_830,2026-08-04,5.4,saut au redemarrage
ES,sess_low,2026-06-14,9.5,saut au redemarrage
ES,sess_low,2026-06-16,5.5,saut au redemarrage
ES,sess_low,2026-08-04,6.8,saut au redemarrage
ES,sess_low,2026-08-06,5.1,saut au redemarrage
ES,ib_low,2026-08-04,8.7,saut au redemarrage
ES,dist_cash_low_pct,2026-08-06,5.5,saut au redemarrage
ES,open_cash,2026-08-04,6.9,saut au redemarrage
ES,ib_high,2026-08-04,6.4,saut au redemarrage
ES,price_1030,2026-08-04,10.2,saut au redemarrage
ES,sess_high,2026-08-04,5.4,saut au redemarrage
ES,im_cross_delta_weighted_5,2026-06-14,11.9,saut au redemarrage
ES,im_price_ratio_slope_10,2026-06-21,8.5,saut au redemarrage
ES,im_price_ratio_slope_10,2026-06-28,8.0,saut au redemarrage
ES,im_volume_lead,2026-07-26,5.5,saut au redemarrage
ES,im_ltr_slope_diff,2026-08-09,5.2,saut au redemarrage
ES,im_ltr_slope_diff,2026-08-16,11.5,saut au redemarrage
ES,bars_since_boot,2026-06-28,5.4,saut au redemarrage
ES,bars_since_boot,2026-07-17,8.1,saut au redemarrage
ES,profile_overlap_pct,2026-06-16,5.6,saut au redemarrage
ES,profile_overlap_pct,2026-06-28,18.6,saut au redemarrage
ES,profile_overlap_pct,2026-08-09,18.6,saut au redemarrage
ES,profile_overlap_pct,2026-08-11,18.6,saut au redemarrage
ES,profile_overlap_pct,2026-08-16,15.9,saut au redemarrage
ES,composite_poc_5d,2026-07-22,6.0,saut au redemarrage
ES,composite_poc_5d,2026-07-26,5.4,saut au redemarrage
ES,composite_poc_5d,2026-08-04,15.5,saut au redemarrage
ES,composite_poc_5d,2026-08-06,13.3,saut au redemarrage
ES,composite_poc_20d,2026-06-28,6.8,saut au redemarrage
ES,composite_poc_20d,2026-07-22,6.0,saut au redemarrage
ES,composite_poc_20d,2026-07-26,5.4,saut au redemarrage
ES,composite_poc_20d,2026-08-04,15.5,saut au redemarrage
ES,composite_poc_20d,2026-08-06,13.3,saut au redemarrage
ES,dist_composite_poc_5d_atr,2026-07-26,5.7,saut au redemarrage
ES,dist_composite_poc_20d_atr,2026-07-17,5.2,saut au redemarrage
ES,dist_composite_poc_20d_atr,2026-07-26,7.0,saut au redemarrage
ES,dist_pdh,2026-06-28,7.1,saut au redemarrage
NQ,cvd_day,2026-06-13,,ne repartait pas de zero a chaque session (fix 56b1f56 le 18/06)
NQ,cvd_day,2026-06-14,,ne repartait pas de zero a chaque session (fix 56b1f56 le 18/06)
NQ,cvd_day,2026-06-15,,ne repartait pas de zero a chaque session (fix 56b1f56 le 18/06)
NQ,cvd_day,2026-06-16,,ne repartait pas de zero a chaque session (fix 56b1f56 le 18/06)
NQ,cvd_day,2026-06-17,,ne repartait pas de zero a chaque session (fix 56b1f56 le 18/06)
NQ,cvd_day,2026-06-18,,ne repartait pas de zero a chaque session (fix 56b1f56 le 18/06)
ES,cvd_day,2026-06-13,,ne repartait pas de zero a chaque session (fix 56b1f56 le 18/06)
ES,cvd_day,2026-06-14,,ne repartait pas de zero a chaque session (fix 56b1f56 le 18/06)
ES,cvd_day,2026-06-15,,ne repartait pas de zero a chaque session (fix 56b1f56 le 18/06)
ES,cvd_day,2026-06-16,,ne repartait pas de zero a chaque session (fix 56b1f56 le 18/06)
ES,cvd_day,2026-06-17,,ne repartait pas de zero a chaque session (fix 56b1f56 le 18/06)
ES,cvd_day,2026-06-18,,ne repartait pas de zero a chaque session (fix 56b1f56 le 18/06)
NQ,delta_day,2026-06-13,,"alias de cvd_day, meme defaut"
NQ,delta_day,2026-06-14,,"alias de cvd_day, meme defaut"
NQ,delta_day,2026-06-15,,"alias de cvd_day, meme defaut"
NQ,delta_day,2026-06-16,,"alias de cvd_day, meme defaut"
NQ,delta_day,2026-06-17,,"alias de cvd_day, meme defaut"
NQ,delta_day,2026-06-18,,"alias de cvd_day, meme defaut"
ES,delta_day,2026-06-13,,"alias de cvd_day, meme defaut"
ES,delta_day,2026-06-14,,"alias de cvd_day, meme defaut"
ES,delta_day,2026-06-15,,"alias de cvd_day, meme defaut"
ES,delta_day,2026-06-16,,"alias de cvd_day, meme defaut"
ES,delta_day,2026-06-17,,"alias de cvd_day, meme defaut"
ES,delta_day,2026-06-18,,"alias de cvd_day, meme defaut"
