n,nan_pct,unique,min,max,mean,std,p99,p1,verdict,feature,category,day,fires,fire_rate_pct,sample
390,0.0,99.0,7178.75,7210.0,7196.5949,7.8011,7208.75,7180.6675,OK,price,OHLCV_PRIMITIVES,ES_27,,,
390,0.0,100.0,7180.5,7211.25,7197.4635,7.5508,7209.3325,7181.89,OK,bar_high,OHLCV_PRIMITIVES,ES_27,,,
390,0.0,110.0,7177.0,7208.75,7195.6006,8.0678,7208.0,7179.39,OK,bar_low,OHLCV_PRIMITIVES,ES_27,,,
390,0.0,362.0,557.0,48402.0,2071.5615,2770.609,8350.28,604.57,OK,total_vol,OHLCV_PRIMITIVES,ES_27,,,
390,0.0,347.0,246.0,25539.0,1044.0513,1453.923,4253.91,290.68,OK,buy_vol,OHLCV_PRIMITIVES,ES_27,,,
390,0.0,336.0,275.0,22863.0,1027.5103,1332.6586,4065.69,306.78,OK,sell_vol,OHLCV_PRIMITIVES,ES_27,,,
390,0.0,307.0,-2162.0,2676.0,16.541,321.6647,995.75,-714.66,OK,delta_bar,DELTA_VOLUME_PROFILE,ES_27,,,
390,0.0,370.0,-0.3632,0.3702,0.0076,0.1106,0.2627,-0.2129,OK,delta_bar_vol_norm,DELTA_VOLUME_PROFILE,ES_27,,,
390,0.0,379.0,-5480.0,13358.0,662.1897,3893.2368,9259.8,-5328.53,OK,delta_day,DELTA_VOLUME_PROFILE,ES_27,,,
390,0.0,2.0,-1.0,1.0,0.0872,0.9975,1.0,-1.0,OK,delta_day_dir,DELTA_VOLUME_PROFILE,ES_27,212.0,54.36,
390,0.0,348.0,0.3184,0.6851,0.5038,0.0553,0.6314,0.3936,OK,ask_pct,DELTA_VOLUME_PROFILE,ES_27,,,
390,0.0,348.0,0.3149,0.6816,0.4962,0.0553,0.6064,0.3686,OK,bid_pct,DELTA_VOLUME_PROFILE,ES_27,,,
390,0.0,370.0,-0.3632,0.3702,0.0076,0.1106,0.2627,-0.2129,OK,ask_bid_imbalance,DELTA_VOLUME_PROFILE,ES_27,,,
390,0.0,348.0,0.3184,0.6851,0.5038,0.0553,0.6314,0.3936,OK,buy_sell_ratio,DELTA_VOLUME_PROFILE,ES_27,,,
390,0.0,370.0,-0.3632,0.3702,0.0076,0.1106,0.2627,-0.2129,OK,delta_pct,DELTA_VOLUME_PROFILE,ES_27,,,
390,0.0,351.0,458.0,17460.0,1532.7256,1365.0927,6259.49,487.9,OK,ticks_count,DELTA_VOLUME_PROFILE,ES_27,,,
390,0.0,131.0,0.0,1.0,0.7814,0.313,1.0,0.0,OK,finish_delta_pct,DELTA_VOLUME_PROFILE,ES_27,,,
390,0.0,103.0,-49.0,482.0,32.8128,50.2812,225.21,-10.0,OK,high_pullback_delta,DELTA_VOLUME_PROFILE,ES_27,,,
390,0.0,107.0,-78.0,218.0,25.1667,31.8273,135.39,-26.0,OK,low_pullback_delta,DELTA_VOLUME_PROFILE,ES_27,,,
390,0.0,257.0,7.0,4447.0,290.7077,312.9911,1168.97,35.0,OK,diag_pos_delta,DELTA_VOLUME_PROFILE,ES_27,,,
390,0.0,269.0,0.0,2215.0,273.4385,229.7914,1187.65,17.45,OK,diag_neg_delta,DELTA_VOLUME_PROFILE,ES_27,,,
390,0.0,385.0,-0.9533,1.0,0.0132,0.3665,0.8888,-0.7399,OK,diag_imbalance,DELTA_VOLUME_PROFILE,ES_27,,,
390,0.0,143.0,0.1111,1.0,0.8742,0.1935,1.0,0.203,OK,low_bid_vol_pct,DELTA_VOLUME_PROFILE,ES_27,,,
390,0.0,139.0,0.0,1.0,0.8854,0.1751,1.0,0.2877,OK,high_ask_vol_pct,DELTA_VOLUME_PROFILE,ES_27,,,
390,0.0,374.0,76.5,4033.5,238.1208,215.9259,553.7688,112.1866,OK,avg_trade_size,DELTA_VOLUME_PROFILE,ES_27,,,
390,0.0,360.0,35.875,2078.4546,129.1631,111.6777,310.1775,59.5203,OK,avg_bid_size,DELTA_VOLUME_PROFILE,ES_27,,,
390,0.0,362.0,40.625,2321.7273,133.1847,125.3996,352.9914,53.6541,OK,avg_ask_size,DELTA_VOLUME_PROFILE,ES_27,,,
390,0.0,385.0,0.4982,2.1758,1.0459,0.2608,1.9091,0.6071,OK,large_trader_ratio,DELTA_VOLUME_PROFILE,ES_27,,,
390,0.0,377.0,9.2833,806.7,34.6789,46.1453,139.1713,10.1927,OK,vol_per_sec,DELTA_VOLUME_PROFILE,ES_27,,,
390,0.0,7.0,53.0,60.0,59.5718,0.8136,60.0,56.89,OK,bar_duration_sec,DELTA_VOLUME_PROFILE,ES_27,,,
390,0.0,307.0,-2162.0,2676.0,16.541,321.6647,995.75,-714.66,OK,cvd_bar_delta,DELTA_VOLUME_PROFILE,ES_27,,,
390,0.0,379.0,-11771.0,10136.0,-987.1026,2950.9793,6037.8,-6083.35,OK,cvd_day,DELTA_VOLUME_PROFILE,ES_27,,,
390,0.0,2.0,-1.0,1.0,-0.1231,0.9937,1.0,-1.0,OK,cvd_day_dir,DELTA_VOLUME_PROFILE,ES_27,171.0,43.85,
390,0.0,61.0,31.0,14607.0,7403.2154,3243.8828,11537.0,380.0,OK,cvd_ohlc_range,DELTA_VOLUME_PROFILE,ES_27,,,
390,0.0,2.0,0.0,1.0,0.0897,0.2862,1.0,0.0,OK,rotation_up,DELTA_VOLUME_PROFILE,ES_27,35.0,8.97,
390,0.0,2.0,0.0,1.0,0.0846,0.2787,1.0,0.0,OK,rotation_dn,DELTA_VOLUME_PROFILE,ES_27,33.0,8.46,
390,0.0,32.0,-4.0,9.25,0.0615,1.3807,4.0825,-3.25,OK,rotation_zz_osc,DELTA_VOLUME_PROFILE,ES_27,,,
390,0.0,1.0,0.0,0.0,0.0,0.0,0.0,0.0,CONSTANT,delta_divergence,DELTA_VOLUME_PROFILE,ES_27,0.0,0.0,
390,0.0,386.0,-30.5352,45.2969,-5.3326,15.2317,37.3365,-29.5444,OK,dist_vwap_d,VWAP_SD,ES_27,,,
390,0.0,375.0,-0.3429,0.5086,-0.0599,0.171,0.4193,-0.3317,OK,dist_vwap_d_atr,VWAP_SD,ES_27,,,
390,0.0,384.0,-13.1582,67.752,10.9366,17.4779,59.3717,-10.4308,OK,dist_vwap_d_sd1u,VWAP_SD,ES_27,,,
390,0.0,377.0,-58.0352,22.8418,-21.6019,15.3064,15.3012,-49.8613,OK,dist_vwap_d_sd1d,VWAP_SD,ES_27,,,
390,0.0,389.0,0.4258,90.2051,27.2058,21.3237,81.405,1.0036,OK,dist_vwap_d_sd2u,VWAP_SD,ES_27,,,
390,0.0,389.0,-86.957,0.3887,-37.8711,17.6725,-1.4807,-74.1143,OK,dist_vwap_d_sd2d,VWAP_SD,ES_27,,,
390,0.0,386.0,1.0586,112.6602,43.4751,26.0706,103.3822,2.4084,OK,dist_vwap_d_sd3u,VWAP_SD,ES_27,,,
390,0.0,387.0,-115.8789,-0.5625,-54.1404,21.5893,-3.0667,-101.5402,OK,dist_vwap_d_sd3d,VWAP_SD,ES_27,,,
390,0.0,388.0,-65.8535,45.7246,-22.3081,28.1443,37.7987,-61.8284,OK,dist_vwap_w,VWAP_SD,ES_27,,,
390,0.0,384.0,-0.738,0.5135,-0.2505,0.316,0.4245,-0.6942,OK,dist_vwap_w_atr,VWAP_SD,ES_27,,,
390,0.0,388.0,-1182.5703,-1072.9277,-1140.3563,25.9483,-1080.5073,-1177.4412,OK,dist_vwap_m,VWAP_SD,ES_27,,,
390,0.0,1.0,-5.0,-5.0,-5.0,0.0,-5.0,-5.0,CONSTANT,dist_vwap_m_atr,VWAP_SD,ES_27,0.0,0.0,
390,0.0,2.0,-1.0,1.0,0.3795,0.9264,1.0,-1.0,OK,vwap_d_side,VWAP_SD,ES_27,269.0,68.97,
390,0.0,2.0,-1.0,1.0,0.4821,0.8773,1.0,-1.0,OK,vwap_w_side,VWAP_SD,ES_27,289.0,74.1,
390,0.0,1.0,1.0,1.0,1.0,0.0,1.0,1.0,CONSTANT,vwap_m_side,VWAP_SD,ES_27,390.0,100.0,
390,0.0,375.0,-0.401,3.3991,0.4482,0.8871,3.3456,-0.3913,OK,vwap_slope_10,VWAP_SD,ES_27,,,
390,0.0,363.0,-0.1483,1.2873,0.4255,0.5569,1.2776,-0.1479,OK,vwap_slope_30,VWAP_SD,ES_27,,,
390,0.0,2.0,-1.0,1.0,0.4359,0.9012,1.0,-1.0,OK,vwap_slope_10_dir,VWAP_SD,ES_27,280.0,71.79,
390,0.0,2.0,0.0,1.0,0.6897,0.4632,1.0,0.0,OK,vwap_ma_align,VWAP_SD,ES_27,269.0,68.97,
390,0.0,2.0,0.0,1.0,0.6846,0.4653,1.0,0.0,OK,vwap_triple_align,VWAP_SD,ES_27,267.0,68.46,
390,0.0,108.0,-199.9316,-17.9277,-116.7708,59.469,-23.9277,-196.9316,OK,dist_prev_vwap,VWAP_SD,ES_27,,,
390,0.0,108.0,-97.8633,4.5586,-51.4327,23.8596,-1.4414,-94.8633,OK,dist_prev_vwap_sd1u,VWAP_SD,ES_27,,,
390,0.0,108.0,-303.293,-40.5898,-182.8864,98.8346,-46.5898,-300.293,OK,dist_prev_vwap_sd1d,VWAP_SD,ES_27,,,
390,0.0,99.0,-46.0,79.0,7.3026,31.0925,71.33,-41.0,OK,dist_ib_high,IB,ES_27,,,
390,0.0,100.0,-119.0,6.0,-64.8564,31.5172,-1.67,-114.0,OK,dist_ib_low,IB,ES_27,,,
390,0.0,9.0,22.0,73.0,72.159,4.4526,73.0,50.0,OK,ib_range_ticks,IB,ES_27,,,
390,0.0,12.0,0.247,0.8197,0.8102,0.05,0.8197,0.5615,OK,ib_range_atr,IB,ES_27,,,
390,0.0,2.0,0.0,1.0,0.0026,0.0506,0.0,0.0,OK,ib_is_narrow,IB,ES_27,1.0,0.26,
390,0.0,2.0,0.0,1.0,0.9564,0.2044,1.0,0.0,OK,ib_is_wide,IB,ES_27,373.0,95.64,
390,56.67,59.0,0.0274,1.0,0.5958,0.2704,0.9633,0.1063,HIGH_NAN,ib_position_pct,IB,ES_27,,,
390,0.0,2.0,0.0,1.0,0.4,0.4905,1.0,0.0,OK,ib_broken_up,IB,ES_27,156.0,40.0,
390,0.0,2.0,0.0,1.0,0.0103,0.1009,0.11,0.0,OK,ib_broken_down,IB,ES_27,4.0,1.03,
390,0.0,2.0,0.0,1.0,0.8436,0.3637,1.0,0.0,OK,ib_complete,IB,ES_27,329.0,84.36,
390,0.0,2.0,0.0,1.0,0.5897,0.4925,1.0,0.0,OK,bool_ib_inside,IB,ES_27,230.0,58.97,
390,0.0,69.0,-42.0,44.0,-1.9103,14.3693,36.33,-36.0,OK,dist_cur_vpoc,PROFILE_VPOC,ES_27,,,
390,0.0,72.0,-24.0,69.0,13.841,16.8111,61.33,-15.0,OK,dist_cur_vah,PROFILE_VPOC,ES_27,,,
390,0.0,68.0,-54.0,25.0,-20.2051,15.3552,17.33,-48.11,OK,dist_cur_val,PROFILE_VPOC,ES_27,,,
390,0.0,387.0,-30.5352,45.2988,-5.3325,15.2318,37.3365,-29.5444,OK,dist_cur_vwap_vp,PROFILE_VPOC,ES_27,,,
390,24.36,175.0,0.0,1.0,0.6284,0.2758,1.0,0.0,OK,va_position_pct,PROFILE_VPOC,ES_27,,,
390,0.0,2.0,0.0,1.0,0.7564,0.4298,1.0,0.0,OK,inside_cur_va,PROFILE_VPOC,ES_27,295.0,75.64,
390,0.0,21.0,0.0,20.0,11.9821,8.0252,20.0,0.0,OK,vah_touches_20b,PROFILE_VPOC,ES_27,,,
390,0.0,21.0,0.0,20.0,6.6179,6.3844,20.0,0.0,OK,val_touches_20b,PROFILE_VPOC,ES_27,,,
390,0.0,105.0,0.0,129.0,22.2846,27.91,102.86,0.0,OK,bars_in_va,PROFILE_VPOC,ES_27,,,
390,0.0,13.0,0.0,17.0,1.8179,2.1879,8.11,0.0,OK,poc_bar_dist,PROFILE_VPOC,ES_27,,,
390,0.0,108.0,-225.0,-2.0,-122.9179,79.3523,-8.0,-222.0,OK,dist_prev_vpoc,PROFILE_VPOC,ES_27,,,
390,0.0,112.0,-2.5266,-0.0225,-1.3802,0.8911,-0.0898,-2.4929,OK,dist_prev_vpoc_atr,PROFILE_VPOC,ES_27,,,
390,0.0,102.0,-112.0,10.0,-56.5333,31.7264,4.0,-109.0,OK,dist_prev_vah,PROFILE_VPOC,ES_27,,,
390,0.0,108.0,-334.0,-34.0,-196.3795,117.2387,-40.0,-331.0,OK,dist_prev_val,PROFILE_VPOC,ES_27,,,
390,0.0,2.0,0.0,1.0,0.0385,0.1926,1.0,0.0,OK,inside_prev_va,PROFILE_VPOC,ES_27,15.0,3.85,
390,0.0,1.0,0.0,0.0,0.0,0.0,0.0,0.0,CONSTANT,open_in_prev_va,PROFILE_VPOC,ES_27,0.0,0.0,
390,0.0,99.0,-192.0,-67.0,-138.3795,31.2044,-74.67,-187.0,OK,dist_comp_20d_vpoc,PROFILE_VPOC,ES_27,,,
390,0.0,103.0,-2.1517,-0.7524,-1.5537,0.3502,-0.8385,-2.0952,OK,dist_comp_20d_vpoc_atr,PROFILE_VPOC,ES_27,,,
390,0.0,95.0,1.0,119.0,47.1103,31.5124,111.33,4.0,OK,dist_comp_20d_vah,PROFILE_VPOC,ES_27,,,
390,0.0,106.0,-2216.0,-1565.0,-1912.2179,291.2089,-1571.0,-2208.22,OK,dist_comp_20d_val,PROFILE_VPOC,ES_27,,,
390,0.0,390.0,-1288.9922,-1129.375,-1207.967,45.479,-1135.8458,-1278.8588,OK,dist_comp_20d_vwap,PROFILE_VPOC,ES_27,,,
390,0.0,99.0,-2324.0,-2199.0,-2270.3795,31.2044,-2206.67,-2319.0,OK,dist_comp_50d_vpoc,PROFILE_VPOC,ES_27,,,
390,0.0,1.0,-5.0,-5.0,-5.0,0.0,-5.0,-5.0,CONSTANT,dist_comp_50d_vpoc_atr,PROFILE_VPOC,ES_27,0.0,0.0,
390,0.0,99.0,-1284.0,-1159.0,-1230.3051,31.1229,-1166.67,-1279.0,OK,dist_comp_50d_vah,PROFILE_VPOC,ES_27,,,
390,0.0,138.0,-3391.0,-3180.0,-3283.3,58.2313,-3186.78,-3387.0,OK,dist_comp_50d_val,PROFILE_VPOC,ES_27,,,
390,0.0,389.0,-1695.8398,-1583.7773,-1651.8193,26.6948,-1591.3699,-1690.495,OK,dist_comp_50d_vwap,PROFILE_VPOC,ES_27,,,
390,0.0,1.0,1.0,1.0,1.0,0.0,1.0,1.0,CONSTANT,inside_comp_20d_va,PROFILE_VPOC,ES_27,390.0,100.0,
390,0.0,1.0,0.0,0.0,0.0,0.0,0.0,0.0,CONSTANT,inside_comp_50d_va,PROFILE_VPOC,ES_27,0.0,0.0,
390,0.0,1.0,0.0,0.0,0.0,0.0,0.0,0.0,CONSTANT,comp_vpoc_align_20_50,PROFILE_VPOC,ES_27,0.0,0.0,
390,0.0,1.0,0.0,0.0,0.0,0.0,0.0,0.0,CONSTANT,comp_vpoc_align_day_20,PROFILE_VPOC,ES_27,0.0,0.0,
390,0.0,4.0,0.0,3.0,1.8462,1.2427,3.0,0.0,OK,profile_shape,PROFILE_VPOC,ES_27,310.0,79.49,
390,0.0,77.0,-0.1264,0.3594,0.0841,0.1257,0.3594,-0.1264,OK,profile_skew,PROFILE_VPOC,ES_27,,,
390,0.0,20.0,0.3148,0.9444,0.5879,0.1389,0.9444,0.3148,OK,poc_position,PROFILE_VPOC,ES_27,,,
390,0.0,78.0,0.5806,4.3826,1.6552,1.0229,4.3826,0.5806,OK,volume_imbalance,PROFILE_VPOC,ES_27,,,
390,0.0,2.0,0.0,1.0,0.5,0.5006,1.0,0.0,OK,is_double_dist,PROFILE_VPOC,ES_27,195.0,50.0,
390,0.0,9.0,0.0,26.0,9.7949,10.0479,26.0,0.0,OK,poc_separation_ticks,PROFILE_VPOC,ES_27,,,
390,0.0,13.0,7190.0,7202.5,7193.9231,4.6373,7202.5,7190.0,OK,single_print_mid,PROFILE_VPOC,ES_27,,,
390,0.0,37.0,1.0,49.0,21.1282,16.5512,49.0,1.0,OK,single_print_count,PROFILE_VPOC,ES_27,,,
390,0.0,12.0,7187.5,7206.5,7195.9968,6.2267,7206.5,7187.5,OK,profile_hvn_dominant,PROFILE_VPOC,ES_27,,,
390,0.0,99.0,160.0,285.0,213.6205,31.2044,277.33,165.0,OK,dist_mq_call,MENTHORQ,ES_27,,,
390,0.0,99.0,-540.0,-415.0,-486.3795,31.2044,-422.67,-535.0,OK,dist_mq_put,MENTHORQ,ES_27,,,
390,0.0,99.0,-460.0,-335.0,-406.3795,31.2044,-342.67,-455.0,OK,dist_mq_hvl,MENTHORQ,ES_27,,,
390,0.0,99.0,-140.0,-15.0,-86.3795,31.2044,-22.67,-135.0,OK,dist_mq_call_0dte,MENTHORQ,ES_27,,,
390,0.0,99.0,-320.0,-195.0,-266.3795,31.2044,-202.67,-315.0,OK,dist_mq_put_0dte,MENTHORQ,ES_27,,,
390,0.0,99.0,-140.0,-15.0,-86.3795,31.2044,-22.67,-135.0,OK,dist_mq_hvl_0dte,MENTHORQ,ES_27,,,
390,0.0,88.0,4.0,98.0,53.3641,27.0729,96.11,8.89,OK,dist_gex_nearest_up,MENTHORQ,ES_27,,,
390,0.0,99.0,-196.0,-2.0,-106.8923,72.7605,-3.89,-191.11,OK,dist_gex_nearest_dn,MENTHORQ,ES_27,,,
390,0.0,2.0,0.0,1.0,0.659,0.4747,1.0,0.0,OK,gex_cluster_count,MENTHORQ,ES_27,257.0,65.9,
390,0.0,99.0,181.0,306.0,234.6205,31.2044,298.33,186.0,OK,dist_blind_nearest_up,MENTHORQ,ES_27,,,
390,0.0,99.0,-212.0,-87.0,-158.3795,31.2044,-94.67,-207.0,OK,dist_blind_nearest_dn,MENTHORQ,ES_27,,,
390,0.0,70.0,2.0,85.0,29.1436,17.5551,77.33,3.89,OK,next_wall_dist_ticks,MENTHORQ,ES_27,,,
390,0.0,2.0,0.0,1.0,0.6026,0.49,1.0,0.0,OK,next_wall_is_call,MENTHORQ,ES_27,235.0,60.26,
390,0.0,99.0,-340.0,-215.0,-286.3795,31.2044,-222.67,-335.0,OK,dist_1d_min_ticks,MENTHORQ,ES_27,,,
390,0.0,99.0,218.0,343.0,271.6205,31.2044,335.33,223.0,OK,dist_1d_max_ticks,MENTHORQ,ES_27,,,
390,0.0,1.0,1.0,1.0,1.0,0.0,1.0,1.0,CONSTANT,bool_above_mq_hvl,MENTHORQ,ES_27,390.0,100.0,
390,0.0,1.0,0.0,0.0,0.0,0.0,0.0,0.0,CONSTANT,bool_above_mq_call,MENTHORQ,ES_27,0.0,0.0,
390,0.0,1.0,1.0,1.0,1.0,0.0,1.0,1.0,CONSTANT,bool_gex_flip_zone,MENTHORQ,ES_27,390.0,100.0,
390,0.0,90.0,18.14,19.2,18.6041,0.2077,19.1511,18.14,OK,vix_level,VIX,ES_27,,,
390,0.0,90.0,2.3,3.36,2.8959,0.2077,3.36,2.3489,OK,dist_vix_hvl,VIX,ES_27,,,
390,0.0,1.0,1.0,1.0,1.0,0.0,1.0,1.0,CONSTANT,vix_regime,VIX,ES_27,390.0,100.0,
390,0.0,1.0,0.0,0.0,0.0,0.0,0.0,0.0,CONSTANT,vix_above_hvl,VIX,ES_27,0.0,0.0,
390,0.0,90.0,5.8,6.86,6.3959,0.2077,6.86,5.8489,OK,dist_vix_call,VIX,ES_27,,,
390,0.0,90.0,-1.2,-0.14,-0.6041,0.2077,-0.14,-1.1511,OK,dist_vix_put,VIX,ES_27,,,
390,100.0,,,,,,,,ALL_NAN,dist_vix_call_0dte,VIX,ES_27,,,
390,0.0,90.0,-2.2,-1.14,-1.6041,0.2077,-1.14,-2.1511,OK,dist_vix_put_0dte,VIX,ES_27,,,
390,0.0,90.0,2.3,3.36,2.8959,0.2077,3.36,2.3489,OK,dist_vix_hvl_0dte,VIX,ES_27,,,
390,0.0,1.0,0.0,0.0,0.0,0.0,0.0,0.0,CONSTANT,vix_above_hvl_0dte,VIX,ES_27,0.0,0.0,
390,0.0,62.0,0.01,0.99,0.3702,0.2022,0.9611,0.01,OK,dist_vix_gex_nearest_up,VIX,ES_27,,,
390,0.0,77.0,-1.0,-0.01,-0.299,0.3346,-0.01,-1.0,OK,dist_vix_gex_nearest_dn,VIX,ES_27,,,
390,0.0,2.0,0.0,1.0,0.0256,0.1583,1.0,0.0,OK,bn_color_up,BN_CRITICAL,ES_27,10.0,2.56,
390,0.0,2.0,0.0,1.0,0.0154,0.1232,1.0,0.0,OK,bn_color_dn,BN_CRITICAL,ES_27,6.0,1.54,
390,0.0,1.0,0.0,0.0,0.0,0.0,0.0,0.0,CONSTANT,bn_color_up_2,BN_CRITICAL,ES_27,0.0,0.0,
390,0.0,1.0,0.0,0.0,0.0,0.0,0.0,0.0,CONSTANT,bn_color_dn_2,BN_CRITICAL,ES_27,0.0,0.0,
390,0.0,2.0,0.0,1.0,0.0641,0.2453,1.0,0.0,OK,bn_absorb_ask,BN_CRITICAL,ES_27,25.0,6.41,
390,0.0,2.0,0.0,1.0,0.0846,0.2787,1.0,0.0,OK,bn_absorb_bid,BN_CRITICAL,ES_27,33.0,8.46,
390,0.0,2.0,0.0,1.0,0.0026,0.0506,0.0,0.0,OK,bn_long_up,BN_CRITICAL,ES_27,1.0,0.26,
390,0.0,2.0,0.0,1.0,0.0026,0.0506,0.0,0.0,OK,bn_long_dn,BN_CRITICAL,ES_27,1.0,0.26,
390,0.0,2.0,0.0,1.0,0.0026,0.0506,0.0,0.0,OK,bn_pressure_ask,BN_CRITICAL,ES_27,1.0,0.26,
390,0.0,2.0,0.0,1.0,0.0026,0.0506,0.0,0.0,OK,bn_pressure_bid,BN_CRITICAL,ES_27,1.0,0.26,
390,0.0,1.0,0.0,0.0,0.0,0.0,0.0,0.0,CONSTANT,bn_score_raw,BN_CRITICAL,ES_27,0.0,0.0,
390,0.0,1.0,0.0,0.0,0.0,0.0,0.0,0.0,CONSTANT,bn_score_bull,BN_CRITICAL,ES_27,0.0,0.0,
390,0.0,1.0,0.0,0.0,0.0,0.0,0.0,0.0,CONSTANT,bn_score_bear,BN_CRITICAL,ES_27,0.0,0.0,
390,0.0,2.0,0.0,1.0,0.1385,0.3458,1.0,0.0,OK,bn_volume_up,BN_CRITICAL,ES_27,54.0,13.85,
390,0.0,2.0,0.0,1.0,0.1436,0.3511,1.0,0.0,OK,bn_volume_dn,BN_CRITICAL,ES_27,56.0,14.36,
390,0.0,2.0,0.0,1.0,0.0077,0.0875,0.0,0.0,OK,bar_color_up,BN_CRITICAL,ES_27,3.0,0.77,
390,0.0,2.0,0.0,1.0,0.0077,0.0875,0.0,0.0,OK,bar_color_dn,BN_CRITICAL,ES_27,3.0,0.77,
390,0.0,2.0,0.0,1.0,0.0128,0.1126,1.0,0.0,OK,bar_long_up_bar,BN_CRITICAL,ES_27,5.0,1.28,
390,0.0,2.0,0.0,1.0,0.0077,0.0875,0.0,0.0,OK,bar_long_dn_bar,BN_CRITICAL,ES_27,3.0,0.77,
390,0.0,1.0,0.0,0.0,0.0,0.0,0.0,0.0,CONSTANT,bar_long_dn_up,BN_CRITICAL,ES_27,0.0,0.0,
390,0.0,1.0,0.0,0.0,0.0,0.0,0.0,0.0,CONSTANT,bar_long_up_dn,BN_CRITICAL,ES_27,0.0,0.0,
390,0.0,2.0,0.0,1.0,0.241,0.4283,1.0,0.0,OK,bar_edge_buy,BN_CRITICAL,ES_27,94.0,24.1,
390,0.0,2.0,0.0,1.0,0.2513,0.4343,1.0,0.0,OK,bar_edge_sell,BN_CRITICAL,ES_27,98.0,25.13,
390,0.0,2.0,0.0,1.0,0.0026,0.0506,0.0,0.0,OK,bar_pressure_ask,BN_CRITICAL,ES_27,1.0,0.26,
390,0.0,2.0,0.0,1.0,0.0026,0.0506,0.0,0.0,OK,bar_pressure_bid,BN_CRITICAL,ES_27,1.0,0.26,
390,0.0,99.0,-144.0,-19.0,-90.3795,31.2044,-26.67,-139.0,OK,dist_ext_color_up,BN_CRITICAL,ES_27,,,
390,0.0,98.0,-113.0,8.0,-59.4308,31.1031,3.11,-108.0,OK,dist_ext_color_dn,BN_CRITICAL,ES_27,,,
390,0.0,57.0,-61.0,20.0,-17.141,19.9338,5.66,-56.0,OK,dist_ext_long_up,BN_CRITICAL,ES_27,,,
390,0.0,42.0,-36.0,8.0,-8.1333,10.0588,7.0,-30.0,OK,dist_ext_long_dn,BN_CRITICAL,ES_27,,,
390,0.0,33.0,-39.0,9.0,-1.9282,5.409,7.0,-31.0,OK,dist_ext_edge_buy,BN_CRITICAL,ES_27,,,
390,0.0,41.0,-10.5,33.0,1.4756,4.8681,19.0,-8.11,OK,dist_ext_edge_sell,BN_CRITICAL,ES_27,,,
390,0.0,2.0,0.0,1.0,0.1641,0.3708,1.0,0.0,OK,fp_edge_buy,BN_CRITICAL,ES_27,64.0,16.41,
390,0.0,2.0,0.0,1.0,0.1538,0.3613,1.0,0.0,OK,fp_edge_sell,BN_CRITICAL,ES_27,60.0,15.38,
390,1.03,4.0,0.0,3.0,0.0259,0.2264,1.0,0.0,OK,dist_big_ask_nearest_up,BIG_ORDERS,ES_27,6.0,1.54,
390,0.77,2.0,-2.0,-1.0,-1.0155,0.1237,-1.0,-2.0,OK,dist_big_ask_nearest_dn,BIG_ORDERS,ES_27,0.0,0.0,
390,2.31,2.0,0.0,1.0,0.0131,0.114,1.0,0.0,OK,dist_big_bid_nearest_up,BIG_ORDERS,ES_27,5.0,1.28,
390,0.77,4.0,-5.0,-1.0,-1.0336,0.272,-1.0,-2.0,OK,dist_big_bid_nearest_dn,BIG_ORDERS,ES_27,0.0,0.0,
390,0.0,1.0,20.0,20.0,20.0,0.0,20.0,20.0,CONSTANT,n_big_ask_t1,BIG_ORDERS,ES_27,390.0,100.0,
390,0.0,1.0,20.0,20.0,20.0,0.0,20.0,20.0,CONSTANT,n_big_bid_t1,BIG_ORDERS,ES_27,390.0,100.0,
390,0.0,2.0,12.0,20.0,19.9795,0.4051,20.0,20.0,OK,n_big_ask_t2,BIG_ORDERS,ES_27,390.0,100.0,
390,0.0,2.0,16.0,20.0,19.9897,0.2025,20.0,20.0,OK,n_big_bid_t2,BIG_ORDERS,ES_27,390.0,100.0,
390,0.0,21.0,0.0,20.0,6.5077,5.064,20.0,0.0,OK,n_big_ask_t3,BIG_ORDERS,ES_27,,,
390,0.0,20.0,0.0,20.0,7.4359,5.9935,20.0,0.0,OK,n_big_bid_t3,BIG_ORDERS,ES_27,,,
390,0.0,3.0,0.0,8.0,0.1744,0.5369,1.0,0.0,OK,n_big_ask_t4,BIG_ORDERS,ES_27,61.0,15.64,
390,0.0,3.0,0.0,7.0,0.1718,0.5006,1.0,0.0,OK,n_big_bid_t4,BIG_ORDERS,ES_27,61.0,15.64,
390,0.0,39.0,0.0,39.0,17.4077,8.7358,36.0,0.0,OK,big_ask_cluster_20t,BIG_ORDERS,ES_27,,,
390,0.0,45.0,0.0,49.0,25.8077,8.3977,45.0,2.89,OK,big_bid_cluster_20t,BIG_ORDERS,ES_27,,,
390,0.0,43.0,0.0,45.0,18.059,9.4686,39.22,0.0,OK,big_ask_cluster_50t,BIG_ORDERS,ES_27,,,
390,0.0,50.0,0.0,53.0,27.9872,9.5151,47.11,2.89,OK,big_bid_cluster_50t,BIG_ORDERS,ES_27,,,
390,0.0,20.0,0.0,19.0,7.7872,3.7256,17.11,0.0,OK,big_ask_cluster_20t_t1,BIG_ORDERS,ES_27,,,
390,0.0,21.0,0.0,20.0,11.4231,3.7407,19.0,1.89,OK,big_bid_cluster_20t_t1,BIG_ORDERS,ES_27,,,
390,0.0,20.0,0.0,19.0,7.6821,4.0854,17.11,0.0,OK,big_ask_cluster_20t_t2,BIG_ORDERS,ES_27,,,
390,0.0,21.0,0.0,20.0,11.3897,3.8789,19.0,1.0,OK,big_bid_cluster_20t_t2,BIG_ORDERS,ES_27,,,
390,0.0,10.0,0.0,10.0,1.9385,2.1562,8.22,0.0,OK,big_ask_cluster_20t_t3,BIG_ORDERS,ES_27,,,
390,0.0,16.0,0.0,15.0,2.9179,2.9291,13.0,0.0,OK,big_bid_cluster_20t_t3,BIG_ORDERS,ES_27,,,
390,0.0,1.0,0.0,0.0,0.0,0.0,0.0,0.0,CONSTANT,big_ask_cluster_20t_t4,BIG_ORDERS,ES_27,0.0,0.0,
390,0.0,3.0,0.0,7.0,0.0769,0.4233,1.0,0.0,OK,big_bid_cluster_20t_t4,BIG_ORDERS,ES_27,24.0,6.15,
390,1.54,3.0,0.0,2.0,0.0156,0.1437,1.0,0.0,OK,dist_cluster_nearest_up,BIG_ORDERS,ES_27,5.0,1.28,
390,0.77,5.0,-8.0,-1.0,-1.0775,0.5568,-1.0,-2.14,OK,dist_cluster_nearest_dn,BIG_ORDERS,ES_27,0.0,0.0,
390,0.0,9.0,7.0,20.0,19.8103,1.0266,20.0,15.0,OK,n_clusters_20t,BIG_ORDERS,ES_27,,,
390,0.0,2.0,15.0,20.0,19.9872,0.2532,20.0,20.0,OK,n_clusters_50t,BIG_ORDERS,ES_27,390.0,100.0,
390,0.0,85.0,-34.0,81.0,9.459,20.5329,73.33,-29.22,OK,dist_swing_high,SWING,ES_27,,,
390,0.0,74.0,-64.0,14.0,-22.7308,16.2639,8.11,-61.11,OK,dist_swing_low,SWING,ES_27,,,
390,0.0,28.0,9.0,73.0,32.1897,20.4294,73.0,9.0,OK,swing_range_ticks,SWING,ES_27,,,
390,0.0,3.0,-1.0,1.0,0.4538,0.8821,1.0,-1.0,OK,price_vs_swing_mid,SWING,ES_27,280.0,71.79,
390,0.0,2.0,0.0,1.0,0.0282,0.1658,1.0,0.0,OK,new_swing_high,SWING,ES_27,11.0,2.82,
390,0.0,2.0,0.0,1.0,0.0179,0.1329,1.0,0.0,OK,new_swing_low,SWING,ES_27,7.0,1.79,
390,0.0,3.0,0.0,8.0,5.3641,2.6897,8.0,0.0,OK,open_type,SESSION_OPEN,ES_27,329.0,84.36,
390,0.0,2.0,1.0,7.0,1.0615,0.6053,1.66,1.0,OK,open_zone,SESSION_OPEN,ES_27,390.0,100.0,
390,0.0,3.0,0.0,0.65,0.5253,0.2276,0.65,0.0,OK,open_bias_conf,SESSION_OPEN,ES_27,329.0,84.36,
390,0.0,2.0,0.0,1.0,0.8436,0.3637,1.0,0.0,OK,open_direction,SESSION_OPEN,ES_27,329.0,84.36,
390,0.0,4.0,0.0,3.0,2.0077,1.0228,3.0,0.0,OK,day_type,SESSION_OPEN,ES_27,333.0,85.38,
390,0.0,1.0,0.0,0.0,0.0,0.0,0.0,0.0,CONSTANT,rule_80pct,SESSION_OPEN,ES_27,0.0,0.0,
390,0.0,2.0,0.35,0.65,0.3508,0.0152,0.35,0.35,OK,trend_day_probability,SESSION_OPEN,ES_27,390.0,100.0,
390,0.0,1.0,1.0,1.0,1.0,0.0,1.0,1.0,CONSTANT,ma_trend,SESSION_OPEN,ES_27,390.0,100.0,
390,0.0,99.0,-98.0,27.0,-44.3795,31.2044,19.33,-93.0,OK,dist_open_cash,SESSION_OPEN,ES_27,,,
390,0.0,99.0,-96.0,29.0,-42.3795,31.2044,21.33,-91.0,OK,dist_open_830,SESSION_OPEN,ES_27,,,
390,0.0,2.0,-175.0,34.0,-78.5385,104.3242,34.0,-175.0,OK,open_gap_ticks,SESSION_OPEN,ES_27,180.0,46.15,
390,0.0,2.0,-1.0,2.0,0.6154,1.4975,2.0,-1.0,OK,open_position,SESSION_OPEN,ES_27,210.0,53.85,
390,0.0,1.0,,,,,,,CONSTANT,session_id,SESSION_OPEN,ES_27,,,US
390,0.0,1.0,2.0,2.0,2.0,0.0,2.0,2.0,CONSTANT,session,SESSION_OPEN,ES_27,390.0,100.0,
390,0.0,2.0,0.0,1.0,0.1564,0.3637,1.0,0.0,OK,bool_session_early,SESSION_OPEN,ES_27,61.0,15.64,
390,0.0,87.0,0.0,119.0,43.259,34.3323,111.33,0.89,OK,dist_sess_high,SESSION_OPEN,ES_27,,,
390,0.0,90.0,-106.0,0.0,-58.6821,24.925,-3.0,-103.0,OK,dist_sess_low,SESSION_OPEN,ES_27,,,
390,0.0,19.0,1.0,148.0,101.941,50.6721,148.0,10.0,OK,sess_range_ticks,SESSION_OPEN,ES_27,,,
390,0.0,20.0,0.0112,1.6619,1.1447,0.569,1.6619,0.1123,OK,sess_range_atr,SESSION_OPEN,ES_27,,,
390,0.0,97.0,0.0,119.0,46.259,32.7059,111.33,1.0,OK,dist_ovn_high,SESSION_OPEN,ES_27,,,
390,0.0,111.0,-142.0,0.0,-62.8436,38.3152,-2.89,-131.22,OK,dist_ovn_low,SESSION_OPEN,ES_27,,,
390,0.0,19.0,1.0,148.0,109.1026,58.1988,148.0,10.67,OK,ovn_range_ticks,SESSION_OPEN,ES_27,,,
390,0.0,2.0,0.0,1.0,0.5769,0.4947,1.0,0.0,OK,bool_above_cur_vpoc,BOOLS,ES_27,225.0,57.69,
390,0.0,1.0,1.0,1.0,1.0,0.0,1.0,1.0,CONSTANT,bool_above_prev_vpoc,BOOLS,ES_27,390.0,100.0,
390,0.0,2.0,0.0,1.0,0.6897,0.4632,1.0,0.0,OK,bool_above_vwap_d,BOOLS,ES_27,269.0,68.97,
390,0.0,2.0,0.0,1.0,0.741,0.4386,1.0,0.0,OK,bool_above_vwap_w,BOOLS,ES_27,289.0,74.1,
390,0.0,1.0,1.0,1.0,1.0,0.0,1.0,1.0,CONSTANT,bool_above_vwap_m,BOOLS,ES_27,390.0,100.0,
390,0.0,2.0,0.0,1.0,0.9974,0.0506,1.0,1.0,OK,bool_near_level,BOOLS,ES_27,389.0,99.74,
390,0.0,1.0,0.0,0.0,0.0,0.0,0.0,0.0,CONSTANT,bool_va_confluence,BOOLS,ES_27,0.0,0.0,
390,33.33,26.0,1.0,39.0,5.6692,6.768,34.0,1.0,OK,dist_session_hvn_above,HVN_LVN,ES_27,,,
390,27.69,21.0,1.0,25.0,4.8333,4.5663,22.0,1.0,OK,dist_session_hvn_below,HVN_LVN,ES_27,,,
390,5.38,61.0,1.0,74.0,18.1003,17.0344,61.24,1.0,OK,dist_session_lvn_above,HVN_LVN,ES_27,,,
390,2.05,60.0,1.0,62.0,23.4791,17.623,62.0,1.0,OK,dist_session_lvn_below,HVN_LVN,ES_27,,,
390,0.0,9.0,0.0,10.0,1.3949,2.9699,10.0,0.0,OK,session_hvn_count,HVN_LVN,ES_27,,,
390,0.0,8.0,0.0,10.0,1.7462,3.6073,10.0,0.0,OK,session_lvn_count,HVN_LVN,ES_27,,,
390,0.0,1.0,0.0,0.0,0.0,0.0,0.0,0.0,CONSTANT,lvn_between,HVN_LVN,ES_27,0.0,0.0,
390,0.0,1.0,0.0,0.0,0.0,0.0,0.0,0.0,CONSTANT,hvn_between,HVN_LVN,ES_27,0.0,0.0,
390,0.0,6.0,0.0,5.0,0.5538,1.3399,4.0,0.0,OK,lvn_confluence_count,HVN_LVN,ES_27,,,
390,0.0,16.0,0.0,15.0,3.1231,3.2804,14.11,0.0,OK,retest_high_count,RETEST,ES_27,,,
390,0.0,9.0,0.0,8.0,1.3256,1.7488,7.0,0.0,OK,retest_low_count,RETEST,ES_27,,,
390,0.0,2.0,0.0,1.0,0.041,0.1986,1.0,0.0,OK,retest_high_delta_div,RETEST,ES_27,16.0,4.1,
390,0.0,2.0,0.0,1.0,0.041,0.1986,1.0,0.0,OK,retest_low_delta_div,RETEST,ES_27,16.0,4.1,
390,18.97,37.0,1.0,37.0,5.7342,6.9478,33.85,1.0,OK,bars_since_retest_high,RETEST,ES_27,,,
390,48.46,53.0,1.0,53.0,11.5672,13.6611,51.0,1.0,OK,bars_since_retest_low,RETEST,ES_27,,,
390,0.0,383.0,0.39,9.6988,1.0787,0.8093,3.765,0.4507,OK,rvol,RVOL,ES_27,,,
390,0.0,389.0,-1.8837,4.3037,0.0295,1.0953,3.5927,-1.6561,OK,rvol_zscore,RVOL,ES_27,,,
390,0.0,2.0,0.0,1.0,0.0282,0.1658,1.0,0.0,OK,rvol_buy,RVOL,ES_27,11.0,2.82,
390,0.0,2.0,0.0,1.0,0.0179,0.1329,1.0,0.0,OK,rvol_sell,RVOL,ES_27,7.0,1.79,
390,0.0,2.0,0.0,1.0,0.0154,0.1232,1.0,0.0,OK,rvol_absorb_buy,RVOL,ES_27,6.0,1.54,
390,0.0,2.0,0.0,1.0,0.0256,0.1583,1.0,0.0,OK,rvol_absorb_sell,RVOL,ES_27,10.0,2.56,
390,0.0,4.0,89.05,89.25,89.0562,0.0333,89.25,89.05,OK,atr,MISC,ES_27,390.0,100.0,
390,0.0,125.0,3.79,16.57,7.1998,3.1312,15.6096,3.93,OK,atr_14m,MISC,ES_27,,,
390,0.0,175.0,0.0,100.0,60.6064,34.6078,100.0,0.0,OK,range_pos,MISC,ES_27,,,
390,0.0,45.0,3.0,54.0,34.0462,12.8324,51.11,3.89,OK,range_size_ticks,MISC,ES_27,,,
390,0.0,32.0,-3.75,7.75,0.0538,1.2017,3.2775,-3.0,OK,momentum_3b,MISC,ES_27,,,
390,0.0,39.0,-4.25,8.75,0.1071,1.6702,6.7775,-4.25,OK,momentum_5b,MISC,ES_27,,,
390,0.0,206.0,-439.0,416.0,0.3333,91.8195,351.44,-258.84,OK,finish_strength,MISC,ES_27,,,
390,0.0,260.0,27305.5,27449.75,27392.3269,30.7878,27444.555,27321.53,OK,price,OHLCV_PRIMITIVES,NQ_27,,,
390,0.0,251.0,27319.75,27454.75,27397.9122,28.9894,27447.4975,27328.7225,OK,bar_high,OHLCV_PRIMITIVES,NQ_27,,,
390,0.0,252.0,27298.5,27442.0,27386.4686,32.5318,27437.805,27313.0025,OK,bar_low,OHLCV_PRIMITIVES,NQ_27,,,
390,0.0,334.0,155.0,6458.0,784.5949,703.7809,3190.94,179.89,OK,total_vol,OHLCV_PRIMITIVES,NQ_27,,,
390,0.0,296.0,70.0,3050.0,390.2487,349.8248,1681.55,85.78,OK,buy_vol,OHLCV_PRIMITIVES,NQ_27,,,
390,0.0,294.0,62.0,3408.0,394.3462,364.566,1624.34,89.89,OK,sell_vol,OHLCV_PRIMITIVES,NQ_27,,,
390,0.0,235.0,-702.0,551.0,-4.0974,123.5471,375.77,-358.33,OK,delta_bar,DELTA_VOLUME_PROFILE,NQ_27,,,
390,0.0,371.0,-0.4488,0.3785,-0.0033,0.1353,0.2785,-0.2851,OK,delta_bar_vol_norm,DELTA_VOLUME_PROFILE,NQ_27,,,
390,0.0,353.0,-1795.0,1267.0,-66.1231,617.3592,1207.77,-1328.66,OK,delta_day,DELTA_VOLUME_PROFILE,NQ_27,,,
390,0.0,2.0,-1.0,1.0,0.0462,1.0002,1.0,-1.0,OK,delta_day_dir,DELTA_VOLUME_PROFILE,NQ_27,204.0,52.31,
390,0.0,359.0,0.2756,0.6893,0.4983,0.0677,0.6393,0.3574,OK,ask_pct,DELTA_VOLUME_PROFILE,NQ_27,,,
390,0.0,358.0,0.3107,0.7244,0.5017,0.0677,0.6426,0.3607,OK,bid_pct,DELTA_VOLUME_PROFILE,NQ_27,,,
390,0.0,371.0,-0.4488,0.3785,-0.0033,0.1353,0.2785,-0.2851,OK,ask_bid_imbalance,DELTA_VOLUME_PROFILE,NQ_27,,,
390,0.0,359.0,0.2756,0.6893,0.4983,0.0677,0.6393,0.3574,OK,buy_sell_ratio,DELTA_VOLUME_PROFILE,NQ_27,,,
390,0.0,371.0,-0.4488,0.3785,-0.0033,0.1353,0.2785,-0.2851,OK,delta_pct,DELTA_VOLUME_PROFILE,NQ_27,,,
390,0.0,319.0,151.0,5980.0,724.8179,643.0262,2970.15,170.89,OK,ticks_count,DELTA_VOLUME_PROFILE,NQ_27,,,
390,0.0,16.0,0.0,1.0,0.9107,0.2521,1.0,0.0,OK,finish_delta_pct,DELTA_VOLUME_PROFILE,NQ_27,,,
390,0.0,23.0,-4.0,55.0,3.4667,4.1331,17.22,-2.0,OK,high_pullback_delta,DELTA_VOLUME_PROFILE,NQ_27,,,
390,0.0,27.0,-28.0,38.0,3.559,4.5711,21.33,-2.0,OK,low_pullback_delta,DELTA_VOLUME_PROFILE,NQ_27,,,
390,0.0,190.0,2.0,830.0,119.0179,109.6237,541.09,15.89,OK,diag_pos_delta,DELTA_VOLUME_PROFILE,NQ_27,,,
390,0.0,197.0,9.0,1077.0,123.2103,121.1276,567.07,14.78,OK,diag_neg_delta,DELTA_VOLUME_PROFILE,NQ_27,,,
390,0.0,376.0,-0.9661,0.8261,-0.0065,0.3947,0.7804,-0.765,OK,diag_imbalance,DELTA_VOLUME_PROFILE,NQ_27,,,
390,0.0,19.0,0.0,1.0,0.9297,0.2124,1.0,0.0,OK,low_bid_vol_pct,DELTA_VOLUME_PROFILE,NQ_27,,,
390,0.0,21.0,0.0,1.0,0.9411,0.1871,1.0,0.0,OK,high_ask_vol_pct,DELTA_VOLUME_PROFILE,NQ_27,,,
390,0.0,373.0,7.9167,140.9231,16.2961,8.3472,36.2448,8.6235,OK,avg_trade_size,DELTA_VOLUME_PROFILE,NQ_27,,,
390,0.0,366.0,3.913,71.5385,8.9372,4.3097,17.6746,4.3998,OK,avg_bid_size,DELTA_VOLUME_PROFILE,NQ_27,,,
390,0.0,367.0,3.5,71.2105,8.8483,4.3697,18.0418,4.3042,OK,avg_ask_size,DELTA_VOLUME_PROFILE,NQ_27,,,
390,0.0,374.0,0.4565,2.0446,1.0135,0.2353,1.6538,0.5719,OK,large_trader_ratio,DELTA_VOLUME_PROFILE,NQ_27,,,
390,0.0,358.0,2.5833,107.6333,13.1083,11.7215,53.1823,3.0434,OK,vol_per_sec,DELTA_VOLUME_PROFILE,NQ_27,,,
390,0.0,4.0,57.0,60.0,59.7436,0.513,60.0,58.0,OK,bar_duration_sec,DELTA_VOLUME_PROFILE,NQ_27,390.0,100.0,
390,0.26,235.0,-702.0,551.0,-4.0848,123.706,375.84,-358.36,OK,cvd_bar_delta,DELTA_VOLUME_PROFILE,NQ_27,,,
390,0.0,355.0,-6063.0,1414.0,209.7744,912.6037,1233.44,-2259.09,OK,cvd_day,DELTA_VOLUME_PROFILE,NQ_27,,,
390,0.0,3.0,-1.0,1.0,0.2795,0.96,1.0,-1.0,OK,cvd_day_dir,DELTA_VOLUME_PROFILE,NQ_27,249.0,63.85,
390,0.0,42.0,0.0,3901.0,2500.9513,1307.3668,3901.0,293.0,OK,cvd_ohlc_range,DELTA_VOLUME_PROFILE,NQ_27,,,
390,0.0,2.0,0.0,1.0,0.2538,0.4358,1.0,0.0,OK,rotation_up,DELTA_VOLUME_PROFILE,NQ_27,99.0,25.38,
390,0.0,2.0,0.0,1.0,0.1667,0.3732,1.0,0.0,OK,rotation_dn,DELTA_VOLUME_PROFILE,NQ_27,65.0,16.67,
390,0.0,122.0,-56.0,37.5,0.1295,7.9672,20.915,-19.0,OK,rotation_zz_osc,DELTA_VOLUME_PROFILE,NQ_27,,,
390,0.0,2.0,0.0,1.0,0.0051,0.0715,0.0,0.0,OK,delta_divergence,DELTA_VOLUME_PROFILE,NQ_27,2.0,0.51,
390,0.0,387.0,-127.6953,463.2734,61.898,113.7242,322.9346,-107.5121,OK,dist_vwap_d,VWAP_SD,NQ_27,,,
390,0.0,382.0,-0.2911,1.0568,0.1413,0.2596,0.7391,-0.2451,OK,dist_vwap_d_atr,VWAP_SD,NQ_27,,,
390,0.0,386.0,-66.1719,688.7578,172.7624,162.3116,510.3048,-51.9943,OK,dist_vwap_d_sd1u,VWAP_SD,NQ_27,,,
390,0.0,388.0,-203.5859,237.7891,-48.9664,78.6309,150.9371,-193.6832,OK,dist_vwap_d_sd1d,VWAP_SD,NQ_27,,,
390,0.0,388.0,-4.6484,914.2422,283.6268,215.4493,699.582,0.1779,OK,dist_vwap_d_sd2u,VWAP_SD,NQ_27,,,
390,0.0,389.0,-360.7656,12.3047,-159.8308,78.0633,-5.3402,-348.836,OK,dist_vwap_d_sd2d,VWAP_SD,NQ_27,,,
390,0.0,388.0,-3.0,1139.7266,394.4909,270.4684,888.8524,5.1604,OK,dist_vwap_d_sd3u,VWAP_SD,NQ_27,,,
390,0.0,390.0,-517.9531,2.0,-270.6949,112.5453,-13.4734,-505.4151,OK,dist_vwap_d_sd3d,VWAP_SD,NQ_27,,,
390,0.0,389.0,-207.2422,460.3672,30.9246,140.3367,320.9376,-184.1828,OK,dist_vwap_w,VWAP_SD,NQ_27,,,
390,0.0,384.0,-0.4725,1.0501,0.0707,0.3202,0.7345,-0.4199,OK,dist_vwap_w_atr,VWAP_SD,NQ_27,,,
390,0.0,389.0,-6766.1562,-6329.9609,-6603.7861,95.8358,-6354.9442,-6746.5969,OK,dist_vwap_m,VWAP_SD,NQ_27,,,
390,0.0,1.0,-5.0,-5.0,-5.0,0.0,-5.0,-5.0,CONSTANT,dist_vwap_m_atr,VWAP_SD,NQ_27,0.0,0.0,
390,0.0,2.0,-1.0,1.0,-0.2256,0.9755,1.0,-1.0,OK,vwap_d_side,VWAP_SD,NQ_27,151.0,38.72,
390,0.0,2.0,-1.0,1.0,-0.0359,1.0006,1.0,-1.0,OK,vwap_w_side,VWAP_SD,NQ_27,188.0,48.21,
390,0.0,1.0,1.0,1.0,1.0,0.0,1.0,1.0,CONSTANT,vwap_m_side,VWAP_SD,NQ_27,390.0,100.0,
390,0.0,376.0,-9.5638,5.4668,-0.9296,3.2818,5.1761,-9.1029,OK,vwap_slope_10,VWAP_SD,NQ_27,,,
390,0.0,376.0,-5.0084,2.3711,-1.2188,2.705,2.3598,-4.932,OK,vwap_slope_30,VWAP_SD,NQ_27,,,
390,0.0,2.0,-1.0,1.0,-0.2615,0.9664,1.0,-1.0,OK,vwap_slope_10_dir,VWAP_SD,NQ_27,144.0,36.92,
390,0.0,2.0,0.0,1.0,0.3872,0.4877,1.0,0.0,OK,vwap_ma_align,VWAP_SD,NQ_27,151.0,38.72,
390,0.0,2.0,0.0,1.0,0.3872,0.4877,1.0,0.0,OK,vwap_triple_align,VWAP_SD,NQ_27,151.0,38.72,
390,0.0,273.0,-1217.9375,29.6953,-623.4874,489.6597,8.1353,-1210.0475,OK,dist_prev_vwap,VWAP_SD,NQ_27,,,
390,0.0,273.0,-447.8359,225.0,-120.1505,209.8492,203.44,-439.9459,OK,dist_prev_vwap_sd1u,VWAP_SD,NQ_27,,,
390,0.0,273.0,-1993.3281,-165.5938,-1129.6514,777.4043,-187.1538,-1985.4381,OK,dist_prev_vwap_sd1d,VWAP_SD,NQ_27,,,
390,0.0,260.0,-59.0,518.0,170.6923,123.1511,453.88,-38.22,OK,dist_ib_high,IB,NQ_27,,,
390,0.0,267.0,-605.0,-15.0,-364.1821,136.8051,-45.02,-584.22,OK,dist_ib_low,IB,NQ_27,,,
390,0.0,9.0,289.0,546.0,534.8744,48.2593,546.0,291.0,OK,ib_range_ticks,IB,NQ_27,,,
390,0.0,9.0,0.6638,1.2448,1.2197,0.1089,1.2448,0.6684,OK,ib_range_atr,IB,NQ_27,,,
390,0.0,1.0,0.0,0.0,0.0,0.0,0.0,0.0,CONSTANT,ib_is_narrow,IB,NQ_27,0.0,0.0,
390,0.0,2.0,0.0,1.0,0.9564,0.2044,1.0,0.0,OK,ib_is_wide,IB,NQ_27,373.0,95.64,
390,20.26,218.0,0.1465,1.0,0.6944,0.2197,0.9943,0.1797,OK,ib_position_pct,IB,NQ_27,,,
390,0.0,2.0,0.0,1.0,0.0462,0.2101,1.0,0.0,OK,ib_broken_up,IB,NQ_27,18.0,4.62,
390,0.0,1.0,0.0,0.0,0.0,0.0,0.0,0.0,CONSTANT,ib_broken_down,IB,NQ_27,0.0,0.0,
390,0.0,2.0,0.0,1.0,0.8436,0.3637,1.0,0.0,OK,ib_complete,IB,NQ_27,329.0,84.36,
390,0.0,2.0,0.0,1.0,0.9538,0.2101,1.0,0.0,OK,bool_ib_inside,IB,NQ_27,372.0,95.38,
390,0.0,211.0,-112.0,378.0,29.7564,82.4641,265.96,-101.22,OK,dist_cur_vpoc,PROFILE_VPOC,NQ_27,,,
390,0.0,255.0,-79.0,640.0,158.9462,139.8051,501.88,-46.11,OK,dist_cur_vah,PROFILE_VPOC,NQ_27,,,
390,0.0,216.0,-282.0,212.0,-88.8692,76.8854,73.96,-271.44,OK,dist_cur_val,PROFILE_VPOC,NQ_27,,,
390,0.0,388.0,-127.6797,463.2734,61.9076,113.7211,322.9424,-107.5043,OK,dist_cur_vwap_vp,PROFILE_VPOC,NQ_27,,,
390,20.0,291.0,0.0,1.0,0.4523,0.2821,0.9771,0.0059,OK,va_position_pct,PROFILE_VPOC,NQ_27,,,
390,0.0,2.0,0.0,1.0,0.8,0.4005,1.0,0.0,OK,inside_cur_va,PROFILE_VPOC,NQ_27,312.0,80.0,
390,0.0,15.0,0.0,14.0,1.7385,3.3392,13.11,0.0,OK,vah_touches_20b,PROFILE_VPOC,NQ_27,,,
390,0.0,13.0,0.0,12.0,1.8564,2.7501,11.0,0.0,OK,val_touches_20b,PROFILE_VPOC,NQ_27,,,
390,0.0,97.0,0.0,121.0,20.9179,24.8556,94.86,0.0,OK,bars_in_va,PROFILE_VPOC,NQ_27,,,
390,0.0,58.0,0.0,136.0,12.4385,15.8662,74.99,0.0,OK,poc_bar_dist,PROFILE_VPOC,NQ_27,,,
390,0.0,273.0,-1920.0,-24.0,-1024.641,811.356,-45.56,-1912.11,OK,dist_prev_vpoc,PROFILE_VPOC,NQ_27,,,
390,0.0,281.0,-4.3918,-0.0547,-2.3376,1.8513,-0.1039,-4.3619,OK,dist_prev_vpoc_atr,PROFILE_VPOC,NQ_27,,,
390,0.0,273.0,-579.0,109.0,-244.2769,216.9892,87.44,-571.11,OK,dist_prev_vah,PROFILE_VPOC,NQ_27,,,
390,0.0,273.0,-2358.0,-206.0,-1343.8308,938.7652,-227.56,-2350.11,OK,dist_prev_val,PROFILE_VPOC,NQ_27,,,
390,0.0,2.0,0.0,1.0,0.1615,0.3685,1.0,0.0,OK,inside_prev_va,PROFILE_VPOC,NQ_27,63.0,16.15,
390,0.0,2.0,0.0,1.0,0.4641,0.4994,1.0,0.0,OK,open_in_prev_va,PROFILE_VPOC,NQ_27,181.0,46.41,
390,0.0,260.0,-2799.0,-2222.0,-2569.3077,123.1511,-2286.12,-2778.22,OK,dist_comp_20d_vpoc,PROFILE_VPOC,NQ_27,,,
390,0.0,1.0,-5.0,-5.0,-5.0,0.0,-5.0,-5.0,CONSTANT,dist_comp_20d_vpoc_atr,PROFILE_VPOC,NQ_27,0.0,0.0,
390,0.0,262.0,365.0,948.0,597.9231,125.6108,883.88,385.78,OK,dist_comp_20d_vah,PROFILE_VPOC,NQ_27,,,
390,0.0,300.0,-12065.0,-9313.0,-10276.1256,919.1604,-9334.67,-12021.11,OK,dist_comp_20d_val,PROFILE_VPOC,NQ_27,,,
390,0.0,388.0,-7381.3359,-6557.8359,-6934.8046,256.6393,-6563.649,-7338.5631,OK,dist_comp_20d_vwap,PROFILE_VPOC,NQ_27,,,
390,0.0,260.0,-12999.0,-12422.0,-12769.3077,123.1511,-12486.12,-12978.22,OK,dist_comp_50d_vpoc,PROFILE_VPOC,NQ_27,,,
390,0.0,1.0,-5.0,-5.0,-5.0,0.0,-5.0,-5.0,CONSTANT,dist_comp_50d_vpoc_atr,PROFILE_VPOC,NQ_27,0.0,0.0,
390,0.0,237.0,-5947.0,-5392.0,-5670.6744,102.5487,-5421.13,-5901.11,OK,dist_comp_50d_vah,PROFILE_VPOC,NQ_27,,,
390,0.0,260.0,-17883.0,-17306.0,-17653.3077,123.1511,-17370.12,-17862.22,OK,dist_comp_50d_val,PROFILE_VPOC,NQ_27,,,
390,0.0,387.0,-9181.5078,-8730.5312,-9007.8408,99.0749,-8745.8862,-9159.0052,OK,dist_comp_50d_vwap,PROFILE_VPOC,NQ_27,,,
390,0.0,1.0,1.0,1.0,1.0,0.0,1.0,1.0,CONSTANT,inside_comp_20d_va,PROFILE_VPOC,NQ_27,390.0,100.0,
390,0.0,1.0,0.0,0.0,0.0,0.0,0.0,0.0,CONSTANT,inside_comp_50d_va,PROFILE_VPOC,NQ_27,0.0,0.0,
390,0.0,1.0,0.0,0.0,0.0,0.0,0.0,0.0,CONSTANT,comp_vpoc_align_20_50,PROFILE_VPOC,NQ_27,0.0,0.0,
390,0.0,1.0,0.0,0.0,0.0,0.0,0.0,0.0,CONSTANT,comp_vpoc_align_day_20,PROFILE_VPOC,NQ_27,0.0,0.0,
390,0.0,4.0,0.0,3.0,2.7308,0.7112,3.0,0.0,OK,profile_shape,PROFILE_VPOC,NQ_27,380.0,97.44,
390,0.0,75.0,-0.2224,0.2449,-0.0257,0.1563,0.2449,-0.2224,OK,profile_skew,PROFILE_VPOC,NQ_27,,,
390,0.0,24.0,0.252,0.8361,0.5026,0.2217,0.8361,0.252,OK,poc_position,PROFILE_VPOC,NQ_27,,,
390,0.0,78.0,0.2749,2.1239,0.8907,0.5888,2.1239,0.2749,OK,volume_imbalance,PROFILE_VPOC,NQ_27,,,
390,0.0,2.0,0.0,1.0,0.859,0.3485,1.0,0.0,OK,is_double_dist,PROFILE_VPOC,NQ_27,335.0,85.9,
390,0.0,15.0,0.0,160.0,79.8974,49.2341,160.0,0.0,OK,poc_separation_ticks,PROFILE_VPOC,NQ_27,,,
390,0.0,14.0,27392.25,27443.38,27416.1747,9.4903,27443.38,27392.25,OK,single_print_mid,PROFILE_VPOC,NQ_27,,,
390,0.0,42.0,3.0,105.0,48.1923,34.5217,105.0,3.0,OK,single_print_count,PROFILE_VPOC,NQ_27,,,
390,0.0,14.0,27360.0,27430.0,27399.7083,25.0008,27430.0,27360.0,OK,profile_hvn_dominant,PROFILE_VPOC,NQ_27,,,
390,0.0,260.0,1001.0,1578.0,1230.6923,123.1511,1513.88,1021.78,OK,dist_mq_call,MENTHORQ,NQ_27,,,
390,0.0,260.0,-9799.0,-9222.0,-9569.3077,123.1511,-9286.12,-9778.22,OK,dist_mq_put,MENTHORQ,NQ_27,,,
390,0.0,260.0,-3839.0,-3262.0,-3609.3077,123.1511,-3326.12,-3818.22,OK,dist_mq_hvl,MENTHORQ,NQ_27,,,
390,0.0,260.0,-199.0,378.0,30.6923,123.1511,313.88,-178.22,OK,dist_mq_call_0dte,MENTHORQ,NQ_27,,,
390,0.0,260.0,-439.0,138.0,-209.3077,123.1511,73.88,-418.22,OK,dist_mq_put_0dte,MENTHORQ,NQ_27,,,
390,0.0,260.0,-199.0,378.0,30.6923,123.1511,313.88,-178.22,OK,dist_mq_hvl_0dte,MENTHORQ,NQ_27,,,
390,0.0,260.0,201.0,778.0,430.6923,123.1511,713.88,221.78,OK,dist_gex_nearest_up,MENTHORQ,NQ_27,,,
390,0.0,260.0,-799.0,-222.0,-569.3077,123.1511,-286.12,-778.22,OK,dist_gex_nearest_dn,MENTHORQ,NQ_27,,,
390,0.0,1.0,0.0,0.0,0.0,0.0,0.0,0.0,CONSTANT,gex_cluster_count,MENTHORQ,NQ_27,0.0,0.0,
390,0.0,260.0,800.6406,1377.6406,1030.3329,123.1511,1313.5206,821.4206,OK,dist_blind_nearest_up,MENTHORQ,NQ_27,,,
390,0.0,260.0,-1470.9609,-893.9609,-1241.2686,123.1511,-958.0809,-1450.1809,OK,dist_blind_nearest_dn,MENTHORQ,NQ_27,,,
390,0.0,198.0,201.0,500.0,382.1026,77.7596,498.0,221.78,OK,next_wall_dist_ticks,MENTHORQ,NQ_27,,,
390,0.0,2.0,0.0,1.0,0.6821,0.4663,1.0,0.0,OK,next_wall_is_call,MENTHORQ,NQ_27,266.0,68.21,
390,0.0,260.0,-1472.6797,-895.6797,-1242.9874,123.1511,-959.7997,-1451.8997,OK,dist_1d_min_ticks,MENTHORQ,NQ_27,,,
390,0.0,260.0,1354.6797,1931.6797,1584.372,123.1511,1867.5597,1375.4597,OK,dist_1d_max_ticks,MENTHORQ,NQ_27,,,
390,0.0,1.0,1.0,1.0,1.0,0.0,1.0,1.0,CONSTANT,bool_above_mq_hvl,MENTHORQ,NQ_27,390.0,100.0,
390,0.0,1.0,0.0,0.0,0.0,0.0,0.0,0.0,CONSTANT,bool_above_mq_call,MENTHORQ,NQ_27,0.0,0.0,
390,0.0,1.0,1.0,1.0,1.0,0.0,1.0,1.0,CONSTANT,bool_gex_flip_zone,MENTHORQ,NQ_27,390.0,100.0,
390,0.0,90.0,18.14,19.2,18.6041,0.2078,19.1511,18.14,OK,vix_level,VIX,NQ_27,,,
390,0.0,90.0,2.3,3.36,2.8959,0.2078,3.36,2.3489,OK,dist_vix_hvl,VIX,NQ_27,,,
390,0.0,1.0,1.0,1.0,1.0,0.0,1.0,1.0,CONSTANT,vix_regime,VIX,NQ_27,390.0,100.0,
390,0.0,1.0,0.0,0.0,0.0,0.0,0.0,0.0,CONSTANT,vix_above_hvl,VIX,NQ_27,0.0,0.0,
390,0.0,90.0,5.8,6.86,6.3959,0.2078,6.86,5.8489,OK,dist_vix_call,VIX,NQ_27,,,
390,0.0,90.0,-1.2,-0.14,-0.6041,0.2078,-0.14,-1.1511,OK,dist_vix_put,VIX,NQ_27,,,
390,100.0,,,,,,,,ALL_NAN,dist_vix_call_0dte,VIX,NQ_27,,,
390,0.0,90.0,-2.2,-1.14,-1.6041,0.2078,-1.14,-2.1511,OK,dist_vix_put_0dte,VIX,NQ_27,,,
390,0.0,90.0,2.3,3.36,2.8959,0.2078,3.36,2.3489,OK,dist_vix_hvl_0dte,VIX,NQ_27,,,
390,0.0,1.0,0.0,0.0,0.0,0.0,0.0,0.0,CONSTANT,vix_above_hvl_0dte,VIX,NQ_27,0.0,0.0,
390,0.0,62.0,0.01,0.99,0.3703,0.2022,0.9611,0.01,OK,dist_vix_gex_nearest_up,VIX,NQ_27,,,
390,0.0,77.0,-1.0,-0.01,-0.2989,0.3347,-0.01,-1.0,OK,dist_vix_gex_nearest_dn,VIX,NQ_27,,,
390,0.0,2.0,0.0,1.0,0.1615,0.3685,1.0,0.0,OK,bn_color_up,BN_CRITICAL,NQ_27,63.0,16.15,
390,0.0,2.0,0.0,1.0,0.0974,0.2969,1.0,0.0,OK,bn_color_dn,BN_CRITICAL,NQ_27,38.0,9.74,
390,0.0,2.0,0.0,1.0,0.0205,0.1419,1.0,0.0,OK,bn_color_up_2,BN_CRITICAL,NQ_27,8.0,2.05,
390,0.0,2.0,0.0,1.0,0.0051,0.0715,0.0,0.0,OK,bn_color_dn_2,BN_CRITICAL,NQ_27,2.0,0.51,
390,0.0,2.0,0.0,1.0,0.0205,0.1419,1.0,0.0,OK,bn_absorb_ask,BN_CRITICAL,NQ_27,8.0,2.05,
390,0.0,2.0,0.0,1.0,0.0256,0.1583,1.0,0.0,OK,bn_absorb_bid,BN_CRITICAL,NQ_27,10.0,2.56,
390,0.0,2.0,0.0,1.0,0.3564,0.4796,1.0,0.0,OK,bn_long_up,BN_CRITICAL,NQ_27,139.0,35.64,
390,0.0,2.0,0.0,1.0,0.2308,0.4219,1.0,0.0,OK,bn_long_dn,BN_CRITICAL,NQ_27,90.0,23.08,
390,0.0,2.0,0.0,1.0,0.0872,0.2825,1.0,0.0,OK,bn_pressure_ask,BN_CRITICAL,NQ_27,34.0,8.72,
390,0.0,2.0,0.0,1.0,0.0641,0.2453,1.0,0.0,OK,bn_pressure_bid,BN_CRITICAL,NQ_27,25.0,6.41,
390,0.0,1.0,0.0,0.0,0.0,0.0,0.0,0.0,CONSTANT,bn_score_raw,BN_CRITICAL,NQ_27,0.0,0.0,
390,0.0,1.0,0.0,0.0,0.0,0.0,0.0,0.0,CONSTANT,bn_score_bull,BN_CRITICAL,NQ_27,0.0,0.0,
390,0.0,1.0,0.0,0.0,0.0,0.0,0.0,0.0,CONSTANT,bn_score_bear,BN_CRITICAL,NQ_27,0.0,0.0,
390,0.0,2.0,0.0,1.0,0.3436,0.4755,1.0,0.0,OK,bn_volume_up,BN_CRITICAL,NQ_27,134.0,34.36,
390,0.0,2.0,0.0,1.0,0.2231,0.4168,1.0,0.0,OK,bn_volume_dn,BN_CRITICAL,NQ_27,87.0,22.31,
390,0.0,2.0,0.0,1.0,0.0974,0.2969,1.0,0.0,OK,bar_color_up,BN_CRITICAL,NQ_27,38.0,9.74,
390,0.0,2.0,0.0,1.0,0.0231,0.1503,1.0,0.0,OK,bar_color_dn,BN_CRITICAL,NQ_27,9.0,2.31,
390,0.0,2.0,0.0,1.0,0.1667,0.3732,1.0,0.0,OK,bar_long_up_bar,BN_CRITICAL,NQ_27,65.0,16.67,
390,0.0,2.0,0.0,1.0,0.059,0.2359,1.0,0.0,OK,bar_long_dn_bar,BN_CRITICAL,NQ_27,23.0,5.9,
390,0.0,2.0,0.0,1.0,0.0154,0.1232,1.0,0.0,OK,bar_long_dn_up,BN_CRITICAL,NQ_27,6.0,1.54,
390,0.0,2.0,0.0,1.0,0.0308,0.1729,1.0,0.0,OK,bar_long_up_dn,BN_CRITICAL,NQ_27,12.0,3.08,
390,0.0,2.0,0.0,1.0,0.541,0.499,1.0,0.0,OK,bar_edge_buy,BN_CRITICAL,NQ_27,211.0,54.1,
390,0.0,2.0,0.0,1.0,0.5,0.5006,1.0,0.0,OK,bar_edge_sell,BN_CRITICAL,NQ_27,195.0,50.0,
390,0.0,2.0,0.0,1.0,0.0744,0.2627,1.0,0.0,OK,bar_pressure_ask,BN_CRITICAL,NQ_27,29.0,7.44,
390,0.0,2.0,0.0,1.0,0.0744,0.2627,1.0,0.0,OK,bar_pressure_bid,BN_CRITICAL,NQ_27,29.0,7.44,
390,100.0,,,,,,,,ALL_NAN,dist_ext_color_up,BN_CRITICAL,NQ_27,,,
390,100.0,,,,,,,,ALL_NAN,dist_ext_color_dn,BN_CRITICAL,NQ_27,,,
390,0.0,56.0,-14.0,177.0,5.1026,20.348,112.88,-11.0,OK,dist_ext_long_up,BN_CRITICAL,NQ_27,,,
390,0.0,134.0,-8.0,320.0,40.0744,63.3872,255.88,-7.0,OK,dist_ext_long_dn,BN_CRITICAL,NQ_27,,,
390,0.0,96.0,-120.5,197.5,-6.4564,29.0979,128.94,-91.385,OK,dist_ext_edge_buy,BN_CRITICAL,NQ_27,,,
390,0.0,120.0,-216.5,89.5,-9.1577,47.5203,62.99,-187.16,OK,dist_ext_edge_sell,BN_CRITICAL,NQ_27,,,
390,0.0,2.0,0.0,1.0,0.2923,0.4554,1.0,0.0,OK,fp_edge_buy,BN_CRITICAL,NQ_27,114.0,29.23,
390,0.0,2.0,0.0,1.0,0.2333,0.4235,1.0,0.0,OK,fp_edge_sell,BN_CRITICAL,NQ_27,91.0,23.33,
390,0.26,6.0,0.0,9.0,0.1054,0.6475,2.12,0.0,OK,dist_big_ask_nearest_up,BIG_ORDERS,NQ_27,,,
390,1.03,4.0,-4.0,-1.0,-1.057,0.3004,-1.0,-3.0,OK,dist_big_ask_nearest_dn,BIG_ORDERS,NQ_27,0.0,0.0,
390,2.31,7.0,0.0,7.0,0.105,0.6152,4.0,0.0,OK,dist_big_bid_nearest_up,BIG_ORDERS,NQ_27,,,
390,0.0,5.0,-14.0,-1.0,-1.1256,0.7869,-1.0,-3.0,OK,dist_big_bid_nearest_dn,BIG_ORDERS,NQ_27,0.0,0.0,
390,0.0,1.0,20.0,20.0,20.0,0.0,20.0,20.0,CONSTANT,n_big_ask_t1,BIG_ORDERS,NQ_27,390.0,100.0,
390,0.0,1.0,20.0,20.0,20.0,0.0,20.0,20.0,CONSTANT,n_big_bid_t1,BIG_ORDERS,NQ_27,390.0,100.0,
390,0.0,15.0,4.0,20.0,18.1308,4.3469,20.0,4.89,OK,n_big_ask_t2,BIG_ORDERS,NQ_27,,,
390,0.0,15.0,6.0,20.0,18.8103,3.0379,20.0,7.0,OK,n_big_bid_t2,BIG_ORDERS,NQ_27,,,
390,0.0,11.0,0.0,10.0,1.7154,2.6653,9.0,0.0,OK,n_big_ask_t3,BIG_ORDERS,NQ_27,,,
390,0.0,9.0,0.0,13.0,1.7256,2.4483,8.0,0.0,OK,n_big_bid_t3,BIG_ORDERS,NQ_27,,,
390,0.0,1.0,0.0,0.0,0.0,0.0,0.0,0.0,CONSTANT,n_big_ask_t4,BIG_ORDERS,NQ_27,0.0,0.0,
390,0.0,1.0,0.0,0.0,0.0,0.0,0.0,0.0,CONSTANT,n_big_bid_t4,BIG_ORDERS,NQ_27,0.0,0.0,
390,0.0,27.0,0.0,29.0,13.5103,4.4835,23.11,0.0,OK,big_ask_cluster_20t,BIG_ORDERS,NQ_27,,,
390,0.0,25.0,2.0,34.0,14.4436,4.0664,24.0,3.0,OK,big_bid_cluster_20t,BIG_ORDERS,NQ_27,,,
390,0.0,31.0,0.0,30.0,16.5923,5.6891,28.11,0.0,OK,big_ask_cluster_50t,BIG_ORDERS,NQ_27,,,
390,0.0,28.0,2.0,41.0,18.4179,4.7446,29.11,4.78,OK,big_bid_cluster_50t,BIG_ORDERS,NQ_27,,,
390,0.0,17.0,0.0,17.0,9.1949,1.8761,15.0,0.0,OK,big_ask_cluster_20t_t1,BIG_ORDERS,NQ_27,,,
390,0.0,16.0,2.0,17.0,9.8949,1.7525,16.0,3.0,OK,big_bid_cluster_20t_t1,BIG_ORDERS,NQ_27,,,
390,0.0,16.0,0.0,15.0,4.1308,3.4908,12.11,0.0,OK,big_ask_cluster_20t_t2,BIG_ORDERS,NQ_27,,,
390,0.0,19.0,0.0,18.0,4.4051,3.5171,14.11,0.0,OK,big_bid_cluster_20t_t2,BIG_ORDERS,NQ_27,,,
390,0.0,5.0,0.0,4.0,0.1846,0.5088,2.0,0.0,OK,big_ask_cluster_20t_t3,BIG_ORDERS,NQ_27,56.0,14.36,
390,0.0,4.0,0.0,6.0,0.1436,0.4915,2.0,0.0,OK,big_bid_cluster_20t_t3,BIG_ORDERS,NQ_27,43.0,11.03,
390,0.0,1.0,0.0,0.0,0.0,0.0,0.0,0.0,CONSTANT,big_ask_cluster_20t_t4,BIG_ORDERS,NQ_27,0.0,0.0,
390,0.0,1.0,0.0,0.0,0.0,0.0,0.0,0.0,CONSTANT,big_bid_cluster_20t_t4,BIG_ORDERS,NQ_27,0.0,0.0,
390,0.77,7.0,0.0,6.0,0.1059,0.5683,3.14,0.0,OK,dist_cluster_nearest_up,BIG_ORDERS,NQ_27,,,
390,0.26,6.0,-8.0,-1.0,-1.1105,0.5659,-1.0,-3.12,OK,dist_cluster_nearest_dn,BIG_ORDERS,NQ_27,,,
390,0.0,8.0,9.0,20.0,19.8487,0.8957,20.0,15.0,OK,n_clusters_20t,BIG_ORDERS,NQ_27,,,
390,0.0,1.0,20.0,20.0,20.0,0.0,20.0,20.0,CONSTANT,n_clusters_50t,BIG_ORDERS,NQ_27,390.0,100.0,
390,0.0,225.0,-126.0,518.0,91.8077,95.4735,359.31,-85.11,OK,dist_swing_high,SWING,NQ_27,,,
390,0.0,238.0,-407.0,315.0,-115.4103,103.0709,156.31,-358.66,OK,dist_swing_low,SWING,NQ_27,,,
390,0.0,25.0,84.0,546.0,207.2179,103.0473,546.0,84.0,OK,swing_range_ticks,SWING,NQ_27,,,
390,0.0,3.0,-1.0,1.0,0.2795,0.96,1.0,-1.0,OK,price_vs_swing_mid,SWING,NQ_27,249.0,63.85,
390,0.0,2.0,0.0,1.0,0.0179,0.1329,1.0,0.0,OK,new_swing_high,SWING,NQ_27,7.0,1.79,
390,0.0,2.0,0.0,1.0,0.0128,0.1126,1.0,0.0,OK,new_swing_low,SWING,NQ_27,5.0,1.28,
390,0.0,3.0,0.0,8.0,6.2872,2.7491,8.0,0.0,OK,open_type,SESSION_OPEN,NQ_27,329.0,84.36,
390,0.0,3.0,1.0,7.0,1.9846,1.1176,3.44,1.0,OK,open_zone,SESSION_OPEN,NQ_27,390.0,100.0,
390,0.0,3.0,0.0,0.65,0.3868,0.2313,0.65,0.0,OK,open_bias_conf,SESSION_OPEN,NQ_27,329.0,84.36,
390,0.0,2.0,0.0,1.0,0.3821,0.4865,1.0,0.0,OK,open_direction,SESSION_OPEN,NQ_27,149.0,38.21,
390,0.0,3.0,0.0,2.0,1.2462,0.6922,2.0,0.0,OK,day_type,SESSION_OPEN,NQ_27,333.0,85.38,
390,0.0,1.0,0.0,0.0,0.0,0.0,0.0,0.0,CONSTANT,rule_80pct,SESSION_OPEN,NQ_27,0.0,0.0,
390,0.0,2.0,0.0,0.35,0.1876,0.1748,0.35,0.0,OK,trend_day_probability,SESSION_OPEN,NQ_27,209.0,53.59,
390,0.0,1.0,1.0,1.0,1.0,0.0,1.0,1.0,CONSTANT,ma_trend,SESSION_OPEN,NQ_27,390.0,100.0,
390,0.0,260.0,-283.0,294.0,-53.3077,123.1511,229.88,-262.22,OK,dist_open_cash,SESSION_OPEN,NQ_27,,,
390,0.0,260.0,-143.0,434.0,86.6923,123.1511,369.88,-122.22,OK,dist_open_830,SESSION_OPEN,NQ_27,,,
390,0.0,2.0,-1816.0,4.0,-971.3333,908.8176,4.0,-1816.0,OK,open_gap_ticks,SESSION_OPEN,NQ_27,181.0,46.41,
390,0.0,2.0,0.0,2.0,1.0718,0.9987,2.0,0.0,OK,open_position,SESSION_OPEN,NQ_27,209.0,53.59,
390,0.0,1.0,,,,,,,CONSTANT,session_id,SESSION_OPEN,NQ_27,,,US
390,0.0,1.0,2.0,2.0,2.0,0.0,2.0,2.0,CONSTANT,session,SESSION_OPEN,NQ_27,390.0,100.0,
390,0.0,2.0,0.0,1.0,0.1564,0.3637,1.0,0.0,OK,bool_session_early,SESSION_OPEN,NQ_27,61.0,15.64,
390,0.0,262.0,0.0,948.0,403.9923,320.4645,883.88,2.0,OK,dist_sess_high,SESSION_OPEN,NQ_27,,,
390,0.0,238.0,-426.0,-13.0,-213.3795,96.5956,-28.0,-415.44,OK,dist_sess_low,SESSION_OPEN,NQ_27,,,
390,0.0,26.0,46.0,976.0,617.3718,373.6586,976.0,51.89,OK,sess_range_ticks,SESSION_OPEN,NQ_27,,,
390,0.0,26.0,0.1049,2.2251,1.4082,0.8522,2.2251,0.1183,OK,sess_range_atr,SESSION_OPEN,NQ_27,,,
390,0.0,279.0,3.0,948.0,472.5795,286.9855,883.88,7.0,OK,dist_ovn_high,SESSION_OPEN,NQ_27,,,
390,0.0,234.0,-375.0,155.0,-122.6641,99.6514,90.88,-354.99,OK,dist_ovn_low,SESSION_OPEN,NQ_27,,,
390,0.0,20.0,34.0,793.0,595.2436,299.067,793.0,45.0,OK,ovn_range_ticks,SESSION_OPEN,NQ_27,,,
390,0.0,2.0,0.0,1.0,0.4051,0.4915,1.0,0.0,OK,bool_above_cur_vpoc,BOOLS,NQ_27,158.0,40.51,
390,0.0,1.0,1.0,1.0,1.0,0.0,1.0,1.0,CONSTANT,bool_above_prev_vpoc,BOOLS,NQ_27,390.0,100.0,
390,0.0,2.0,0.0,1.0,0.3872,0.4877,1.0,0.0,OK,bool_above_vwap_d,BOOLS,NQ_27,151.0,38.72,
390,0.0,2.0,0.0,1.0,0.4821,0.5003,1.0,0.0,OK,bool_above_vwap_w,BOOLS,NQ_27,188.0,48.21,
390,0.0,1.0,1.0,1.0,1.0,0.0,1.0,1.0,CONSTANT,bool_above_vwap_m,BOOLS,NQ_27,390.0,100.0,
390,0.0,2.0,0.0,1.0,0.4821,0.5003,1.0,0.0,OK,bool_near_level,BOOLS,NQ_27,188.0,48.21,
390,0.0,1.0,0.0,0.0,0.0,0.0,0.0,0.0,CONSTANT,bool_va_confluence,BOOLS,NQ_27,0.0,0.0,
390,30.26,79.0,1.0,199.0,24.8309,29.1868,128.61,1.0,OK,dist_session_hvn_above,HVN_LVN,NQ_27,,,
390,37.95,63.0,1.0,137.0,20.8636,22.6302,107.59,1.0,OK,dist_session_hvn_below,HVN_LVN,NQ_27,,,
390,7.95,216.0,1.0,449.0,160.5655,136.8632,437.26,1.0,OK,dist_session_lvn_above,HVN_LVN,NQ_27,,,
390,7.18,189.0,1.0,291.0,93.7293,72.0038,281.56,1.61,OK,dist_session_lvn_below,HVN_LVN,NQ_27,,,
390,0.0,8.0,0.0,10.0,1.7077,3.5588,10.0,0.0,OK,session_hvn_count,HVN_LVN,NQ_27,,,
390,0.0,10.0,0.0,10.0,1.0359,2.7302,10.0,0.0,OK,session_lvn_count,HVN_LVN,NQ_27,,,
390,0.0,1.0,0.0,0.0,0.0,0.0,0.0,0.0,CONSTANT,lvn_between,HVN_LVN,NQ_27,0.0,0.0,
390,0.0,1.0,0.0,0.0,0.0,0.0,0.0,0.0,CONSTANT,hvn_between,HVN_LVN,NQ_27,0.0,0.0,
390,0.0,6.0,0.0,5.0,0.4462,1.0879,5.0,0.0,OK,lvn_confluence_count,HVN_LVN,NQ_27,,,
390,0.0,4.0,0.0,3.0,0.2,0.508,2.0,0.0,OK,retest_high_count,RETEST,NQ_27,62.0,15.9,
390,0.0,2.0,0.0,1.0,0.0949,0.2934,1.0,0.0,OK,retest_low_count,RETEST,NQ_27,37.0,9.49,
390,0.0,2.0,0.0,1.0,0.0077,0.0875,0.0,0.0,OK,retest_high_delta_div,RETEST,NQ_27,3.0,0.77,
390,0.0,2.0,0.0,1.0,0.0051,0.0715,0.0,0.0,OK,retest_low_delta_div,RETEST,NQ_27,2.0,0.51,
390,84.1,18.0,1.0,18.0,6.7742,4.98,17.39,1.0,HIGH_NAN,bars_since_retest_high,RETEST,NQ_27,,,
390,90.51,23.0,1.0,23.0,8.5946,6.974,22.64,1.0,HIGH_NAN,bars_since_retest_low,RETEST,NQ_27,,,
390,0.0,383.0,0.3315,9.6843,1.0433,0.6852,3.5213,0.4032,OK,rvol,RVOL,NQ_27,,,
390,0.0,388.0,-1.8409,4.2913,-0.0189,1.064,3.3499,-1.6735,OK,rvol_zscore,RVOL,NQ_27,,,
390,0.0,2.0,0.0,1.0,0.0077,0.0875,0.0,0.0,OK,rvol_buy,RVOL,NQ_27,3.0,0.77,
390,0.0,2.0,0.0,1.0,0.0154,0.1232,1.0,0.0,OK,rvol_sell,RVOL,NQ_27,6.0,1.54,
390,0.0,2.0,0.0,1.0,0.0128,0.1126,1.0,0.0,OK,rvol_absorb_buy,RVOL,NQ_27,5.0,1.28,
390,0.0,2.0,0.0,1.0,0.0051,0.0715,0.0,0.0,OK,rvol_absorb_sell,RVOL,NQ_27,2.0,0.51,
390,0.0,5.0,435.36,438.62,438.4593,0.6862,438.62,435.36,OK,atr,MISC,NQ_27,390.0,100.0,
390,0.0,288.0,21.07,117.36,44.1303,22.6776,109.8835,21.3523,OK,atr_14m,MISC,NQ_27,,,
390,0.26,296.0,0.0,100.0,45.5297,33.6497,100.0,0.0,OK,range_pos,MISC,NQ_27,,,
390,0.26,158.0,17.0,453.0,248.4524,127.1246,441.24,20.88,OK,range_size_ticks,MISC,NQ_27,,,
390,0.0,112.0,-31.25,38.25,0.0891,7.2466,18.0,-19.2775,OK,momentum_3b,MISC,NQ_27,,,
390,0.0,143.0,-44.5,60.25,0.1981,10.3352,31.885,-23.555,OK,momentum_5b,MISC,NQ_27,,,
390,0.0,144.0,-193.0,256.0,2.7615,41.7111,116.22,-113.88,OK,finish_strength,MISC,NQ_27,,,
390,0.0,135.0,7148.25,7199.25,7181.1417,14.4195,7198.5275,7149.4725,OK,price,OHLCV_PRIMITIVES,ES_24,,,
390,0.0,128.0,7150.0,7200.5,7182.4724,14.0663,7199.2775,7152.9175,OK,bar_high,OHLCV_PRIMITIVES,ES_24,,,
390,0.0,136.0,7145.0,7198.75,7179.8468,14.829,7197.305,7147.1675,OK,bar_low,OHLCV_PRIMITIVES,ES_24,,,
390,0.0,374.0,584.0,56495.0,2729.8513,3478.6246,13747.54,700.14,OK,total_vol,OHLCV_PRIMITIVES,ES_24,,,
390,0.0,355.0,270.0,26128.0,1368.8538,1694.6305,7328.63,299.78,OK,buy_vol,OHLCV_PRIMITIVES,ES_24,,,
390,0.0,356.0,314.0,30367.0,1360.9974,1810.524,6159.17,368.02,OK,sell_vol,OHLCV_PRIMITIVES,ES_24,,,
390,0.0,312.0,-4239.0,2966.0,7.8564,445.7695,1000.47,-948.4,OK,delta_bar,DELTA_VOLUME_PROFILE,ES_24,,,
390,0.0,376.0,-0.5408,0.3434,0.0029,0.1204,0.2797,-0.2522,OK,delta_bar_vol_norm,DELTA_VOLUME_PROFILE,ES_24,,,
390,0.0,373.0,-18199.0,2256.0,-8231.9795,7290.9079,1962.86,-17585.32,OK,delta_day,DELTA_VOLUME_PROFILE,ES_24,,,
390,0.0,2.0,-1.0,1.0,-0.6308,0.777,1.0,-1.0,OK,delta_day_dir,DELTA_VOLUME_PROFILE,ES_24,72.0,18.46,
390,0.0,357.0,0.2296,0.6717,0.5015,0.0602,0.6398,0.3739,OK,ask_pct,DELTA_VOLUME_PROFILE,ES_24,,,
390,0.0,357.0,0.3283,0.7704,0.4985,0.0602,0.6261,0.3602,OK,bid_pct,DELTA_VOLUME_PROFILE,ES_24,,,
390,0.0,376.0,-0.5408,0.3434,0.0029,0.1204,0.2797,-0.2522,OK,ask_bid_imbalance,DELTA_VOLUME_PROFILE,ES_24,,,
390,0.0,357.0,0.2296,0.6717,0.5015,0.0602,0.6398,0.3739,OK,buy_sell_ratio,DELTA_VOLUME_PROFILE,ES_24,,,
390,0.0,376.0,-0.5408,0.3434,0.0029,0.1204,0.2797,-0.2522,OK,delta_pct,DELTA_VOLUME_PROFILE,ES_24,,,
390,0.0,369.0,478.0,23522.0,2020.7769,1941.1513,9875.88,597.04,OK,ticks_count,DELTA_VOLUME_PROFILE,ES_24,,,
390,0.0,131.0,0.0,1.0,0.7359,0.3475,1.0,0.0,OK,finish_delta_pct,DELTA_VOLUME_PROFILE,ES_24,,,
390,0.0,102.0,-37.0,207.0,23.7795,30.4394,134.44,-21.33,OK,high_pullback_delta,DELTA_VOLUME_PROFILE,ES_24,,,
390,0.0,100.0,-64.0,758.0,26.6538,55.9558,185.87,-21.09,OK,low_pullback_delta,DELTA_VOLUME_PROFILE,ES_24,,,
390,0.0,295.0,0.0,3660.0,336.0462,366.8789,1679.24,7.23,OK,diag_pos_delta,DELTA_VOLUME_PROFILE,ES_24,,,
390,0.0,282.0,0.0,7615.0,328.6769,447.4042,1131.98,28.67,OK,diag_neg_delta,DELTA_VOLUME_PROFILE,ES_24,,,
390,0.0,378.0,-1.0,1.0,0.0113,0.4251,0.8477,-0.9804,OK,diag_imbalance,DELTA_VOLUME_PROFILE,ES_24,,,
390,0.0,157.0,0.1346,1.0,0.8617,0.1913,1.0,0.2954,OK,low_bid_vol_pct,DELTA_VOLUME_PROFILE,ES_24,,,
390,0.0,152.0,0.0,1.0,0.8595,0.1972,1.0,0.2495,OK,high_ask_vol_pct,DELTA_VOLUME_PROFILE,ES_24,,,
390,0.0,385.0,85.6667,2690.238,229.0978,154.671,517.0397,99.6958,OK,avg_trade_size,DELTA_VOLUME_PROFILE,ES_24,,,
390,0.0,368.0,48.5455,1518.35,121.9517,88.0681,279.9338,52.5067,OK,avg_bid_size,DELTA_VOLUME_PROFILE,ES_24,,,
390,0.0,376.0,34.625,1306.4,121.9891,77.6183,298.9493,47.924,OK,avg_ask_size,DELTA_VOLUME_PROFILE,ES_24,,,
390,0.0,380.0,0.298,2.0462,1.0359,0.2459,1.7747,0.5782,OK,large_trader_ratio,DELTA_VOLUME_PROFILE,ES_24,,,
390,0.0,378.0,10.2456,941.5833,45.5909,57.9723,229.1256,11.669,OK,vol_per_sec,DELTA_VOLUME_PROFILE,ES_24,,,
390,0.0,5.0,56.0,60.0,59.8077,0.5085,60.0,58.0,OK,bar_duration_sec,DELTA_VOLUME_PROFILE,ES_24,390.0,100.0,
390,0.0,312.0,-4239.0,2966.0,7.8564,445.7695,1000.47,-948.4,OK,cvd_bar_delta,DELTA_VOLUME_PROFILE,ES_24,,,
390,0.0,368.0,-18199.0,-8862.0,-13363.3641,2415.1051,-9155.14,-17585.32,OK,cvd_day,DELTA_VOLUME_PROFILE,ES_24,,,
390,0.0,1.0,-1.0,-1.0,-1.0,0.0,-1.0,-1.0,CONSTANT,cvd_day_dir,DELTA_VOLUME_PROFILE,ES_24,0.0,0.0,
390,0.0,1.0,0.0,0.0,0.0,0.0,0.0,0.0,CONSTANT,cvd_ohlc_range,DELTA_VOLUME_PROFILE,ES_24,0.0,0.0,
390,0.0,1.0,0.0,0.0,0.0,0.0,0.0,0.0,CONSTANT,rotation_up,DELTA_VOLUME_PROFILE,ES_24,0.0,0.0,
390,0.0,1.0,0.0,0.0,0.0,0.0,0.0,0.0,CONSTANT,rotation_dn,DELTA_VOLUME_PROFILE,ES_24,0.0,0.0,
390,0.0,41.0,-8.0,5.0,-0.0397,1.7252,4.25,-4.75,OK,rotation_zz_osc,DELTA_VOLUME_PROFILE,ES_24,,,
390,0.0,1.0,0.0,0.0,0.0,0.0,0.0,0.0,CONSTANT,delta_divergence,DELTA_VOLUME_PROFILE,ES_24,0.0,0.0,
390,100.0,,,,,,,,ALL_NAN,dist_vwap_d,VWAP_SD,ES_24,,,
390,100.0,,,,,,,,ALL_NAN,dist_vwap_d_atr,VWAP_SD,ES_24,,,
390,100.0,,,,,,,,ALL_NAN,dist_vwap_d_sd1u,VWAP_SD,ES_24,,,
390,100.0,,,,,,,,ALL_NAN,dist_vwap_d_sd1d,VWAP_SD,ES_24,,,
390,100.0,,,,,,,,ALL_NAN,dist_vwap_d_sd2u,VWAP_SD,ES_24,,,
390,100.0,,,,,,,,ALL_NAN,dist_vwap_d_sd2d,VWAP_SD,ES_24,,,
390,100.0,,,,,,,,ALL_NAN,dist_vwap_d_sd3u,VWAP_SD,ES_24,,,
390,100.0,,,,,,,,ALL_NAN,dist_vwap_d_sd3d,VWAP_SD,ES_24,,,
390,100.0,,,,,,,,ALL_NAN,dist_vwap_w,VWAP_SD,ES_24,,,
390,100.0,,,,,,,,ALL_NAN,dist_vwap_w_atr,VWAP_SD,ES_24,,,
390,100.0,,,,,,,,ALL_NAN,dist_vwap_m,VWAP_SD,ES_24,,,
390,100.0,,,,,,,,ALL_NAN,dist_vwap_m_atr,VWAP_SD,ES_24,,,
390,0.0,1.0,0.0,0.0,0.0,0.0,0.0,0.0,CONSTANT,vwap_d_side,VWAP_SD,ES_24,0.0,0.0,
390,0.0,1.0,0.0,0.0,0.0,0.0,0.0,0.0,CONSTANT,vwap_w_side,VWAP_SD,ES_24,0.0,0.0,
390,0.0,1.0,0.0,0.0,0.0,0.0,0.0,0.0,CONSTANT,vwap_m_side,VWAP_SD,ES_24,0.0,0.0,
390,0.0,1.0,0.0,0.0,0.0,0.0,0.0,0.0,CONSTANT,vwap_slope_10,VWAP_SD,ES_24,0.0,0.0,
390,0.0,1.0,0.0,0.0,0.0,0.0,0.0,0.0,CONSTANT,vwap_slope_30,VWAP_SD,ES_24,0.0,0.0,
390,0.0,1.0,0.0,0.0,0.0,0.0,0.0,0.0,CONSTANT,vwap_slope_10_dir,VWAP_SD,ES_24,0.0,0.0,
390,0.0,1.0,0.0,0.0,0.0,0.0,0.0,0.0,CONSTANT,vwap_ma_align,VWAP_SD,ES_24,0.0,0.0,
390,0.0,1.0,-1.0,-1.0,-1.0,0.0,-1.0,-1.0,CONSTANT,vwap_triple_align,VWAP_SD,ES_24,0.0,0.0,
390,100.0,,,,,,,,ALL_NAN,dist_prev_vwap,VWAP_SD,ES_24,,,
390,100.0,,,,,,,,ALL_NAN,dist_prev_vwap_sd1u,VWAP_SD,ES_24,,,
390,100.0,,,,,,,,ALL_NAN,dist_prev_vwap_sd1d,VWAP_SD,ES_24,,,
390,0.0,135.0,-130.0,74.0,-57.5667,57.6782,69.11,-127.11,OK,dist_ib_high,IB,ES_24,,,
390,0.0,141.0,-217.0,-2.0,-142.9205,60.8315,-6.67,-214.11,OK,dist_ib_low,IB,ES_24,,,
390,0.0,7.0,36.0,87.0,85.3538,6.4814,87.0,55.0,OK,ib_range_ticks,IB,ES_24,,,
390,0.0,83.0,0.5029,1.217,1.1885,0.0895,1.2167,0.7688,OK,ib_range_atr,IB,ES_24,,,
390,0.0,1.0,0.0,0.0,0.0,0.0,0.0,0.0,CONSTANT,ib_is_narrow,IB,ES_24,0.0,0.0,
390,0.0,2.0,0.0,1.0,0.9872,0.1126,1.0,0.0,OK,ib_is_wide,IB,ES_24,385.0,98.72,
390,95.38,16.0,0.2644,0.9885,0.7011,0.2179,0.9826,0.2839,HIGH_NAN,ib_position_pct,IB,ES_24,,,
390,0.0,2.0,0.0,1.0,0.7974,0.4024,1.0,0.0,OK,ib_broken_up,IB,ES_24,311.0,79.74,
390,0.0,1.0,0.0,0.0,0.0,0.0,0.0,0.0,CONSTANT,ib_broken_down,IB,ES_24,0.0,0.0,
390,0.0,2.0,0.0,1.0,0.8436,0.3637,1.0,0.0,OK,ib_complete,IB,ES_24,329.0,84.36,
390,0.0,2.0,0.0,1.0,0.2026,0.4024,1.0,0.0,OK,bool_ib_inside,IB,ES_24,79.0,20.26,
390,100.0,,,,,,,,ALL_NAN,dist_cur_vpoc,PROFILE_VPOC,ES_24,,,
390,100.0,,,,,,,,ALL_NAN,dist_cur_vah,PROFILE_VPOC,ES_24,,,
390,100.0,,,,,,,,ALL_NAN,dist_cur_val,PROFILE_VPOC,ES_24,,,
390,100.0,,,,,,,,ALL_NAN,dist_cur_vwap_vp,PROFILE_VPOC,ES_24,,,
390,100.0,,,,,,,,ALL_NAN,va_position_pct,PROFILE_VPOC,ES_24,,,
390,0.0,1.0,0.0,0.0,0.0,0.0,0.0,0.0,CONSTANT,inside_cur_va,PROFILE_VPOC,ES_24,0.0,0.0,
390,0.0,1.0,0.0,0.0,0.0,0.0,0.0,0.0,CONSTANT,vah_touches_20b,PROFILE_VPOC,ES_24,0.0,0.0,
390,0.0,1.0,0.0,0.0,0.0,0.0,0.0,0.0,CONSTANT,val_touches_20b,PROFILE_VPOC,ES_24,0.0,0.0,
390,0.0,1.0,0.0,0.0,0.0,0.0,0.0,0.0,CONSTANT,bars_in_va,PROFILE_VPOC,ES_24,0.0,0.0,
390,0.0,16.0,0.0,32.0,2.7308,3.2657,13.0,0.0,OK,poc_bar_dist,PROFILE_VPOC,ES_24,,,
390,100.0,,,,,,,,ALL_NAN,dist_prev_vpoc,PROFILE_VPOC,ES_24,,,
390,100.0,,,,,,,,ALL_NAN,dist_prev_vpoc_atr,PROFILE_VPOC,ES_24,,,
390,100.0,,,,,,,,ALL_NAN,dist_prev_vah,PROFILE_VPOC,ES_24,,,
390,100.0,,,,,,,,ALL_NAN,dist_prev_val,PROFILE_VPOC,ES_24,,,
390,0.0,1.0,0.0,0.0,0.0,0.0,0.0,0.0,CONSTANT,inside_prev_va,PROFILE_VPOC,ES_24,0.0,0.0,
390,0.0,1.0,0.0,0.0,0.0,0.0,0.0,0.0,CONSTANT,open_in_prev_va,PROFILE_VPOC,ES_24,0.0,0.0,
390,100.0,,,,,,,,ALL_NAN,dist_comp_20d_vpoc,PROFILE_VPOC,ES_24,,,
390,100.0,,,,,,,,ALL_NAN,dist_comp_20d_vpoc_atr,PROFILE_VPOC,ES_24,,,
390,100.0,,,,,,,,ALL_NAN,dist_comp_20d_vah,PROFILE_VPOC,ES_24,,,
390,100.0,,,,,,,,ALL_NAN,dist_comp_20d_val,PROFILE_VPOC,ES_24,,,
390,100.0,,,,,,,,ALL_NAN,dist_comp_20d_vwap,PROFILE_VPOC,ES_24,,,
390,100.0,,,,,,,,ALL_NAN,dist_comp_50d_vpoc,PROFILE_VPOC,ES_24,,,
390,100.0,,,,,,,,ALL_NAN,dist_comp_50d_vpoc_atr,PROFILE_VPOC,ES_24,,,
390,100.0,,,,,,,,ALL_NAN,dist_comp_50d_vah,PROFILE_VPOC,ES_24,,,
390,100.0,,,,,,,,ALL_NAN,dist_comp_50d_val,PROFILE_VPOC,ES_24,,,
390,100.0,,,,,,,,ALL_NAN,dist_comp_50d_vwap,PROFILE_VPOC,ES_24,,,
390,0.0,1.0,0.0,0.0,0.0,0.0,0.0,0.0,CONSTANT,inside_comp_20d_va,PROFILE_VPOC,ES_24,0.0,0.0,
390,0.0,1.0,0.0,0.0,0.0,0.0,0.0,0.0,CONSTANT,inside_comp_50d_va,PROFILE_VPOC,ES_24,0.0,0.0,
390,0.0,1.0,0.0,0.0,0.0,0.0,0.0,0.0,CONSTANT,comp_vpoc_align_20_50,PROFILE_VPOC,ES_24,0.0,0.0,
390,0.0,1.0,0.0,0.0,0.0,0.0,0.0,0.0,CONSTANT,comp_vpoc_align_day_20,PROFILE_VPOC,ES_24,0.0,0.0,
390,0.0,4.0,0.0,3.0,2.4103,0.9271,3.0,0.0,OK,profile_shape,PROFILE_VPOC,ES_24,365.0,93.59,
390,0.0,78.0,-0.2483,0.2883,0.0037,0.1412,0.2883,-0.2483,OK,profile_skew,PROFILE_VPOC,ES_24,,,
390,0.0,13.0,0.0476,0.7619,0.4878,0.1064,0.7619,0.0476,OK,poc_position,PROFILE_VPOC,ES_24,,,
390,0.0,78.0,0.2674,4.0421,1.287,0.6979,4.0421,0.2674,OK,volume_imbalance,PROFILE_VPOC,ES_24,,,
390,0.0,2.0,0.0,1.0,0.6538,0.4764,1.0,0.0,OK,is_double_dist,PROFILE_VPOC,ES_24,255.0,65.38,
390,0.0,6.0,0.0,57.0,26.8333,25.7816,57.0,0.0,OK,poc_separation_ticks,PROFILE_VPOC,ES_24,,,
390,0.0,11.0,7134.38,7193.5,7161.1505,27.5161,7193.5,7134.38,OK,single_print_mid,PROFILE_VPOC,ES_24,,,
390,0.0,31.0,0.0,69.0,32.9359,26.1439,69.0,0.0,OK,single_print_count,PROFILE_VPOC,ES_24,,,
390,0.0,7.0,7141.75,7192.25,7163.7981,23.8842,7192.25,7141.75,OK,profile_hvn_dominant,PROFILE_VPOC,ES_24,,,
390,100.0,,,,,,,,ALL_NAN,dist_mq_call,MENTHORQ,ES_24,,,
390,100.0,,,,,,,,ALL_NAN,dist_mq_put,MENTHORQ,ES_24,,,
390,100.0,,,,,,,,ALL_NAN,dist_mq_hvl,MENTHORQ,ES_24,,,
390,100.0,,,,,,,,ALL_NAN,dist_mq_call_0dte,MENTHORQ,ES_24,,,
390,100.0,,,,,,,,ALL_NAN,dist_mq_put_0dte,MENTHORQ,ES_24,,,
390,100.0,,,,,,,,ALL_NAN,dist_mq_hvl_0dte,MENTHORQ,ES_24,,,
390,100.0,,,,,,,,ALL_NAN,dist_gex_nearest_up,MENTHORQ,ES_24,,,
390,100.0,,,,,,,,ALL_NAN,dist_gex_nearest_dn,MENTHORQ,ES_24,,,
390,0.0,1.0,0.0,0.0,0.0,0.0,0.0,0.0,CONSTANT,gex_cluster_count,MENTHORQ,ES_24,0.0,0.0,
390,100.0,,,,,,,,ALL_NAN,dist_blind_nearest_up,MENTHORQ,ES_24,,,
390,100.0,,,,,,,,ALL_NAN,dist_blind_nearest_dn,MENTHORQ,ES_24,,,
390,100.0,,,,,,,,ALL_NAN,next_wall_dist_ticks,MENTHORQ,ES_24,,,
390,0.0,1.0,0.0,0.0,0.0,0.0,0.0,0.0,CONSTANT,next_wall_is_call,MENTHORQ,ES_24,0.0,0.0,
390,100.0,,,,,,,,ALL_NAN,dist_1d_min_ticks,MENTHORQ,ES_24,,,
390,100.0,,,,,,,,ALL_NAN,dist_1d_max_ticks,MENTHORQ,ES_24,,,
390,0.0,1.0,0.0,0.0,0.0,0.0,0.0,0.0,CONSTANT,bool_above_mq_hvl,MENTHORQ,ES_24,0.0,0.0,
390,0.0,1.0,0.0,0.0,0.0,0.0,0.0,0.0,CONSTANT,bool_above_mq_call,MENTHORQ,ES_24,0.0,0.0,
390,0.0,1.0,0.0,0.0,0.0,0.0,0.0,0.0,CONSTANT,bool_gex_flip_zone,MENTHORQ,ES_24,0.0,0.0,
390,0.0,1.0,0.0,0.0,0.0,0.0,0.0,0.0,CONSTANT,vix_level,VIX,ES_24,0.0,0.0,
390,100.0,,,,,,,,ALL_NAN,dist_vix_hvl,VIX,ES_24,,,
390,0.0,1.0,1.0,1.0,1.0,0.0,1.0,1.0,CONSTANT,vix_regime,VIX,ES_24,390.0,100.0,
390,0.0,1.0,0.0,0.0,0.0,0.0,0.0,0.0,CONSTANT,vix_above_hvl,VIX,ES_24,0.0,0.0,
390,100.0,,,,,,,,ALL_NAN,dist_vix_call,VIX,ES_24,,,
390,100.0,,,,,,,,ALL_NAN,dist_vix_put,VIX,ES_24,,,
390,100.0,,,,,,,,ALL_NAN,dist_vix_call_0dte,VIX,ES_24,,,
390,100.0,,,,,,,,ALL_NAN,dist_vix_put_0dte,VIX,ES_24,,,
390,100.0,,,,,,,,ALL_NAN,dist_vix_hvl_0dte,VIX,ES_24,,,
390,0.0,1.0,0.0,0.0,0.0,0.0,0.0,0.0,CONSTANT,vix_above_hvl_0dte,VIX,ES_24,0.0,0.0,
390,100.0,,,,,,,,ALL_NAN,dist_vix_gex_nearest_up,VIX,ES_24,,,
390,100.0,,,,,,,,ALL_NAN,dist_vix_gex_nearest_dn,VIX,ES_24,,,
390,0.0,1.0,0.0,0.0,0.0,0.0,0.0,0.0,CONSTANT,bn_color_up,BN_CRITICAL,ES_24,0.0,0.0,
390,0.0,1.0,0.0,0.0,0.0,0.0,0.0,0.0,CONSTANT,bn_color_dn,BN_CRITICAL,ES_24,0.0,0.0,
390,0.0,1.0,0.0,0.0,0.0,0.0,0.0,0.0,CONSTANT,bn_color_up_2,BN_CRITICAL,ES_24,0.0,0.0,
390,0.0,1.0,0.0,0.0,0.0,0.0,0.0,0.0,CONSTANT,bn_color_dn_2,BN_CRITICAL,ES_24,0.0,0.0,
390,0.0,1.0,0.0,0.0,0.0,0.0,0.0,0.0,CONSTANT,bn_absorb_ask,BN_CRITICAL,ES_24,0.0,0.0,
390,0.0,1.0,0.0,0.0,0.0,0.0,0.0,0.0,CONSTANT,bn_absorb_bid,BN_CRITICAL,ES_24,0.0,0.0,
390,0.0,1.0,0.0,0.0,0.0,0.0,0.0,0.0,CONSTANT,bn_long_up,BN_CRITICAL,ES_24,0.0,0.0,
390,0.0,1.0,0.0,0.0,0.0,0.0,0.0,0.0,CONSTANT,bn_long_dn,BN_CRITICAL,ES_24,0.0,0.0,
390,0.0,1.0,0.0,0.0,0.0,0.0,0.0,0.0,CONSTANT,bn_pressure_ask,BN_CRITICAL,ES_24,0.0,0.0,
390,0.0,1.0,0.0,0.0,0.0,0.0,0.0,0.0,CONSTANT,bn_pressure_bid,BN_CRITICAL,ES_24,0.0,0.0,
390,0.0,1.0,0.0,0.0,0.0,0.0,0.0,0.0,CONSTANT,bn_score_raw,BN_CRITICAL,ES_24,0.0,0.0,
390,0.0,1.0,0.0,0.0,0.0,0.0,0.0,0.0,CONSTANT,bn_score_bull,BN_CRITICAL,ES_24,0.0,0.0,
390,0.0,1.0,0.0,0.0,0.0,0.0,0.0,0.0,CONSTANT,bn_score_bear,BN_CRITICAL,ES_24,0.0,0.0,
390,0.0,1.0,0.0,0.0,0.0,0.0,0.0,0.0,CONSTANT,bn_volume_up,BN_CRITICAL,ES_24,0.0,0.0,
390,0.0,1.0,0.0,0.0,0.0,0.0,0.0,0.0,CONSTANT,bn_volume_dn,BN_CRITICAL,ES_24,0.0,0.0,
390,0.0,1.0,0.0,0.0,0.0,0.0,0.0,0.0,CONSTANT,bar_color_up,BN_CRITICAL,ES_24,0.0,0.0,
390,0.0,1.0,0.0,0.0,0.0,0.0,0.0,0.0,CONSTANT,bar_color_dn,BN_CRITICAL,ES_24,0.0,0.0,
390,0.0,1.0,0.0,0.0,0.0,0.0,0.0,0.0,CONSTANT,bar_long_up_bar,BN_CRITICAL,ES_24,0.0,0.0,
390,0.0,1.0,0.0,0.0,0.0,0.0,0.0,0.0,CONSTANT,bar_long_dn_bar,BN_CRITICAL,ES_24,0.0,0.0,
390,0.0,1.0,0.0,0.0,0.0,0.0,0.0,0.0,CONSTANT,bar_long_dn_up,BN_CRITICAL,ES_24,0.0,0.0,
390,0.0,1.0,0.0,0.0,0.0,0.0,0.0,0.0,CONSTANT,bar_long_up_dn,BN_CRITICAL,ES_24,0.0,0.0,
390,0.0,1.0,0.0,0.0,0.0,0.0,0.0,0.0,CONSTANT,bar_edge_buy,BN_CRITICAL,ES_24,0.0,0.0,
390,0.0,1.0,0.0,0.0,0.0,0.0,0.0,0.0,CONSTANT,bar_edge_sell,BN_CRITICAL,ES_24,0.0,0.0,
390,0.0,1.0,0.0,0.0,0.0,0.0,0.0,0.0,CONSTANT,bar_pressure_ask,BN_CRITICAL,ES_24,0.0,0.0,
390,0.0,1.0,0.0,0.0,0.0,0.0,0.0,0.0,CONSTANT,bar_pressure_bid,BN_CRITICAL,ES_24,0.0,0.0,
390,100.0,,,,,,,,ALL_NAN,dist_ext_color_up,BN_CRITICAL,ES_24,,,
390,100.0,,,,,,,,ALL_NAN,dist_ext_color_dn,BN_CRITICAL,ES_24,,,
390,100.0,,,,,,,,ALL_NAN,dist_ext_long_up,BN_CRITICAL,ES_24,,,
390,100.0,,,,,,,,ALL_NAN,dist_ext_long_dn,BN_CRITICAL,ES_24,,,
390,100.0,,,,,,,,ALL_NAN,dist_ext_edge_buy,BN_CRITICAL,ES_24,,,
390,100.0,,,,,,,,ALL_NAN,dist_ext_edge_sell,BN_CRITICAL,ES_24,,,
390,0.0,1.0,0.0,0.0,0.0,0.0,0.0,0.0,CONSTANT,fp_edge_buy,BN_CRITICAL,ES_24,0.0,0.0,
390,0.0,1.0,0.0,0.0,0.0,0.0,0.0,0.0,CONSTANT,fp_edge_sell,BN_CRITICAL,ES_24,0.0,0.0,
390,0.77,2.0,0.0,1.0,0.0078,0.0878,0.0,0.0,OK,dist_big_ask_nearest_up,BIG_ORDERS,ES_24,3.0,0.77,
390,0.51,3.0,-3.0,-1.0,-1.018,0.1676,-1.0,-2.0,OK,dist_big_ask_nearest_dn,BIG_ORDERS,ES_24,0.0,0.0,
390,0.77,2.0,0.0,1.0,0.0078,0.0878,0.0,0.0,OK,dist_big_bid_nearest_up,BIG_ORDERS,ES_24,3.0,0.77,
390,0.26,4.0,-4.0,-1.0,-1.0334,0.2412,-1.0,-2.0,OK,dist_big_bid_nearest_dn,BIG_ORDERS,ES_24,0.0,0.0,
390,0.0,1.0,20.0,20.0,20.0,0.0,20.0,20.0,CONSTANT,n_big_ask_t1,BIG_ORDERS,ES_24,390.0,100.0,
390,0.0,1.0,20.0,20.0,20.0,0.0,20.0,20.0,CONSTANT,n_big_bid_t1,BIG_ORDERS,ES_24,390.0,100.0,
390,0.0,1.0,20.0,20.0,20.0,0.0,20.0,20.0,CONSTANT,n_big_ask_t2,BIG_ORDERS,ES_24,390.0,100.0,
390,0.0,1.0,20.0,20.0,20.0,0.0,20.0,20.0,CONSTANT,n_big_bid_t2,BIG_ORDERS,ES_24,390.0,100.0,
390,0.0,20.0,1.0,20.0,10.3615,6.5592,20.0,1.0,OK,n_big_ask_t3,BIG_ORDERS,ES_24,,,
390,0.0,17.0,3.0,20.0,10.359,6.088,20.0,3.0,OK,n_big_bid_t3,BIG_ORDERS,ES_24,,,
390,0.0,3.0,0.0,8.0,0.1744,0.5369,1.0,0.0,OK,n_big_ask_t4,BIG_ORDERS,ES_24,61.0,15.64,
390,0.0,3.0,0.0,9.0,0.1769,0.5754,1.0,0.0,OK,n_big_bid_t4,BIG_ORDERS,ES_24,61.0,15.64,
390,0.0,39.0,0.0,43.0,21.0026,7.2688,37.0,0.0,OK,big_ask_cluster_20t,BIG_ORDERS,ES_24,,,
390,0.0,38.0,0.0,43.0,24.3718,5.7136,40.0,5.67,OK,big_bid_cluster_20t,BIG_ORDERS,ES_24,,,
390,0.0,44.0,0.0,48.0,22.5846,8.6742,43.22,0.0,OK,big_ask_cluster_50t,BIG_ORDERS,ES_24,,,
390,0.0,42.0,0.0,47.0,26.3308,7.0314,45.0,5.67,OK,big_bid_cluster_50t,BIG_ORDERS,ES_24,,,
390,0.0,20.0,0.0,19.0,8.7846,2.7687,17.11,0.0,OK,big_ask_cluster_20t_t1,BIG_ORDERS,ES_24,,,
390,0.0,20.0,0.0,20.0,10.3795,2.5713,19.0,2.89,OK,big_bid_cluster_20t_t1,BIG_ORDERS,ES_24,,,
390,0.0,20.0,0.0,19.0,8.7385,2.9898,17.11,0.0,OK,big_ask_cluster_20t_t2,BIG_ORDERS,ES_24,,,
390,0.0,20.0,0.0,19.0,10.4333,2.7779,18.0,1.89,OK,big_bid_cluster_20t_t2,BIG_ORDERS,ES_24,,,
390,0.0,13.0,0.0,14.0,3.4513,2.9938,10.0,0.0,OK,big_ask_cluster_20t_t3,BIG_ORDERS,ES_24,,,
390,0.0,12.0,0.0,11.0,3.4949,2.4991,10.0,0.0,OK,big_bid_cluster_20t_t3,BIG_ORDERS,ES_24,,,
390,0.0,3.0,0.0,4.0,0.0282,0.2415,1.0,0.0,OK,big_ask_cluster_20t_t4,BIG_ORDERS,ES_24,8.0,2.05,
390,0.0,3.0,0.0,4.0,0.0641,0.3017,1.0,0.0,OK,big_bid_cluster_20t_t4,BIG_ORDERS,ES_24,22.0,5.64,
390,0.77,3.0,0.0,2.0,0.0233,0.182,1.0,0.0,OK,dist_cluster_nearest_up,BIG_ORDERS,ES_24,7.0,1.79,
390,0.51,4.0,-4.0,-1.0,-1.0438,0.2702,-1.0,-2.13,OK,dist_cluster_nearest_dn,BIG_ORDERS,ES_24,0.0,0.0,
390,0.0,7.0,12.0,20.0,19.8846,0.6799,20.0,16.0,OK,n_clusters_20t,BIG_ORDERS,ES_24,,,
390,0.0,1.0,20.0,20.0,20.0,0.0,20.0,20.0,CONSTANT,n_clusters_50t,BIG_ORDERS,ES_24,390.0,100.0,
390,100.0,,,,,,,,ALL_NAN,dist_swing_high,SWING,ES_24,,,
390,100.0,,,,,,,,ALL_NAN,dist_swing_low,SWING,ES_24,,,
390,0.0,1.0,0.0,0.0,0.0,0.0,0.0,0.0,CONSTANT,swing_range_ticks,SWING,ES_24,0.0,0.0,
390,0.0,1.0,0.0,0.0,0.0,0.0,0.0,0.0,CONSTANT,price_vs_swing_mid,SWING,ES_24,0.0,0.0,
390,0.0,1.0,0.0,0.0,0.0,0.0,0.0,0.0,CONSTANT,new_swing_high,SWING,ES_24,0.0,0.0,
390,0.0,1.0,0.0,0.0,0.0,0.0,0.0,0.0,CONSTANT,new_swing_low,SWING,ES_24,0.0,0.0,
390,0.0,1.0,0.0,0.0,0.0,0.0,0.0,0.0,CONSTANT,open_type,SESSION_OPEN,ES_24,0.0,0.0,
390,0.0,1.0,1.0,1.0,1.0,0.0,1.0,1.0,CONSTANT,open_zone,SESSION_OPEN,ES_24,390.0,100.0,
390,0.0,1.0,0.0,0.0,0.0,0.0,0.0,0.0,CONSTANT,open_bias_conf,SESSION_OPEN,ES_24,0.0,0.0,
390,0.0,1.0,0.0,0.0,0.0,0.0,0.0,0.0,CONSTANT,open_direction,SESSION_OPEN,ES_24,0.0,0.0,
390,0.0,1.0,2.0,2.0,2.0,0.0,2.0,2.0,CONSTANT,day_type,SESSION_OPEN,ES_24,390.0,100.0,
390,0.0,1.0,0.0,0.0,0.0,0.0,0.0,0.0,CONSTANT,rule_80pct,SESSION_OPEN,ES_24,0.0,0.0,
390,0.0,1.0,0.0,0.0,0.0,0.0,0.0,0.0,CONSTANT,trend_day_probability,SESSION_OPEN,ES_24,0.0,0.0,
390,0.0,1.0,0.0,0.0,0.0,0.0,0.0,0.0,CONSTANT,ma_trend,SESSION_OPEN,ES_24,0.0,0.0,
390,0.0,135.0,-162.0,42.0,-89.5667,57.6782,37.11,-159.11,OK,dist_open_cash,SESSION_OPEN,ES_24,,,
390,100.0,,,,,,,,ALL_NAN,dist_open_830,SESSION_OPEN,ES_24,,,
390,100.0,,,,,,,,ALL_NAN,open_gap_ticks,SESSION_OPEN,ES_24,,,
390,0.0,1.0,0.0,0.0,0.0,0.0,0.0,0.0,CONSTANT,open_position,SESSION_OPEN,ES_24,0.0,0.0,
390,0.0,1.0,,,,,,,CONSTANT,session_id,SESSION_OPEN,ES_24,,,US
390,0.0,1.0,2.0,2.0,2.0,0.0,2.0,2.0,CONSTANT,session,SESSION_OPEN,ES_24,390.0,100.0,
390,0.0,2.0,0.0,1.0,0.1564,0.3637,1.0,0.0,OK,bool_session_early,SESSION_OPEN,ES_24,61.0,15.64,
390,100.0,,,,,,,,ALL_NAN,dist_sess_high,SESSION_OPEN,ES_24,,,
390,100.0,,,,,,,,ALL_NAN,dist_sess_low,SESSION_OPEN,ES_24,,,
390,0.0,1.0,0.0,0.0,0.0,0.0,0.0,0.0,CONSTANT,sess_range_ticks,SESSION_OPEN,ES_24,0.0,0.0,
390,100.0,,,,,,,,ALL_NAN,sess_range_atr,SESSION_OPEN,ES_24,,,
390,100.0,,,,,,,,ALL_NAN,dist_ovn_high,SESSION_OPEN,ES_24,,,
390,100.0,,,,,,,,ALL_NAN,dist_ovn_low,SESSION_OPEN,ES_24,,,
390,0.0,1.0,0.0,0.0,0.0,0.0,0.0,0.0,CONSTANT,ovn_range_ticks,SESSION_OPEN,ES_24,0.0,0.0,
390,0.0,1.0,0.0,0.0,0.0,0.0,0.0,0.0,CONSTANT,bool_above_cur_vpoc,BOOLS,ES_24,0.0,0.0,
390,0.0,1.0,0.0,0.0,0.0,0.0,0.0,0.0,CONSTANT,bool_above_prev_vpoc,BOOLS,ES_24,0.0,0.0,
390,0.0,1.0,0.0,0.0,0.0,0.0,0.0,0.0,CONSTANT,bool_above_vwap_d,BOOLS,ES_24,0.0,0.0,
390,0.0,1.0,0.0,0.0,0.0,0.0,0.0,0.0,CONSTANT,bool_above_vwap_w,BOOLS,ES_24,0.0,0.0,
390,0.0,1.0,0.0,0.0,0.0,0.0,0.0,0.0,CONSTANT,bool_above_vwap_m,BOOLS,ES_24,0.0,0.0,
390,0.0,2.0,0.0,1.0,0.0462,0.2101,1.0,0.0,OK,bool_near_level,BOOLS,ES_24,18.0,4.62,
390,0.0,1.0,0.0,0.0,0.0,0.0,0.0,0.0,CONSTANT,bool_va_confluence,BOOLS,ES_24,0.0,0.0,
390,43.33,28.0,1.0,32.0,7.0045,6.7194,28.8,1.0,OK,dist_session_hvn_above,HVN_LVN,ES_24,,,
390,13.08,44.0,1.0,63.0,10.7935,12.6296,57.62,1.0,OK,dist_session_hvn_below,HVN_LVN,ES_24,,,
390,2.56,66.0,1.0,96.0,19.1447,17.97,86.0,1.0,OK,dist_session_lvn_above,HVN_LVN,ES_24,,,
390,4.1,98.0,1.0,174.0,39.0615,34.1475,118.27,1.0,OK,dist_session_lvn_below,HVN_LVN,ES_24,,,
390,0.0,9.0,0.0,10.0,1.4615,3.0994,10.0,0.0,OK,session_hvn_count,HVN_LVN,ES_24,,,
390,0.0,9.0,0.0,10.0,1.6846,3.4952,10.0,0.0,OK,session_lvn_count,HVN_LVN,ES_24,,,
390,0.0,1.0,0.0,0.0,0.0,0.0,0.0,0.0,CONSTANT,lvn_between,HVN_LVN,ES_24,0.0,0.0,
390,0.0,1.0,0.0,0.0,0.0,0.0,0.0,0.0,CONSTANT,hvn_between,HVN_LVN,ES_24,0.0,0.0,
390,0.0,6.0,0.0,5.0,0.5308,1.2575,5.0,0.0,OK,lvn_confluence_count,HVN_LVN,ES_24,,,
390,0.0,1.0,0.0,0.0,0.0,0.0,0.0,0.0,CONSTANT,retest_high_count,RETEST,ES_24,0.0,0.0,
390,0.0,1.0,0.0,0.0,0.0,0.0,0.0,0.0,CONSTANT,retest_low_count,RETEST,ES_24,0.0,0.0,
390,0.0,1.0,0.0,0.0,0.0,0.0,0.0,0.0,CONSTANT,retest_high_delta_div,RETEST,ES_24,0.0,0.0,
390,0.0,1.0,0.0,0.0,0.0,0.0,0.0,0.0,CONSTANT,retest_low_delta_div,RETEST,ES_24,0.0,0.0,
390,100.0,,,,,,,,ALL_NAN,bars_since_retest_high,RETEST,ES_24,,,
390,100.0,,,,,,,,ALL_NAN,bars_since_retest_low,RETEST,ES_24,,,
390,0.0,385.0,0.2505,9.4707,1.07,0.862,4.9072,0.3819,OK,rvol,RVOL,ES_24,,,
390,0.0,389.0,-2.4779,4.3188,-0.0017,1.0956,3.7586,-1.6987,OK,rvol_zscore,RVOL,ES_24,,,
390,0.0,2.0,0.0,1.0,0.0179,0.1329,1.0,0.0,OK,rvol_buy,RVOL,ES_24,7.0,1.79,
390,0.0,2.0,0.0,1.0,0.0205,0.1419,1.0,0.0,OK,rvol_sell,RVOL,ES_24,8.0,2.05,
390,0.0,2.0,0.0,1.0,0.0179,0.1329,1.0,0.0,OK,rvol_absorb_buy,RVOL,ES_24,7.0,1.79,
390,0.0,2.0,0.0,1.0,0.0128,0.1126,1.0,0.0,OK,rvol_absorb_sell,RVOL,ES_24,5.0,1.28,
390,0.0,45.0,71.48,71.99,71.8113,0.1443,71.99,71.49,OK,atr,MISC,ES_24,,,
390,0.0,1.0,0.0,0.0,0.0,0.0,0.0,0.0,CONSTANT,atr_14m,MISC,ES_24,0.0,0.0,
390,100.0,,,,,,,,ALL_NAN,range_pos,MISC,ES_24,,,
390,100.0,,,,,,,,ALL_NAN,range_size_ticks,MISC,ES_24,,,
390,0.0,40.0,-5.25,15.75,0.0821,1.7219,4.0275,-3.7775,OK,momentum_3b,MISC,ES_24,,,
390,0.0,48.0,-6.25,15.0,0.166,2.3137,5.58,-5.75,OK,momentum_5b,MISC,ES_24,,,
390,0.0,233.0,-651.0,372.0,-4.1308,110.055,285.32,-294.88,OK,finish_strength,MISC,ES_24,,,
390,0.0,278.0,27154.25,27452.0,27354.784,80.5632,27449.8875,27175.92,OK,price,OHLCV_PRIMITIVES,NQ_24,,,
390,0.0,283.0,27161.25,27462.5,27361.7955,77.9645,27453.305,27185.445,OK,bar_high,OHLCV_PRIMITIVES,NQ_24,,,
390,0.0,295.0,27130.25,27449.25,27347.4423,83.685,27444.055,27161.3925,OK,bar_low,OHLCV_PRIMITIVES,NQ_24,,,
390,0.0,340.0,185.0,9728.0,952.8308,867.8326,4132.42,275.78,OK,total_vol,OHLCV_PRIMITIVES,NQ_24,,,
390,0.0,299.0,81.0,4560.0,474.5026,445.2878,2345.81,119.12,OK,buy_vol,OHLCV_PRIMITIVES,NQ_24,,,
390,0.0,301.0,104.0,5168.0,478.3282,439.2927,1699.27,138.45,OK,sell_vol,OHLCV_PRIMITIVES,NQ_24,,,
390,0.0,256.0,-934.0,1613.0,-3.8256,171.4205,431.6,-446.72,OK,delta_bar,DELTA_VOLUME_PROFILE,NQ_24,,,
390,0.0,375.0,-0.3991,0.4211,-0.0139,0.1353,0.2781,-0.2923,OK,delta_bar_vol_norm,DELTA_VOLUME_PROFILE,NQ_24,,,
390,0.0,374.0,-6467.0,307.0,-2964.2231,1936.3922,217.19,-6239.76,OK,delta_day,DELTA_VOLUME_PROFILE,NQ_24,,,
390,0.0,2.0,-1.0,1.0,-0.8974,0.4417,1.0,-1.0,OK,delta_day_dir,DELTA_VOLUME_PROFILE,NQ_24,20.0,5.13,
390,0.0,359.0,0.3004,0.7105,0.4931,0.0676,0.6391,0.3539,OK,ask_pct,DELTA_VOLUME_PROFILE,NQ_24,,,
390,0.0,359.0,0.2895,0.6996,0.5069,0.0676,0.6461,0.3609,OK,bid_pct,DELTA_VOLUME_PROFILE,NQ_24,,,
390,0.0,375.0,-0.3991,0.4211,-0.0139,0.1353,0.2781,-0.2923,OK,ask_bid_imbalance,DELTA_VOLUME_PROFILE,NQ_24,,,
390,0.0,359.0,0.3004,0.7105,0.4931,0.0676,0.6391,0.3539,OK,buy_sell_ratio,DELTA_VOLUME_PROFILE,NQ_24,,,
390,0.0,375.0,-0.3991,0.4211,-0.0139,0.1353,0.2781,-0.2923,OK,delta_pct,DELTA_VOLUME_PROFILE,NQ_24,,,
390,0.0,328.0,181.0,8756.0,873.6128,789.9689,3658.78,265.34,OK,ticks_count,DELTA_VOLUME_PROFILE,NQ_24,,,
390,0.0,19.0,0.0,1.0,0.9057,0.2616,1.0,0.0,OK,finish_delta_pct,DELTA_VOLUME_PROFILE,NQ_24,,,
390,0.0,22.0,-3.0,51.0,3.3769,3.9973,16.11,-2.11,OK,high_pullback_delta,DELTA_VOLUME_PROFILE,NQ_24,,,
390,0.0,25.0,-6.0,32.0,3.4564,3.9563,17.11,-2.0,OK,low_pullback_delta,DELTA_VOLUME_PROFILE,NQ_24,,,
390,0.0,212.0,14.0,2037.0,148.3462,154.8796,641.67,21.56,OK,diag_pos_delta,DELTA_VOLUME_PROFILE,NQ_24,,,
390,0.0,213.0,12.0,1278.0,152.1385,129.4907,615.8,17.89,OK,diag_neg_delta,DELTA_VOLUME_PROFILE,NQ_24,,,
390,0.0,376.0,-0.8134,0.8955,-0.0394,0.3906,0.7825,-0.7539,OK,diag_imbalance,DELTA_VOLUME_PROFILE,NQ_24,,,
390,0.0,18.0,0.0,1.0,0.933,0.21,1.0,0.0,OK,low_bid_vol_pct,DELTA_VOLUME_PROFILE,NQ_24,,,
390,0.0,24.0,0.0,1.0,0.9349,0.2031,1.0,0.0,OK,high_ask_vol_pct,DELTA_VOLUME_PROFILE,NQ_24,,,
390,0.0,387.0,7.9178,164.8814,16.7059,9.4546,37.9064,8.5622,OK,avg_trade_size,DELTA_VOLUME_PROFILE,NQ_24,,,
390,0.0,377.0,4.1935,90.6667,9.1933,5.1857,21.2322,4.6523,OK,avg_bid_size,DELTA_VOLUME_PROFILE,NQ_24,,,
390,0.0,370.0,4.0577,78.6207,8.9843,4.687,18.7404,4.5575,OK,avg_ask_size,DELTA_VOLUME_PROFILE,NQ_24,,,
390,0.0,375.0,0.5067,2.2608,1.0023,0.2347,1.6203,0.6011,OK,large_trader_ratio,DELTA_VOLUME_PROFILE,NQ_24,,,
390,0.0,351.0,3.0833,162.1333,15.8971,14.4582,68.8736,4.6658,OK,vol_per_sec,DELTA_VOLUME_PROFILE,NQ_24,,,
390,0.0,4.0,57.0,60.0,59.8949,0.3389,60.0,59.0,OK,bar_duration_sec,DELTA_VOLUME_PROFILE,NQ_24,390.0,100.0,
390,0.0,256.0,-934.0,1613.0,-3.8256,171.4205,431.6,-446.72,OK,cvd_bar_delta,DELTA_VOLUME_PROFILE,NQ_24,,,
390,0.0,368.0,-6467.0,-2901.0,-4446.2231,929.6249,-2938.89,-6254.0,OK,cvd_day,DELTA_VOLUME_PROFILE,NQ_24,,,
390,0.0,1.0,-1.0,-1.0,-1.0,0.0,-1.0,-1.0,CONSTANT,cvd_day_dir,DELTA_VOLUME_PROFILE,NQ_24,0.0,0.0,
390,0.0,1.0,0.0,0.0,0.0,0.0,0.0,0.0,CONSTANT,cvd_ohlc_range,DELTA_VOLUME_PROFILE,NQ_24,0.0,0.0,
390,0.0,1.0,0.0,0.0,0.0,0.0,0.0,0.0,CONSTANT,rotation_up,DELTA_VOLUME_PROFILE,NQ_24,0.0,0.0,
390,0.0,1.0,0.0,0.0,0.0,0.0,0.0,0.0,CONSTANT,rotation_dn,DELTA_VOLUME_PROFILE,NQ_24,0.0,0.0,
390,0.0,138.0,-57.25,68.25,0.3192,10.3898,28.0225,-23.1925,OK,rotation_zz_osc,DELTA_VOLUME_PROFILE,NQ_24,,,
390,0.0,1.0,0.0,0.0,0.0,0.0,0.0,0.0,CONSTANT,delta_divergence,DELTA_VOLUME_PROFILE,NQ_24,0.0,0.0,
390,100.0,,,,,,,,ALL_NAN,dist_vwap_d,VWAP_SD,NQ_24,,,
390,100.0,,,,,,,,ALL_NAN,dist_vwap_d_atr,VWAP_SD,NQ_24,,,
390,100.0,,,,,,,,ALL_NAN,dist_vwap_d_sd1u,VWAP_SD,NQ_24,,,
390,100.0,,,,,,,,ALL_NAN,dist_vwap_d_sd1d,VWAP_SD,NQ_24,,,
390,100.0,,,,,,,,ALL_NAN,dist_vwap_d_sd2u,VWAP_SD,NQ_24,,,
390,100.0,,,,,,,,ALL_NAN,dist_vwap_d_sd2d,VWAP_SD,NQ_24,,,
390,100.0,,,,,,,,ALL_NAN,dist_vwap_d_sd3u,VWAP_SD,NQ_24,,,
390,100.0,,,,,,,,ALL_NAN,dist_vwap_d_sd3d,VWAP_SD,NQ_24,,,
390,100.0,,,,,,,,ALL_NAN,dist_vwap_w,VWAP_SD,NQ_24,,,
390,100.0,,,,,,,,ALL_NAN,dist_vwap_w_atr,VWAP_SD,NQ_24,,,
390,100.0,,,,,,,,ALL_NAN,dist_vwap_m,VWAP_SD,NQ_24,,,
390,100.0,,,,,,,,ALL_NAN,dist_vwap_m_atr,VWAP_SD,NQ_24,,,
390,0.0,1.0,0.0,0.0,0.0,0.0,0.0,0.0,CONSTANT,vwap_d_side,VWAP_SD,NQ_24,0.0,0.0,
390,0.0,1.0,0.0,0.0,0.0,0.0,0.0,0.0,CONSTANT,vwap_w_side,VWAP_SD,NQ_24,0.0,0.0,
390,0.0,1.0,0.0,0.0,0.0,0.0,0.0,0.0,CONSTANT,vwap_m_side,VWAP_SD,NQ_24,0.0,0.0,
390,0.0,1.0,0.0,0.0,0.0,0.0,0.0,0.0,CONSTANT,vwap_slope_10,VWAP_SD,NQ_24,0.0,0.0,
390,0.0,1.0,0.0,0.0,0.0,0.0,0.0,0.0,CONSTANT,vwap_slope_30,VWAP_SD,NQ_24,0.0,0.0,
390,0.0,1.0,0.0,0.0,0.0,0.0,0.0,0.0,CONSTANT,vwap_slope_10_dir,VWAP_SD,NQ_24,0.0,0.0,
390,0.0,1.0,0.0,0.0,0.0,0.0,0.0,0.0,CONSTANT,vwap_ma_align,VWAP_SD,NQ_24,0.0,0.0,
390,0.0,1.0,-1.0,-1.0,-1.0,0.0,-1.0,-1.0,CONSTANT,vwap_triple_align,VWAP_SD,NQ_24,0.0,0.0,
390,100.0,,,,,,,,ALL_NAN,dist_prev_vwap,VWAP_SD,NQ_24,,,
390,100.0,,,,,,,,ALL_NAN,dist_prev_vwap_sd1u,VWAP_SD,NQ_24,,,
390,100.0,,,,,,,,ALL_NAN,dist_prev_vwap_sd1d,VWAP_SD,NQ_24,,,
390,0.0,278.0,-739.0,423.0,-355.559,312.9728,348.76,-730.55,OK,dist_ib_high,IB,NQ_24,,,
390,0.0,275.0,-1287.0,-33.0,-886.3872,344.5162,-96.79,-1278.55,OK,dist_ib_low,IB,NQ_24,,,
390,0.0,11.0,188.0,548.0,530.8282,61.951,548.0,269.84,OK,ib_range_ticks,IB,NQ_24,,,
390,0.0,159.0,0.691,2.0165,1.9402,0.2248,2.0154,0.9908,OK,ib_range_atr,IB,NQ_24,,,
390,0.0,1.0,0.0,0.0,0.0,0.0,0.0,0.0,CONSTANT,ib_is_narrow,IB,NQ_24,0.0,0.0,
390,0.0,2.0,0.0,1.0,0.9923,0.0875,1.0,1.0,OK,ib_is_wide,IB,NQ_24,387.0,99.23,
390,94.62,20.0,0.3358,0.9945,0.7105,0.2215,0.9901,0.3362,HIGH_NAN,ib_position_pct,IB,NQ_24,,,
390,0.0,2.0,0.0,1.0,0.7897,0.408,1.0,0.0,OK,ib_broken_up,IB,NQ_24,308.0,78.97,
390,0.0,1.0,0.0,0.0,0.0,0.0,0.0,0.0,CONSTANT,ib_broken_down,IB,NQ_24,0.0,0.0,
390,0.0,2.0,0.0,1.0,0.8436,0.3637,1.0,0.0,OK,ib_complete,IB,NQ_24,329.0,84.36,
390,0.0,2.0,0.0,1.0,0.2103,0.408,1.0,0.0,OK,bool_ib_inside,IB,NQ_24,82.0,21.03,
390,100.0,,,,,,,,ALL_NAN,dist_cur_vpoc,PROFILE_VPOC,NQ_24,,,
390,100.0,,,,,,,,ALL_NAN,dist_cur_vah,PROFILE_VPOC,NQ_24,,,
390,100.0,,,,,,,,ALL_NAN,dist_cur_val,PROFILE_VPOC,NQ_24,,,
390,100.0,,,,,,,,ALL_NAN,dist_cur_vwap_vp,PROFILE_VPOC,NQ_24,,,
390,100.0,,,,,,,,ALL_NAN,va_position_pct,PROFILE_VPOC,NQ_24,,,
390,0.0,1.0,0.0,0.0,0.0,0.0,0.0,0.0,CONSTANT,inside_cur_va,PROFILE_VPOC,NQ_24,0.0,0.0,
390,0.0,1.0,0.0,0.0,0.0,0.0,0.0,0.0,CONSTANT,vah_touches_20b,PROFILE_VPOC,NQ_24,0.0,0.0,
390,0.0,1.0,0.0,0.0,0.0,0.0,0.0,0.0,CONSTANT,val_touches_20b,PROFILE_VPOC,NQ_24,0.0,0.0,
390,0.0,1.0,0.0,0.0,0.0,0.0,0.0,0.0,CONSTANT,bars_in_va,PROFILE_VPOC,NQ_24,0.0,0.0,
390,0.0,60.0,0.0,159.0,14.3179,17.3061,83.22,0.0,OK,poc_bar_dist,PROFILE_VPOC,NQ_24,,,
390,100.0,,,,,,,,ALL_NAN,dist_prev_vpoc,PROFILE_VPOC,NQ_24,,,
390,100.0,,,,,,,,ALL_NAN,dist_prev_vpoc_atr,PROFILE_VPOC,NQ_24,,,
390,100.0,,,,,,,,ALL_NAN,dist_prev_vah,PROFILE_VPOC,NQ_24,,,
390,100.0,,,,,,,,ALL_NAN,dist_prev_val,PROFILE_VPOC,NQ_24,,,
390,0.0,1.0,0.0,0.0,0.0,0.0,0.0,0.0,CONSTANT,inside_prev_va,PROFILE_VPOC,NQ_24,0.0,0.0,
390,0.0,1.0,0.0,0.0,0.0,0.0,0.0,0.0,CONSTANT,open_in_prev_va,PROFILE_VPOC,NQ_24,0.0,0.0,
390,100.0,,,,,,,,ALL_NAN,dist_comp_20d_vpoc,PROFILE_VPOC,NQ_24,,,
390,100.0,,,,,,,,ALL_NAN,dist_comp_20d_vpoc_atr,PROFILE_VPOC,NQ_24,,,
390,100.0,,,,,,,,ALL_NAN,dist_comp_20d_vah,PROFILE_VPOC,NQ_24,,,
390,100.0,,,,,,,,ALL_NAN,dist_comp_20d_val,PROFILE_VPOC,NQ_24,,,
390,100.0,,,,,,,,ALL_NAN,dist_comp_20d_vwap,PROFILE_VPOC,NQ_24,,,
390,100.0,,,,,,,,ALL_NAN,dist_comp_50d_vpoc,PROFILE_VPOC,NQ_24,,,
390,100.0,,,,,,,,ALL_NAN,dist_comp_50d_vpoc_atr,PROFILE_VPOC,NQ_24,,,
390,100.0,,,,,,,,ALL_NAN,dist_comp_50d_vah,PROFILE_VPOC,NQ_24,,,
390,100.0,,,,,,,,ALL_NAN,dist_comp_50d_val,PROFILE_VPOC,NQ_24,,,
390,100.0,,,,,,,,ALL_NAN,dist_comp_50d_vwap,PROFILE_VPOC,NQ_24,,,
390,0.0,1.0,0.0,0.0,0.0,0.0,0.0,0.0,CONSTANT,inside_comp_20d_va,PROFILE_VPOC,NQ_24,0.0,0.0,
390,0.0,1.0,0.0,0.0,0.0,0.0,0.0,0.0,CONSTANT,inside_comp_50d_va,PROFILE_VPOC,NQ_24,0.0,0.0,
390,0.0,1.0,0.0,0.0,0.0,0.0,0.0,0.0,CONSTANT,comp_vpoc_align_20_50,PROFILE_VPOC,NQ_24,0.0,0.0,
390,0.0,1.0,0.0,0.0,0.0,0.0,0.0,0.0,CONSTANT,comp_vpoc_align_day_20,PROFILE_VPOC,NQ_24,0.0,0.0,
390,0.0,2.0,0.0,3.0,2.8846,0.5777,3.0,0.0,OK,profile_shape,PROFILE_VPOC,NQ_24,375.0,96.15,
390,0.0,78.0,-0.1724,0.2225,0.0136,0.1013,0.2225,-0.1724,OK,profile_skew,PROFILE_VPOC,NQ_24,,,
390,0.0,14.0,0.3249,0.8533,0.4532,0.152,0.8533,0.3249,OK,poc_position,PROFILE_VPOC,NQ_24,,,
390,0.0,77.0,0.4272,2.4351,0.9843,0.3749,2.4351,0.4272,OK,volume_imbalance,PROFILE_VPOC,NQ_24,,,
390,0.0,2.0,0.0,1.0,0.9615,0.1926,1.0,0.0,OK,is_double_dist,PROFILE_VPOC,NQ_24,375.0,96.15,
390,0.0,6.0,0.0,140.0,32.2051,16.5822,140.0,0.0,OK,poc_separation_ticks,PROFILE_VPOC,NQ_24,,,
390,0.0,13.0,27022.75,27416.0,27207.6094,189.031,27416.0,27022.75,OK,single_print_mid,PROFILE_VPOC,NQ_24,,,
390,0.0,42.0,5.0,268.0,131.5513,89.2345,268.0,5.0,OK,single_print_count,PROFILE_VPOC,NQ_24,,,
390,0.0,4.0,26925.0,27420.0,27150.9615,244.383,27420.0,26925.0,OK,profile_hvn_dominant,PROFILE_VPOC,NQ_24,390.0,100.0,
390,100.0,,,,,,,,ALL_NAN,dist_mq_call,MENTHORQ,NQ_24,,,
390,100.0,,,,,,,,ALL_NAN,dist_mq_put,MENTHORQ,NQ_24,,,
390,100.0,,,,,,,,ALL_NAN,dist_mq_hvl,MENTHORQ,NQ_24,,,
390,100.0,,,,,,,,ALL_NAN,dist_mq_call_0dte,MENTHORQ,NQ_24,,,
390,100.0,,,,,,,,ALL_NAN,dist_mq_put_0dte,MENTHORQ,NQ_24,,,
390,100.0,,,,,,,,ALL_NAN,dist_mq_hvl_0dte,MENTHORQ,NQ_24,,,
390,100.0,,,,,,,,ALL_NAN,dist_gex_nearest_up,MENTHORQ,NQ_24,,,
390,100.0,,,,,,,,ALL_NAN,dist_gex_nearest_dn,MENTHORQ,NQ_24,,,
390,0.0,1.0,0.0,0.0,0.0,0.0,0.0,0.0,CONSTANT,gex_cluster_count,MENTHORQ,NQ_24,0.0,0.0,
390,100.0,,,,,,,,ALL_NAN,dist_blind_nearest_up,MENTHORQ,NQ_24,,,
390,100.0,,,,,,,,ALL_NAN,dist_blind_nearest_dn,MENTHORQ,NQ_24,,,
390,100.0,,,,,,,,ALL_NAN,next_wall_dist_ticks,MENTHORQ,NQ_24,,,
390,0.0,1.0,0.0,0.0,0.0,0.0,0.0,0.0,CONSTANT,next_wall_is_call,MENTHORQ,NQ_24,0.0,0.0,
390,100.0,,,,,,,,ALL_NAN,dist_1d_min_ticks,MENTHORQ,NQ_24,,,
390,100.0,,,,,,,,ALL_NAN,dist_1d_max_ticks,MENTHORQ,NQ_24,,,
390,0.0,1.0,0.0,0.0,0.0,0.0,0.0,0.0,CONSTANT,bool_above_mq_hvl,MENTHORQ,NQ_24,0.0,0.0,
390,0.0,1.0,0.0,0.0,0.0,0.0,0.0,0.0,CONSTANT,bool_above_mq_call,MENTHORQ,NQ_24,0.0,0.0,
390,0.0,1.0,0.0,0.0,0.0,0.0,0.0,0.0,CONSTANT,bool_gex_flip_zone,MENTHORQ,NQ_24,0.0,0.0,
390,0.0,1.0,0.0,0.0,0.0,0.0,0.0,0.0,CONSTANT,vix_level,VIX,NQ_24,0.0,0.0,
390,100.0,,,,,,,,ALL_NAN,dist_vix_hvl,VIX,NQ_24,,,
390,0.0,1.0,1.0,1.0,1.0,0.0,1.0,1.0,CONSTANT,vix_regime,VIX,NQ_24,390.0,100.0,
390,0.0,1.0,0.0,0.0,0.0,0.0,0.0,0.0,CONSTANT,vix_above_hvl,VIX,NQ_24,0.0,0.0,
390,100.0,,,,,,,,ALL_NAN,dist_vix_call,VIX,NQ_24,,,
390,100.0,,,,,,,,ALL_NAN,dist_vix_put,VIX,NQ_24,,,
390,100.0,,,,,,,,ALL_NAN,dist_vix_call_0dte,VIX,NQ_24,,,
390,100.0,,,,,,,,ALL_NAN,dist_vix_put_0dte,VIX,NQ_24,,,
390,100.0,,,,,,,,ALL_NAN,dist_vix_hvl_0dte,VIX,NQ_24,,,
390,0.0,1.0,0.0,0.0,0.0,0.0,0.0,0.0,CONSTANT,vix_above_hvl_0dte,VIX,NQ_24,0.0,0.0,
390,100.0,,,,,,,,ALL_NAN,dist_vix_gex_nearest_up,VIX,NQ_24,,,
390,100.0,,,,,,,,ALL_NAN,dist_vix_gex_nearest_dn,VIX,NQ_24,,,
390,0.0,1.0,0.0,0.0,0.0,0.0,0.0,0.0,CONSTANT,bn_color_up,BN_CRITICAL,NQ_24,0.0,0.0,
390,0.0,1.0,0.0,0.0,0.0,0.0,0.0,0.0,CONSTANT,bn_color_dn,BN_CRITICAL,NQ_24,0.0,0.0,
390,0.0,1.0,0.0,0.0,0.0,0.0,0.0,0.0,CONSTANT,bn_color_up_2,BN_CRITICAL,NQ_24,0.0,0.0,
390,0.0,1.0,0.0,0.0,0.0,0.0,0.0,0.0,CONSTANT,bn_color_dn_2,BN_CRITICAL,NQ_24,0.0,0.0,
390,0.0,1.0,0.0,0.0,0.0,0.0,0.0,0.0,CONSTANT,bn_absorb_ask,BN_CRITICAL,NQ_24,0.0,0.0,
390,0.0,1.0,0.0,0.0,0.0,0.0,0.0,0.0,CONSTANT,bn_absorb_bid,BN_CRITICAL,NQ_24,0.0,0.0,
390,0.0,1.0,0.0,0.0,0.0,0.0,0.0,0.0,CONSTANT,bn_long_up,BN_CRITICAL,NQ_24,0.0,0.0,
390,0.0,1.0,0.0,0.0,0.0,0.0,0.0,0.0,CONSTANT,bn_long_dn,BN_CRITICAL,NQ_24,0.0,0.0,
390,0.0,1.0,0.0,0.0,0.0,0.0,0.0,0.0,CONSTANT,bn_pressure_ask,BN_CRITICAL,NQ_24,0.0,0.0,
390,0.0,1.0,0.0,0.0,0.0,0.0,0.0,0.0,CONSTANT,bn_pressure_bid,BN_CRITICAL,NQ_24,0.0,0.0,
390,0.0,1.0,0.0,0.0,0.0,0.0,0.0,0.0,CONSTANT,bn_score_raw,BN_CRITICAL,NQ_24,0.0,0.0,
390,0.0,1.0,0.0,0.0,0.0,0.0,0.0,0.0,CONSTANT,bn_score_bull,BN_CRITICAL,NQ_24,0.0,0.0,
390,0.0,1.0,0.0,0.0,0.0,0.0,0.0,0.0,CONSTANT,bn_score_bear,BN_CRITICAL,NQ_24,0.0,0.0,
390,0.0,1.0,0.0,0.0,0.0,0.0,0.0,0.0,CONSTANT,bn_volume_up,BN_CRITICAL,NQ_24,0.0,0.0,
390,0.0,1.0,0.0,0.0,0.0,0.0,0.0,0.0,CONSTANT,bn_volume_dn,BN_CRITICAL,NQ_24,0.0,0.0,
390,0.0,1.0,0.0,0.0,0.0,0.0,0.0,0.0,CONSTANT,bar_color_up,BN_CRITICAL,NQ_24,0.0,0.0,
390,0.0,1.0,0.0,0.0,0.0,0.0,0.0,0.0,CONSTANT,bar_color_dn,BN_CRITICAL,NQ_24,0.0,0.0,
390,0.0,1.0,0.0,0.0,0.0,0.0,0.0,0.0,CONSTANT,bar_long_up_bar,BN_CRITICAL,NQ_24,0.0,0.0,
390,0.0,1.0,0.0,0.0,0.0,0.0,0.0,0.0,CONSTANT,bar_long_dn_bar,BN_CRITICAL,NQ_24,0.0,0.0,
390,0.0,1.0,0.0,0.0,0.0,0.0,0.0,0.0,CONSTANT,bar_long_dn_up,BN_CRITICAL,NQ_24,0.0,0.0,
390,0.0,1.0,0.0,0.0,0.0,0.0,0.0,0.0,CONSTANT,bar_long_up_dn,BN_CRITICAL,NQ_24,0.0,0.0,
390,0.0,1.0,0.0,0.0,0.0,0.0,0.0,0.0,CONSTANT,bar_edge_buy,BN_CRITICAL,NQ_24,0.0,0.0,
390,0.0,1.0,0.0,0.0,0.0,0.0,0.0,0.0,CONSTANT,bar_edge_sell,BN_CRITICAL,NQ_24,0.0,0.0,
390,0.0,1.0,0.0,0.0,0.0,0.0,0.0,0.0,CONSTANT,bar_pressure_ask,BN_CRITICAL,NQ_24,0.0,0.0,
390,0.0,1.0,0.0,0.0,0.0,0.0,0.0,0.0,CONSTANT,bar_pressure_bid,BN_CRITICAL,NQ_24,0.0,0.0,
390,100.0,,,,,,,,ALL_NAN,dist_ext_color_up,BN_CRITICAL,NQ_24,,,
390,100.0,,,,,,,,ALL_NAN,dist_ext_color_dn,BN_CRITICAL,NQ_24,,,
390,100.0,,,,,,,,ALL_NAN,dist_ext_long_up,BN_CRITICAL,NQ_24,,,
390,100.0,,,,,,,,ALL_NAN,dist_ext_long_dn,BN_CRITICAL,NQ_24,,,
390,100.0,,,,,,,,ALL_NAN,dist_ext_edge_buy,BN_CRITICAL,NQ_24,,,
390,100.0,,,,,,,,ALL_NAN,dist_ext_edge_sell,BN_CRITICAL,NQ_24,,,
390,0.0,1.0,0.0,0.0,0.0,0.0,0.0,0.0,CONSTANT,fp_edge_buy,BN_CRITICAL,NQ_24,0.0,0.0,
390,0.0,1.0,0.0,0.0,0.0,0.0,0.0,0.0,CONSTANT,fp_edge_sell,BN_CRITICAL,NQ_24,0.0,0.0,
390,0.26,4.0,0.0,4.0,0.054,0.3205,2.0,0.0,OK,dist_big_ask_nearest_up,BIG_ORDERS,NQ_24,14.0,3.59,
390,0.0,5.0,-9.0,-1.0,-1.0718,0.5269,-1.0,-3.0,OK,dist_big_ask_nearest_dn,BIG_ORDERS,NQ_24,0.0,0.0,
390,1.03,5.0,0.0,6.0,0.0751,0.4525,1.0,0.0,OK,dist_big_bid_nearest_up,BIG_ORDERS,NQ_24,19.0,4.87,
390,0.0,10.0,-14.0,-1.0,-1.2436,1.3603,-1.0,-9.33,OK,dist_big_bid_nearest_dn,BIG_ORDERS,NQ_24,,,
390,0.0,1.0,20.0,20.0,20.0,0.0,20.0,20.0,CONSTANT,n_big_ask_t1,BIG_ORDERS,NQ_24,390.0,100.0,
390,0.0,1.0,20.0,20.0,20.0,0.0,20.0,20.0,CONSTANT,n_big_bid_t1,BIG_ORDERS,NQ_24,390.0,100.0,
390,0.0,1.0,20.0,20.0,20.0,0.0,20.0,20.0,CONSTANT,n_big_ask_t2,BIG_ORDERS,NQ_24,390.0,100.0,
390,0.0,1.0,20.0,20.0,20.0,0.0,20.0,20.0,CONSTANT,n_big_bid_t2,BIG_ORDERS,NQ_24,390.0,100.0,
390,0.0,5.0,0.0,18.0,0.9692,1.1887,3.0,0.0,OK,n_big_ask_t3,BIG_ORDERS,NQ_24,259.0,66.41,
390,0.0,5.0,0.0,20.0,1.2821,1.4527,3.0,0.0,OK,n_big_bid_t3,BIG_ORDERS,NQ_24,270.0,69.23,
390,0.0,1.0,0.0,0.0,0.0,0.0,0.0,0.0,CONSTANT,n_big_ask_t4,BIG_ORDERS,NQ_24,0.0,0.0,
390,0.0,1.0,0.0,0.0,0.0,0.0,0.0,0.0,CONSTANT,n_big_bid_t4,BIG_ORDERS,NQ_24,0.0,0.0,
390,0.0,24.0,0.0,32.0,13.2,3.626,21.0,2.89,OK,big_ask_cluster_20t,BIG_ORDERS,NQ_24,,,
390,0.0,25.0,1.0,29.0,13.5487,3.5897,23.0,4.89,OK,big_bid_cluster_20t,BIG_ORDERS,NQ_24,,,
390,0.0,29.0,0.0,32.0,16.4359,4.9946,26.33,2.89,OK,big_ask_cluster_50t,BIG_ORDERS,NQ_24,,,
390,0.0,28.0,4.0,34.0,17.9359,4.3602,29.11,8.0,OK,big_bid_cluster_50t,BIG_ORDERS,NQ_24,,,
390,0.0,15.0,0.0,15.0,9.2718,1.46,12.0,2.89,OK,big_ask_cluster_20t_t1,BIG_ORDERS,NQ_24,,,
390,0.0,18.0,1.0,19.0,9.7436,1.688,17.0,4.89,OK,big_bid_cluster_20t_t1,BIG_ORDERS,NQ_24,,,
390,0.0,13.0,0.0,14.0,3.8128,2.8598,11.0,0.0,OK,big_ask_cluster_20t_t2,BIG_ORDERS,NQ_24,,,
390,0.0,15.0,0.0,14.0,3.7154,2.9273,12.0,0.0,OK,big_bid_cluster_20t_t2,BIG_ORDERS,NQ_24,,,
390,0.0,3.0,0.0,14.0,0.1154,0.7551,1.0,0.0,OK,big_ask_cluster_20t_t3,BIG_ORDERS,NQ_24,32.0,8.21,
390,0.0,3.0,0.0,8.0,0.0897,0.4752,1.0,0.0,OK,big_bid_cluster_20t_t3,BIG_ORDERS,NQ_24,28.0,7.18,
390,0.0,1.0,0.0,0.0,0.0,0.0,0.0,0.0,CONSTANT,big_ask_cluster_20t_t4,BIG_ORDERS,NQ_24,0.0,0.0,
390,0.0,1.0,0.0,0.0,0.0,0.0,0.0,0.0,CONSTANT,big_bid_cluster_20t_t4,BIG_ORDERS,NQ_24,0.0,0.0,
390,0.77,7.0,0.0,10.0,0.0904,0.6901,2.14,0.0,OK,dist_cluster_nearest_up,BIG_ORDERS,NQ_24,,,
390,0.0,6.0,-7.0,-1.0,-1.1,0.5344,-1.0,-4.0,OK,dist_cluster_nearest_dn,BIG_ORDERS,NQ_24,,,
390,0.0,9.0,6.0,20.0,19.8641,1.1106,20.0,13.89,OK,n_clusters_20t,BIG_ORDERS,NQ_24,,,
390,0.0,1.0,20.0,20.0,20.0,0.0,20.0,20.0,CONSTANT,n_clusters_50t,BIG_ORDERS,NQ_24,390.0,100.0,
390,100.0,,,,,,,,ALL_NAN,dist_swing_high,SWING,NQ_24,,,
390,100.0,,,,,,,,ALL_NAN,dist_swing_low,SWING,NQ_24,,,
390,0.0,1.0,0.0,0.0,0.0,0.0,0.0,0.0,CONSTANT,swing_range_ticks,SWING,NQ_24,0.0,0.0,
390,0.0,1.0,0.0,0.0,0.0,0.0,0.0,0.0,CONSTANT,price_vs_swing_mid,SWING,NQ_24,0.0,0.0,
390,0.0,1.0,0.0,0.0,0.0,0.0,0.0,0.0,CONSTANT,new_swing_high,SWING,NQ_24,0.0,0.0,
390,0.0,1.0,0.0,0.0,0.0,0.0,0.0,0.0,CONSTANT,new_swing_low,SWING,NQ_24,0.0,0.0,
390,0.0,1.0,0.0,0.0,0.0,0.0,0.0,0.0,CONSTANT,open_type,SESSION_OPEN,NQ_24,0.0,0.0,
390,0.0,1.0,1.0,1.0,1.0,0.0,1.0,1.0,CONSTANT,open_zone,SESSION_OPEN,NQ_24,390.0,100.0,
390,0.0,1.0,0.0,0.0,0.0,0.0,0.0,0.0,CONSTANT,open_bias_conf,SESSION_OPEN,NQ_24,0.0,0.0,
390,0.0,1.0,0.0,0.0,0.0,0.0,0.0,0.0,CONSTANT,open_direction,SESSION_OPEN,NQ_24,0.0,0.0,
390,0.0,1.0,2.0,2.0,2.0,0.0,2.0,2.0,CONSTANT,day_type,SESSION_OPEN,NQ_24,390.0,100.0,
390,0.0,1.0,0.0,0.0,0.0,0.0,0.0,0.0,CONSTANT,rule_80pct,SESSION_OPEN,NQ_24,0.0,0.0,
390,0.0,1.0,0.0,0.0,0.0,0.0,0.0,0.0,CONSTANT,trend_day_probability,SESSION_OPEN,NQ_24,0.0,0.0,
390,0.0,1.0,0.0,0.0,0.0,0.0,0.0,0.0,CONSTANT,ma_trend,SESSION_OPEN,NQ_24,0.0,0.0,
390,0.0,278.0,-1061.0,130.0,-672.1359,322.2527,43.32,-1052.55,OK,dist_open_cash,SESSION_OPEN,NQ_24,,,
390,100.0,,,,,,,,ALL_NAN,dist_open_830,SESSION_OPEN,NQ_24,,,
390,100.0,,,,,,,,ALL_NAN,open_gap_ticks,SESSION_OPEN,NQ_24,,,
390,0.0,1.0,0.0,0.0,0.0,0.0,0.0,0.0,CONSTANT,open_position,SESSION_OPEN,NQ_24,0.0,0.0,
390,0.0,1.0,,,,,,,CONSTANT,session_id,SESSION_OPEN,NQ_24,,,US
390,0.0,1.0,2.0,2.0,2.0,0.0,2.0,2.0,CONSTANT,session,SESSION_OPEN,NQ_24,390.0,100.0,
390,0.0,2.0,0.0,1.0,0.1564,0.3637,1.0,0.0,OK,bool_session_early,SESSION_OPEN,NQ_24,61.0,15.64,
390,100.0,,,,,,,,ALL_NAN,dist_sess_high,SESSION_OPEN,NQ_24,,,
390,100.0,,,,,,,,ALL_NAN,dist_sess_low,SESSION_OPEN,NQ_24,,,
390,0.0,1.0,0.0,0.0,0.0,0.0,0.0,0.0,CONSTANT,sess_range_ticks,SESSION_OPEN,NQ_24,0.0,0.0,
390,100.0,,,,,,,,ALL_NAN,sess_range_atr,SESSION_OPEN,NQ_24,,,
390,100.0,,,,,,,,ALL_NAN,dist_ovn_high,SESSION_OPEN,NQ_24,,,
390,100.0,,,,,,,,ALL_NAN,dist_ovn_low,SESSION_OPEN,NQ_24,,,
390,0.0,1.0,0.0,0.0,0.0,0.0,0.0,0.0,CONSTANT,ovn_range_ticks,SESSION_OPEN,NQ_24,0.0,0.0,
390,0.0,1.0,0.0,0.0,0.0,0.0,0.0,0.0,CONSTANT,bool_above_cur_vpoc,BOOLS,NQ_24,0.0,0.0,
390,0.0,1.0,0.0,0.0,0.0,0.0,0.0,0.0,CONSTANT,bool_above_prev_vpoc,BOOLS,NQ_24,0.0,0.0,
390,0.0,1.0,0.0,0.0,0.0,0.0,0.0,0.0,CONSTANT,bool_above_vwap_d,BOOLS,NQ_24,0.0,0.0,
390,0.0,1.0,0.0,0.0,0.0,0.0,0.0,0.0,CONSTANT,bool_above_vwap_w,BOOLS,NQ_24,0.0,0.0,
390,0.0,1.0,0.0,0.0,0.0,0.0,0.0,0.0,CONSTANT,bool_above_vwap_m,BOOLS,NQ_24,0.0,0.0,
390,0.0,2.0,0.0,1.0,0.0026,0.0506,0.0,0.0,OK,bool_near_level,BOOLS,NQ_24,1.0,0.26,
390,0.0,1.0,0.0,0.0,0.0,0.0,0.0,0.0,CONSTANT,bool_va_confluence,BOOLS,NQ_24,0.0,0.0,
390,42.56,83.0,1.0,191.0,31.0402,37.0201,170.54,1.0,OK,dist_session_hvn_above,HVN_LVN,NQ_24,,,
390,23.33,117.0,1.0,257.0,50.9164,61.3033,241.02,1.0,OK,dist_session_hvn_below,HVN_LVN,NQ_24,,,
390,10.0,158.0,1.0,376.0,74.1994,78.3952,361.0,1.0,OK,dist_session_lvn_above,HVN_LVN,NQ_24,,,
390,8.21,217.0,1.0,862.0,165.2179,175.3911,640.44,1.0,OK,dist_session_lvn_below,HVN_LVN,NQ_24,,,
390,0.0,9.0,0.0,10.0,1.4923,3.2668,10.0,0.0,OK,session_hvn_count,HVN_LVN,NQ_24,,,
390,0.0,8.0,0.0,10.0,1.1949,2.8767,10.0,0.0,OK,session_lvn_count,HVN_LVN,NQ_24,,,
390,0.0,1.0,0.0,0.0,0.0,0.0,0.0,0.0,CONSTANT,lvn_between,HVN_LVN,NQ_24,0.0,0.0,
390,0.0,1.0,0.0,0.0,0.0,0.0,0.0,0.0,CONSTANT,hvn_between,HVN_LVN,NQ_24,0.0,0.0,
390,0.0,6.0,0.0,5.0,0.4256,1.0676,5.0,0.0,OK,lvn_confluence_count,HVN_LVN,NQ_24,,,
390,0.0,1.0,0.0,0.0,0.0,0.0,0.0,0.0,CONSTANT,retest_high_count,RETEST,NQ_24,0.0,0.0,
390,0.0,1.0,0.0,0.0,0.0,0.0,0.0,0.0,CONSTANT,retest_low_count,RETEST,NQ_24,0.0,0.0,
390,0.0,1.0,0.0,0.0,0.0,0.0,0.0,0.0,CONSTANT,retest_high_delta_div,RETEST,NQ_24,0.0,0.0,
390,0.0,1.0,0.0,0.0,0.0,0.0,0.0,0.0,CONSTANT,retest_low_delta_div,RETEST,NQ_24,0.0,0.0,
390,100.0,,,,,,,,ALL_NAN,bars_since_retest_high,RETEST,NQ_24,,,
390,100.0,,,,,,,,ALL_NAN,bars_since_retest_low,RETEST,NQ_24,,,
390,0.0,382.0,0.3034,8.7208,1.051,0.755,4.8665,0.4086,OK,rvol,RVOL,NQ_24,,,
390,0.0,386.0,-2.0616,4.3211,-0.0288,1.0733,3.637,-1.7057,OK,rvol_zscore,RVOL,NQ_24,,,
390,0.0,2.0,0.0,1.0,0.0154,0.1232,1.0,0.0,OK,rvol_buy,RVOL,NQ_24,6.0,1.54,
390,0.0,2.0,0.0,1.0,0.0103,0.1009,0.11,0.0,OK,rvol_sell,RVOL,NQ_24,4.0,1.03,
390,0.0,2.0,0.0,1.0,0.0103,0.1009,0.11,0.0,OK,rvol_absorb_buy,RVOL,NQ_24,4.0,1.03,
390,0.0,2.0,0.0,1.0,0.0077,0.0875,0.0,0.0,OK,rvol_absorb_sell,RVOL,NQ_24,3.0,0.77,
390,0.0,160.0,271.54,274.52,273.5474,0.8058,274.5011,271.7567,OK,atr,MISC,NQ_24,,,
390,0.0,1.0,0.0,0.0,0.0,0.0,0.0,0.0,CONSTANT,atr_14m,MISC,NQ_24,0.0,0.0,
390,100.0,,,,,,,,ALL_NAN,range_pos,MISC,NQ_24,,,
390,100.0,,,,,,,,ALL_NAN,range_size_ticks,MISC,NQ_24,,,
390,0.0,130.0,-25.0,61.25,0.575,9.2838,25.2775,-23.055,OK,momentum_3b,MISC,NQ_24,,,
390,0.0,156.0,-47.75,56.25,1.0987,12.6418,37.9425,-35.25,OK,momentum_5b,MISC,NQ_24,,,
390,0.0,170.0,-181.0,240.0,1.3846,50.2036,143.54,-119.11,OK,finish_strength,MISC,NQ_24,,,
